Date,Cocoa,Crude Oil,Cotton,Gold,Copper,Coffee,Natural Gas,Sugar,Silver,Corn,Oats,Rice,Soybeans,Wheat
2016-07-29,2835.0,41.599998474121094,74.16000366210938,1349.0,2.2204999923706055,146.1999969482422,2.875999927520752,19.049999237060547,20.312000274658203,334.5,200.5,9.9399995803833,1032.5,407.75
2016-08-01,2926.0,40.060001373291016,74.16999816894531,1351.4000244140625,2.196500062942505,143.4499969482422,2.7709999084472656,18.809999465942383,20.46500015258789,325.75,199.75,9.6850004196167,996.0,406.0
2016-08-02,2896.0,39.5099983215332,73.66999816894531,1364.4000244140625,2.2065000534057617,141.25,2.7330000400543213,19.049999237060547,20.666000366210938,324.25,195.5,9.5649995803833,985.25,401.25
2016-08-03,2993.0,40.83000183105469,73.83999633789062,1356.0999755859375,2.196000099182129,140.39999389648438,2.8389999866485596,19.040000915527344,20.43600082397461,325.0,196.25,9.545000076293945,990.5,410.25
2016-08-04,2991.0,41.93000030517578,75.86000061035156,1358.800048828125,2.1740000247955322,142.10000610351562,2.8340001106262207,19.700000762939453,20.4060001373291,320.75,185.0,9.324999809265137,990.5,403.25
2016-08-05,3021.0,41.79999923706055,76.63999938964844,1336.4000244140625,2.1530001163482666,142.5,2.7720000743865967,20.350000381469727,19.780000686645508,324.25,178.75,9.305000305175781,1003.75,416.0
2016-08-08,3031.0,43.02000045776367,76.05999755859375,1333.4000244140625,2.1640000343322754,141.10000610351562,2.747999906539917,20.549999237060547,19.76799964904785,325.25,176.5,9.65999984741211,1018.75,417.0
2016-08-09,2976.0,42.77000045776367,73.05999755859375,1339.0,2.1494998931884766,141.10000610351562,2.615000009536743,20.389999389648438,19.81399917602539,322.25,175.25,9.699999809265137,1022.0,417.0
2016-08-10,3020.0,41.709999084472656,71.16000366210938,1344.300048828125,2.1705000400543213,138.64999389648438,2.561000108718872,19.639999389648438,20.134000778198242,322.5,172.0,9.520000457763672,1017.0,421.75
2016-08-11,3002.0,43.4900016784668,71.2699966430664,1342.5,2.190000057220459,137.6999969482422,2.5510001182556152,19.600000381469727,19.983999252319336,321.0,169.0,9.3149995803833,1022.25,416.25
2016-08-12,2993.0,44.4900016784668,69.87999725341797,1335.800048828125,2.140500068664551,136.85000610351562,2.5859999656677246,19.709999084472656,19.672000885009766,322.25,167.0,9.654999732971191,1003.25,422.5
2016-08-15,3030.0,45.7400016784668,68.08999633789062,1340.300048828125,2.1514999866485596,136.9499969482422,2.5899999141693115,19.979999542236328,19.820999145507812,326.5,172.0,10.244999885559082,1023.75,422.0
2016-08-16,3041.0,46.58000183105469,68.01000213623047,1350.5,2.171999931335449,137.39999389648438,2.617000102996826,20.260000228881836,19.847999572753906,327.5,172.5,10.4350004196167,1019.5,423.5
2016-08-17,3055.0,46.790000915527344,68.36000061035156,1342.699951171875,2.1519999504089355,135.0500030517578,2.61899995803833,19.719999313354492,19.62700080871582,330.25,170.5,10.225000381469727,1030.5,426.0
2016-08-18,3109.0,48.220001220703125,68.5,1351.199951171875,2.1670000553131104,138.14999389648438,2.6740000247955322,19.979999542236328,19.719999313354492,332.0,170.0,10.220000267028809,1032.25,427.0
2016-08-19,3095.0,48.52000045776367,67.56999969482422,1340.4000244140625,2.1665000915527344,138.8000030517578,2.5840001106262207,19.770000457763672,19.301000595092773,334.25,169.75,10.255000114440918,1027.0,427.0
2016-08-22,2983.0,47.04999923706055,67.91999816894531,1337.699951171875,2.140000104904175,144.10000610351562,2.678999900817871,20.420000076293945,18.843000411987305,333.25,172.25,10.475000381469727,1035.25,415.25
2016-08-23,3039.0,48.099998474121094,68.12000274658203,1340.5999755859375,2.115000009536743,145.3000030517578,2.760999917984009,20.729999542236328,18.90999984741211,328.5,171.5,10.305000305175781,1034.25,407.75
2016-08-24,3015.0,46.77000045776367,67.41000366210938,1324.4000244140625,2.0759999752044678,142.14999389648438,2.7960000038146973,20.219999313354492,18.545000076293945,327.5,169.25,10.079999923706055,1030.75,404.0
2016-08-25,3025.0,47.33000183105469,67.75,1320.0999755859375,2.075500011444092,143.5,2.8459999561309814,20.549999237060547,18.47800064086914,323.5,172.75,9.78499984741211,998.25,401.25
2016-08-26,3012.0,47.63999938964844,67.70999908447266,1321.5,2.075000047683716,143.89999389648438,2.871000051498413,20.610000610351562,18.645000457763672,316.25,169.0,9.729999542236328,990.75,383.5
2016-08-29,2945.0,46.97999954223633,66.69000244140625,1322.9000244140625,2.072499990463257,144.0,2.8529999256134033,20.670000076293945,18.761999130249023,311.75,162.0,9.470000267028809,983.25,370.5
2016-08-30,2913.0,46.349998474121094,65.97000122070312,1311.699951171875,2.069000005722046,144.75,2.8269999027252197,20.520000457763672,18.57699966430664,304.0,161.75,9.279999732971191,965.5,363.25
2016-08-31,2921.0,44.70000076293945,65.31999969482422,1306.9000244140625,2.069499969482422,145.89999389648438,2.88700008392334,20.059999465942383,18.621999740600586,301.5,161.0,9.194999694824219,960.0,361.0
2016-09-01,2920.0,43.15999984741211,68.01000213623047,1312.199951171875,2.06850004196167,150.10000610351562,2.7920000553131104,19.59000015258789,18.85700035095215,311.0,166.25,9.204999923706055,959.0,368.25
2016-09-02,2923.0,44.439998626708984,67.51000213623047,1322.0999755859375,2.071500062942505,150.10000610351562,2.7920000553131104,20.18000030517578,19.275999069213867,316.5,161.0,9.5600004196167,968.5,373.25
2016-09-06,2948.0,44.83000183105469,69.05999755859375,1349.4000244140625,2.0840001106262207,152.4499969482422,2.7170000076293945,20.219999313354492,20.048999786376953,316.75,158.5,9.385000228881836,974.25,371.0
2016-09-07,2934.0,45.5,69.52999877929688,1344.300048828125,2.0929999351501465,153.85000610351562,2.6760001182556152,20.290000915527344,19.759000778198242,321.0,163.75,9.335000038146973,991.75,375.25
2016-09-08,2898.0,47.619998931884766,69.25,1336.800048828125,2.0959999561309814,153.6999969482422,2.805999994277954,20.219999313354492,19.590999603271484,327.0,165.0,9.305000305175781,992.0,377.0
2016-09-09,2794.0,45.880001068115234,68.87999725341797,1330.0999755859375,2.0885000228881836,149.9499969482422,2.796999931335449,19.989999771118164,19.281999588012695,330.0,164.25,9.289999961853027,997.25,376.0
2016-09-12,2830.0,46.290000915527344,66.97000122070312,1321.0,2.0959999561309814,149.6999969482422,2.9149999618530273,20.239999771118164,18.915000915527344,329.25,162.0,9.505000114440918,984.5,383.25
2016-09-13,2822.0,44.900001525878906,67.19999694824219,1319.0,2.0954999923706055,147.35000610351562,2.9089999198913574,20.43000030517578,18.889999389648438,319.25,163.75,9.380000114440918,968.25,374.75
2016-09-14,2849.0,43.58000183105469,68.08000183105469,1321.5,2.1480000019073486,147.8000030517578,2.8889999389648438,20.1299991607666,18.98200035095215,322.25,166.5,9.579999923706055,972.0,376.75
2016-09-15,2872.0,43.90999984741211,68.37999725341797,1313.5,2.1519999504089355,147.60000610351562,2.927000045776367,20.479999542236328,18.958999633789062,330.0,173.0,9.789999961853027,950.5,399.5
2016-09-16,2803.0,43.029998779296875,67.73999786376953,1305.800048828125,2.1514999866485596,147.10000610351562,2.947999954223633,21.780000686645508,18.7810001373291,337.0,175.75,9.8149995803833,966.0,403.25
2016-09-19,2872.0,43.29999923706055,68.9800033569336,1313.5,2.1489999294281006,151.5,2.934000015258789,22.100000381469727,19.20599937438965,337.25,173.0,9.760000228881836,972.5,404.0
2016-09-20,2866.0,43.439998626708984,70.81999969482422,1313.699951171875,2.1554999351501465,155.5,3.046999931335449,22.1299991607666,19.19499969482422,340.5,175.0,9.895000457763672,989.75,406.0
2016-09-21,2877.0,45.34000015258789,71.80999755859375,1326.9000244140625,2.1449999809265137,156.5500030517578,3.056999921798706,22.200000762939453,19.68600082397461,340.0,176.25,9.675000190734863,975.5,407.75
2016-09-22,2920.0,46.31999969482422,71.16999816894531,1340.4000244140625,2.1875,155.25,2.990000009536743,22.170000076293945,20.020000457763672,336.75,177.25,9.65999984741211,976.5,405.5
2016-09-23,2852.0,44.47999954223633,69.08000183105469,1337.199951171875,2.192500114440918,151.39999389648438,2.9549999237060547,22.1299991607666,19.732999801635742,336.5,177.0,9.649999618530273,955.0,404.75
2016-09-26,2845.0,45.93000030517578,69.16000366210938,1339.699951171875,2.190000057220459,153.5500030517578,2.996999979019165,22.540000915527344,19.516000747680664,329.0,173.25,9.675000190734863,945.25,396.0
2016-09-27,2868.0,44.66999816894531,69.38999938964844,1325.9000244140625,2.1614999771118164,153.6999969482422,2.996000051498413,23.020000457763672,19.086999893188477,331.75,174.5,9.779999732971191,952.5,404.0
2016-09-28,2825.0,47.04999923706055,68.12999725341797,1319.4000244140625,2.179500102996826,153.10000610351562,2.9519999027252197,23.270000457763672,19.04400062561035,329.25,174.0,9.739999771118164,945.5,403.25
2016-09-29,2728.0,47.83000183105469,67.94999694824219,1321.699951171875,2.180999994277954,150.14999389648438,2.9590001106262207,22.760000228881836,19.114999771118164,329.25,176.0,9.770000457763672,950.25,399.0
2016-09-30,2761.0,48.2400016784668,68.29000091552734,1313.300048828125,2.2019999027252197,151.5500030517578,2.9059998989105225,22.530000686645508,19.138999938964844,336.75,178.25,9.885000228881836,954.0,402.0
2016-10-03,2793.0,48.810001373291016,68.7300033569336,1309.0,2.183500051498413,147.5500030517578,2.9230000972747803,22.670000076293945,18.795000076293945,346.0,183.0,10.0649995803833,973.0,395.5
2016-10-04,2815.0,48.689998626708984,69.87999725341797,1266.300048828125,2.1584999561309814,147.4499969482422,2.9639999866485596,23.260000228881836,17.71299934387207,348.25,181.25,10.095000267028809,963.5,395.5
2016-10-05,2836.0,49.83000183105469,68.02999877929688,1265.199951171875,2.1559998989105225,148.1999969482422,3.0409998893737793,23.809999465942383,17.634000778198242,347.75,184.0,10.039999961853027,956.75,405.0
2016-10-06,2787.0,50.439998626708984,67.70999908447266,1249.800048828125,2.1480000019073486,146.39999389648438,3.0490000247955322,23.110000610351562,17.288000106811523,340.5,187.75,10.109999656677246,958.5,395.75
2016-10-07,2785.0,49.810001373291016,67.19000244140625,1248.9000244140625,2.1565001010894775,148.0,3.193000078201294,23.420000076293945,17.323999404907227,339.75,190.75,10.095000267028809,956.75,394.75
2016-10-11,2665.0,50.790000915527344,67.13999938964844,1253.0,2.178499937057495,150.8000030517578,3.236999988555908,23.290000915527344,17.45599937438965,345.5,199.0,10.395000457763672,954.25,407.25
2016-10-12,2643.0,50.18000030517578,68.97000122070312,1251.0999755859375,2.1695001125335693,152.10000610351562,3.2100000381469727,23.149999618530273,17.454999923706055,337.0,198.0,10.180000305175781,945.5,396.75
2016-10-13,2696.0,50.439998626708984,69.30999755859375,1255.0,2.115000009536743,152.6999969482422,3.3410000801086426,22.920000076293945,17.40999984741211,349.5,195.75,10.229999542236328,956.25,416.0
2016-10-14,2718.0,50.349998474121094,70.56999969482422,1253.0999755859375,2.1034998893737793,155.39999389648438,3.2850000858306885,22.90999984741211,17.39299964904785,354.25,198.75,10.15999984741211,962.5,421.0
2016-10-17,2690.0,49.939998626708984,71.19000244140625,1254.4000244140625,2.0994999408721924,157.10000610351562,3.24399995803833,23.15999984741211,17.426000595092773,354.0,200.0,10.404999732971191,978.25,423.75
2016-10-18,2698.0,50.290000915527344,71.1500015258789,1260.800048828125,2.0980000495910645,158.75,3.263000011444092,23.020000457763672,17.590999603271484,353.75,203.75,10.420000076293945,972.5,420.0
2016-10-19,2724.0,51.599998474121094,71.0999984741211,1267.9000244140625,2.0969998836517334,157.85000610351562,3.1700000762939453,22.950000762939453,17.615999221801758,357.5,209.0,10.404999732971191,981.5,420.25
2016-10-20,2717.0,50.43000030517578,69.80000305175781,1265.5999755859375,2.0905001163482666,155.89999389648438,3.1410000324249268,22.6200008392334,17.50200080871582,351.0,210.5,10.324999809265137,975.5,417.0
2016-10-21,2725.0,50.849998474121094,69.06999969482422,1265.9000244140625,2.0834999084472656,156.10000610351562,2.993000030517578,22.709999084472656,17.447999954223633,352.5,218.25,10.289999961853027,983.0,414.5
2016-10-24,2705.0,50.52000045776367,68.7699966430664,1262.0,2.0875000953674316,157.89999389648438,2.8310000896453857,23.200000762939453,17.562000274658203,348.25,213.25,9.850000381469727,992.0,402.5
2016-10-25,2735.0,49.959999084472656,68.48999786376953,1271.9000244140625,2.132499933242798,164.5,2.7739999294281006,22.93000030517578,17.736000061035156,349.25,212.0,9.835000038146973,990.75,404.25
2016-10-26,2769.0,49.18000030517578,69.26000213623047,1264.800048828125,2.1394999027252197,163.6999969482422,2.7309999465942383,22.670000076293945,17.584999084472656,354.0,215.0,9.994999885559082,1010.0,411.5
2016-10-27,2732.0,49.720001220703125,69.76000213623047,1267.9000244140625,2.1654999256134033,164.8000030517578,2.7639999389648438,22.59000015258789,17.604000091552734,357.5,232.0,10.145000457763672,1014.25,414.5
2016-10-28,2756.0,48.70000076293945,70.81999969482422,1275.5,2.188499927520752,165.5,3.1050000190734863,22.15999984741211,17.761999130249023,355.0,223.75,9.869999885559082,1001.25,408.5
2016-10-31,2735.0,46.86000061035156,68.86000061035156,1271.5,2.200500011444092,164.14999389648438,3.0260000228881836,21.56999969482422,17.761999130249023,354.75,220.5,9.854999542236328,1002.25,416.25
2016-11-01,2696.0,46.66999816894531,68.19999694824219,1286.4000244140625,2.2244999408721924,161.4499969482422,2.9019999504089355,21.190000534057617,18.385000228881836,349.0,219.5,9.604999542236328,984.25,414.25
2016-11-02,2709.0,45.34000015258789,68.5999984741211,1306.800048828125,2.2260000705718994,162.89999389648438,2.7920000553131104,21.700000762939453,18.65999984741211,346.25,224.5,9.444999694824219,976.75,417.75
2016-11-03,2705.0,44.65999984741211,68.06999969482422,1302.0999755859375,2.244499921798706,165.64999389648438,2.7690000534057617,21.479999542236328,18.382999420166016,348.0,222.0,9.545000076293945,979.75,412.0
2016-11-04,2581.0,44.06999969482422,68.52999877929688,1303.300048828125,2.260999917984009,171.35000610351562,2.7669999599456787,21.729999542236328,18.341999053955078,348.75,228.25,9.640000343322754,981.5,414.25
2016-11-07,2491.0,44.88999938964844,68.44999694824219,1278.300048828125,2.30649995803833,174.35000610351562,2.815999984741211,22.270000457763672,18.124000549316406,346.25,228.0,9.579999923706055,989.25,410.0
2016-11-08,2501.0,44.97999954223633,68.75,1273.4000244140625,2.378999948501587,167.5,2.632999897003174,21.969999313354492,18.329999923706055,354.25,225.75,9.515000343322754,1001.75,415.25
2016-11-09,2474.0,45.27000045776367,68.29000091552734,1272.5999755859375,2.4590001106262207,170.10000610351562,2.690000057220459,22.110000610351562,18.35700035095215,340.75,222.5,9.470000267028809,982.0,406.75
2016-11-10,2450.0,44.65999984741211,69.19999694824219,1265.5,2.549499988555908,161.85000610351562,2.631999969482422,21.649999618530273,18.715999603271484,343.5,220.75,9.59000015258789,989.0,404.75
2016-11-14,2392.0,43.31999969482422,68.9000015258789,1221.199951171875,2.5185000896453857,161.8000030517578,2.749000072479248,21.6299991607666,16.87700080871582,337.25,227.75,9.125,971.0,394.0
2016-11-15,2378.0,45.810001373291016,70.69000244140625,1224.0,2.502000093460083,161.8000030517578,2.7090001106262207,21.149999618530273,17.02899932861328,341.5,233.0,9.390000343322754,989.5,399.0
2016-11-16,2412.0,45.56999969482422,72.12999725341797,1223.4000244140625,2.4649999141693115,161.25,2.7639999389648438,20.360000610351562,16.913999557495117,338.5,233.5,9.694999694824219,985.75,397.0
2016-11-17,2426.0,45.41999816894531,73.37999725341797,1216.5,2.487499952316284,159.3000030517578,2.703000068664551,20.219999313354492,16.76099967956543,342.0,235.0,9.510000228881836,989.5,403.0
2016-11-18,2432.0,45.689998626708984,73.4000015258789,1208.5,2.4639999866485596,157.85000610351562,2.8429999351501465,20.149999618530273,16.613000869750977,345.5,232.5,9.635000228881836,993.75,408.0
2016-11-21,2438.0,47.4900016784668,73.5999984741211,1209.5999755859375,2.512500047683716,158.64999389648438,2.950000047683716,20.350000381469727,16.511999130249023,349.75,224.75,9.8100004196167,1020.25,410.25
2016-11-22,2439.0,48.029998779296875,73.72000122070312,1211.0,2.5425000190734863,157.25,2.9820001125335693,19.75,16.62299919128418,351.0,221.5,9.5600004196167,1030.0,407.25
2016-11-23,2438.0,47.959999084472656,73.08000183105469,1189.0999755859375,2.6059999465942383,154.64999389648438,3.0260000228881836,19.579999923706055,16.382999420166016,350.75,216.75,9.53499984741211,1034.25,401.5
2016-11-25,2419.0,46.060001373291016,72.6500015258789,1178.199951171875,2.6670000553131104,152.3000030517578,3.0850000381469727,19.84000015258789,16.464000701904297,349.25,209.0,9.625,1046.0,395.75
2016-11-28,2403.0,47.08000183105469,73.2699966430664,1190.5999755859375,2.6559998989105225,153.0,3.2320001125335693,19.940000534057617,16.577999114990234,348.5,202.25,9.585000038146973,1056.0,389.5
2016-11-29,2405.0,45.22999954223633,72.37999725341797,1187.9000244140625,2.5950000286102295,149.89999389648438,3.315000057220459,19.65999984741211,16.660999298095703,336.75,198.5,9.53499984741211,1042.5,384.0
2016-11-30,2387.0,49.439998626708984,72.45999908447266,1170.800048828125,2.621500015258789,147.5,3.3519999980926514,19.809999465942383,16.4060001373291,336.75,199.25,9.704999923706055,1032.25,380.5
2016-12-01,2397.0,51.060001373291016,71.80000305175781,1166.9000244140625,2.631500005722046,141.8000030517578,3.505000114440918,19.360000610351562,16.427000045776367,331.75,200.25,9.720000267028809,1029.75,371.5
2016-12-02,2388.0,51.68000030517578,71.9800033569336,1175.0999755859375,2.615000009536743,141.1999969482422,3.436000108718872,19.1200008392334,16.753000259399414,337.5,200.25,9.625,1027.5,387.5
2016-12-05,2356.0,51.790000915527344,72.30999755859375,1174.0,2.688999891281128,140.1999969482422,3.6540000438690186,18.940000534057617,16.823999404907227,349.5,199.25,9.984999656677246,1043.5,389.25
2016-12-06,2347.0,50.93000030517578,72.38999938964844,1167.5999755859375,2.671999931335449,137.9499969482422,3.634999990463257,19.510000228881836,16.739999771118164,351.0,209.5,9.960000038146973,1047.75,389.5
2016-12-07,2283.0,49.77000045776367,72.11000061035156,1175.0,2.63700008392334,137.89999389648438,3.6029999256134033,19.6299991607666,17.202999114990234,350.5,213.5,9.930000305175781,1049.0,386.25
2016-12-08,2262.0,50.84000015258789,71.41999816894531,1169.800048828125,2.619999885559082,137.60000610351562,3.694999933242798,19.450000762939453,17.024999618530273,346.5,214.0,9.770000457763672,1027.0,390.75
2016-12-09,2163.0,51.5,70.80000305175781,1159.4000244140625,2.6419999599456787,135.5500030517578,3.746000051498413,19.239999771118164,16.89699935913086,352.5,214.0,9.920000076293945,1037.5,400.25
2016-12-12,2233.0,52.83000183105469,71.69000244140625,1163.5,2.61299991607666,138.0500030517578,3.506999969482422,19.25,17.115999221801758,354.5,215.75,9.854999542236328,1031.0,401.25
2016-12-13,2282.0,52.97999954223633,72.04000091552734,1156.699951171875,2.5929999351501465,138.89999389648438,3.4739999771118164,18.600000381469727,16.910999298095703,356.25,218.25,9.78499984741211,1028.0,398.0
2016-12-14,2308.0,51.040000915527344,71.47000122070312,1161.300048828125,2.5999999046325684,140.25,3.5399999618530273,18.030000686645508,17.152000427246094,351.75,216.0,9.704999923706055,1023.75,391.5
2016-12-15,2242.0,50.900001525878906,71.66999816894531,1127.800048828125,2.5959999561309814,138.3000030517578,3.434000015258789,18.559999465942383,15.897000312805176,356.5,225.25,9.46500015258789,1029.0,409.25
2016-12-16,2238.0,51.900001525878906,71.04000091552734,1135.300048828125,2.561000108718872,138.1999969482422,3.4149999618530273,18.219999313354492,16.152999877929688,356.25,224.0,9.479999542236328,1036.75,409.25
2016-12-19,2303.0,52.119998931884766,69.56999969482422,1140.5,2.496500015258789,141.1999969482422,3.3919999599456787,18.229999542236328,16.025999069213867,353.25,225.5,9.475000381469727,1021.5,405.0
2016-12-20,2256.0,52.22999954223633,69.33999633789062,1131.5,2.499500036239624,143.85000610351562,3.263000011444092,18.25,16.054000854492188,350.25,223.75,9.460000038146973,1005.25,403.25
2016-12-21,2279.0,52.4900016784668,70.12999725341797,1131.0999755859375,2.491499900817871,144.5500030517578,3.5420000553131104,18.200000762939453,15.918000221252441,347.25,223.25,9.364999771118164,1006.75,399.5
2016-12-22,2189.0,52.95000076293945,70.19999694824219,1128.800048828125,2.494499921798706,139.10000610351562,3.5380001068115234,18.15999984741211,15.8149995803833,347.25,218.0,9.28499984741211,994.5,397.0
2016-12-23,2264.0,53.02000045776367,69.87000274658203,1131.9000244140625,2.4725000858306885,136.14999389648438,3.6619999408721924,18.149999618530273,15.704000473022461,345.75,218.5,9.210000038146973,989.0,393.5
2016-12-27,2237.0,53.900001525878906,69.73999786376953,1137.300048828125,2.507999897003174,134.1999969482422,3.760999917984009,18.540000915527344,15.928999900817871,355.0,228.5,9.300000190734863,1014.75,409.5
2016-12-28,2205.0,54.060001373291016,69.75,1139.4000244140625,2.494999885559082,133.5,3.930000066757202,18.989999771118164,15.98799991607666,348.25,227.75,9.25,1006.75,401.5
2016-12-29,2165.0,53.77000045776367,70.5,1156.4000244140625,2.4790000915527344,135.4499969482422,3.802000045776367,19.489999771118164,16.163000106811523,349.75,226.5,9.239999771118164,1003.25,404.75
2016-12-30,2126.0,53.720001220703125,70.6500015258789,1150.0,2.497499942779541,137.0500030517578,3.7239999771118164,19.510000228881836,15.935999870300293,352.0,228.5,9.354999542236328,996.5,408.0
2017-01-03,2166.0,52.33000183105469,71.77999877929688,1160.4000244140625,2.4809999465942383,137.39999389648438,3.3269999027252197,20.510000228881836,16.356000900268555,355.75,235.5,9.364999771118164,986.75,406.5
2017-01-04,2237.0,53.2599983215332,74.08000183105469,1163.800048828125,2.5480000972747803,141.8000030517578,3.2669999599456787,20.889999389648438,16.499000549316406,359.75,237.75,9.494999885559082,1006.25,418.5
2017-01-05,2262.0,53.7599983215332,73.77999877929688,1179.699951171875,2.5295000076293945,143.75,3.2730000019073486,20.780000686645508,16.583999633789062,361.25,236.5,9.510000228881836,1003.5,426.25
2017-01-06,2261.0,53.9900016784668,73.98999786376953,1171.9000244140625,2.5380001068115234,142.85000610351562,3.2850000858306885,20.75,16.465999603271484,358.0,228.0,9.4399995803833,986.0,423.25
2017-01-09,2184.0,51.959999084472656,72.98999786376953,1183.5,2.5299999713897705,144.1999969482422,3.1029999256134033,20.420000076293945,16.6299991607666,360.0,225.5,9.460000038146973,996.5,427.25
2017-01-10,2207.0,50.81999969482422,73.19000244140625,1184.199951171875,2.6034998893737793,147.6999969482422,3.2780001163482666,20.479999542236328,16.80299949645996,358.25,226.5,9.454999923706055,1005.5,426.75
2017-01-11,2127.0,52.25,73.13999938964844,1195.5999755859375,2.6010000705718994,149.0,3.2239999771118164,20.559999465942383,16.783000946044922,357.25,231.75,9.390000343322754,1003.0,418.75
2017-01-12,2230.0,53.0099983215332,72.33999633789062,1198.9000244140625,2.6605000495910645,149.60000610351562,3.385999917984009,20.760000228881836,16.780000686645508,358.25,235.75,9.770000457763672,1032.0,426.25
2017-01-13,2213.0,52.369998931884766,72.2699966430664,1195.300048828125,2.680500030517578,149.3000030517578,3.4189999103546143,20.520000457763672,16.719999313354492,358.5,242.5,9.649999618530273,1042.5,426.0
2017-01-17,2235.0,52.47999954223633,72.11000061035156,1212.0,2.616499900817871,149.89999389648438,3.4119999408721924,20.729999542236328,17.101999282836914,365.5,249.25,9.949999809265137,1069.25,433.5
2017-01-18,2233.0,51.08000183105469,72.26000213623047,1211.300048828125,2.6080000400543213,149.1999969482422,3.302000045776367,20.979999542236328,17.235000610351562,365.0,257.0,9.920000076293945,1075.0,431.0
2017-01-19,2164.0,51.369998931884766,72.69000244140625,1200.9000244140625,2.6015000343322754,150.75,3.368000030517578,20.18000030517578,16.966999053955078,366.25,258.0,9.835000038146973,1070.25,423.5
2017-01-20,2140.0,52.41999816894531,73.04000091552734,1204.300048828125,2.617000102996826,153.1999969482422,3.2039999961853027,20.18000030517578,16.996999740600586,369.75,262.75,9.819999694824219,1067.5,428.25
2017-01-23,2165.0,52.75,74.62999725341797,1215.0,2.6394999027252197,155.39999389648438,3.243000030517578,20.639999389648438,17.149999618530273,369.5,260.0,9.800000190734863,1057.75,433.25
2017-01-24,2201.0,53.18000030517578,73.56999969482422,1210.300048828125,2.700500011444092,152.35000610351562,3.2790000438690186,20.579999923706055,17.14900016784668,363.25,256.75,9.930000305175781,1058.5,426.75
2017-01-25,2192.0,52.75,73.87999725341797,1197.300048828125,2.702500104904175,152.89999389648438,3.3320000171661377,20.34000015258789,16.944000244140625,366.25,260.0,9.84000015258789,1055.25,424.5
2017-01-26,2132.0,53.779998779296875,74.19000244140625,1189.5,2.6659998893737793,151.4499969482422,3.381999969482422,20.360000610351562,16.81399917602539,363.75,255.25,9.75,1049.5,427.0
2017-01-27,2095.0,53.16999816894531,74.8499984741211,1188.0999755859375,2.680000066757202,152.39999389648438,3.3910000324249268,20.329999923706055,17.100000381469727,362.5,253.25,9.8100004196167,1049.25,420.5
2017-01-30,2078.0,52.630001068115234,74.13999938964844,1193.199951171875,2.6475000381469727,151.14999389648438,3.2320001125335693,20.309999465942383,17.121999740600586,357.75,243.75,9.765000343322754,1022.75,414.0
2017-01-31,2103.0,52.810001373291016,74.94000244140625,1208.5999755859375,2.7214999198913574,149.5500030517578,3.117000102996826,20.450000762939453,17.511999130249023,359.75,244.25,9.53499984741211,1024.5,420.75
2017-02-01,2109.0,53.880001068115234,76.44000244140625,1205.5999755859375,2.7044999599456787,150.14999389648438,3.1679999828338623,20.84000015258789,17.420000076293945,368.25,250.75,9.529999732971191,1036.75,433.75
2017-02-02,2084.0,53.540000915527344,76.91000366210938,1216.699951171875,2.677999973297119,145.9499969482422,3.187000036239624,20.549999237060547,17.402000427246094,367.5,255.0,9.53499984741211,1037.25,434.5
2017-02-03,2072.0,53.83000183105469,76.41000366210938,1218.5,2.609499931335449,146.25,3.062999963760376,21.110000610351562,17.452999114990234,365.25,258.75,9.545000076293945,1027.0,430.25
2017-02-06,2047.0,53.0099983215332,75.62999725341797,1230.0,2.6454999446868896,144.1999969482422,3.049999952316284,21.18000030517578,17.66699981689453,363.75,261.25,9.484999656677246,1036.0,422.5
2017-02-07,2005.0,52.16999816894531,75.08999633789062,1234.199951171875,2.625999927520752,142.60000610351562,3.130000114440918,20.719999313354492,17.732999801635742,368.5,257.5,9.425000190734863,1042.75,430.75
2017-02-08,1993.0,52.34000015258789,75.25,1237.5999755859375,2.6605000495910645,142.89999389648438,3.125999927520752,20.760000228881836,17.683000564575195,370.75,254.0,9.555000305175781,1058.75,432.5
2017-02-09,1974.0,53.0,75.58000183105469,1235.0999755859375,2.6480000019073486,145.1999969482422,3.1410000324249268,20.649999618530273,17.719999313354492,369.5,254.5,9.475000381469727,1050.5,443.5
2017-02-10,1939.0,53.86000061035156,75.81999969482422,1234.4000244140625,2.76200008392334,145.75,3.0339999198913574,20.420000076293945,17.91200065612793,374.5,254.5,9.5649995803833,1059.0,449.0
2017-02-13,1889.0,52.93000030517578,76.61000061035156,1224.4000244140625,2.7764999866485596,144.25,2.944000005722046,20.0,17.804000854492188,375.5,254.75,9.484999656677246,1054.25,452.25
2017-02-14,1929.0,53.20000076293945,76.31999969482422,1223.9000244140625,2.7309999465942383,143.64999389648438,2.9049999713897705,20.469999313354492,17.871999740600586,374.25,254.0,9.4350004196167,1045.0,449.5
2017-02-15,2022.0,53.11000061035156,75.70999908447266,1231.699951171875,2.7360000610351562,144.5,2.924999952316284,20.479999542236328,17.94700050354004,378.75,250.5,9.390000343322754,1061.25,454.75
2017-02-16,2072.0,53.36000061035156,75.01000213623047,1240.0,2.7160000801086426,146.3000030517578,2.8540000915527344,20.360000610351562,18.062999725341797,373.5,255.75,9.34000015258789,1043.75,447.75
2017-02-17,2034.0,53.400001525878906,73.4800033569336,1237.5999755859375,2.7054998874664307,147.8000030517578,2.8340001106262207,20.299999237060547,18.018999099731445,368.25,256.75,9.335000038146973,1032.5,441.0
2017-02-21,2030.0,54.060001373291016,73.5199966430664,1237.5,2.745500087738037,150.35000610351562,2.563999891281128,20.799999237060547,17.989999771118164,369.25,252.5,9.430000305175781,1026.25,436.0
2017-02-22,2028.0,53.59000015258789,74.13999938964844,1232.0,2.7325000762939453,149.1999969482422,2.5920000076293945,20.709999084472656,17.941999435424805,371.0,253.0,9.460000038146973,1022.75,441.25
2017-02-23,2067.0,54.45000076293945,75.0199966430664,1250.199951171875,2.6424999237060547,147.85000610351562,2.617000102996826,20.15999984741211,18.113000869750977,365.5,253.25,9.470000267028809,1011.5,438.0
2017-02-24,2028.0,53.9900016784668,75.41999816894531,1256.9000244140625,2.680000066757202,144.39999389648438,2.627000093460083,19.799999237060547,18.334999084472656,364.0,251.75,9.425000190734863,1013.5,431.25
2017-02-27,2016.0,54.04999923706055,74.97000122070312,1257.4000244140625,2.6875,139.10000610351562,2.693000078201294,19.09000015258789,18.354000091552734,360.25,249.5,9.354999542236328,1011.0,418.75
2017-02-28,1943.0,54.0099983215332,75.33000183105469,1252.5999755859375,2.7039999961853027,140.6999969482422,2.7739999294281006,19.309999465942383,18.420000076293945,366.75,258.0,9.28499984741211,1025.0,424.75
2017-03-01,1931.0,53.83000183105469,76.8499984741211,1248.9000244140625,2.7265000343322754,142.64999389648438,2.7990000247955322,19.479999542236328,18.44300079345703,375.75,260.75,9.380000114440918,1041.25,435.5
2017-03-02,1962.0,52.61000061035156,75.69000244140625,1231.9000244140625,2.679500102996826,142.1999969482422,2.803999900817871,19.65999984741211,17.704999923706055,372.75,257.25,9.354999542236328,1026.75,432.0
2017-03-03,1989.0,53.33000183105469,77.27999877929688,1225.5,2.687000036239624,141.25,2.8269999027252197,19.520000457763672,17.69700050354004,374.75,260.5,9.324999809265137,1027.0,433.75
2017-03-06,1968.0,53.20000076293945,78.38999938964844,1224.5,2.6429998874664307,139.64999389648438,2.9010000228881836,19.149999618530273,17.725000381469727,372.75,264.0,9.324999809265137,1026.75,438.25
2017-03-07,1950.0,53.13999938964844,77.27999877929688,1215.0999755859375,2.609499931335449,139.0,2.8239998817443848,18.399999618530273,17.492000579833984,369.5,265.5,9.274999618530273,1014.75,436.0
2017-03-08,1945.0,50.279998779296875,76.9000015258789,1208.5,2.5920000076293945,140.0500030517578,2.9010000228881836,18.399999618530273,17.256999969482422,365.25,267.25,9.385000228881836,1011.0,427.5
2017-03-09,1931.0,49.279998779296875,76.62999725341797,1202.4000244140625,2.569999933242798,138.75,2.9739999771118164,18.0,16.993000030517578,359.75,264.0,9.46500015258789,1000.25,426.0
2017-03-10,1967.0,48.4900016784668,77.29000091552734,1200.699951171875,2.5864999294281006,139.64999389648438,3.007999897003174,18.219999313354492,16.882999420166016,358.0,269.75,9.46500015258789,996.25,422.75
2017-03-13,2050.0,48.400001525878906,76.87000274658203,1202.4000244140625,2.616499900817871,140.5,3.0429999828338623,18.18000030517578,16.934999465942383,354.5,269.5,9.619999885559082,996.25,412.25
2017-03-14,2091.0,47.720001220703125,77.1500015258789,1201.9000244140625,2.624000072479248,139.60000610351562,2.937999963760376,18.15999984741211,16.88800048828125,353.75,253.0,9.550000190734863,987.25,412.0
2017-03-15,2048.0,48.86000061035156,78.08000183105469,1200.0999755859375,2.6454999446868896,139.1999969482422,2.9809999465942383,18.229999542236328,16.88800048828125,363.5,257.25,9.675000190734863,998.0,436.0
2017-03-16,2027.0,48.75,78.16999816894531,1226.5,2.6654999256134033,139.75,2.9019999504089355,18.25,17.29599952697754,366.0,249.25,9.829999923706055,1001.5,436.0
2017-03-17,2013.0,48.779998779296875,78.36000061035156,1229.800048828125,2.679500102996826,140.8000030517578,2.947999954223633,18.170000076293945,17.378999710083008,367.5,250.0,9.914999961853027,1000.0,436.25
2017-03-20,2116.0,48.220001220703125,77.33000183105469,1233.5999755859375,2.6554999351501465,144.0,3.0409998893737793,17.700000762939453,17.402999877929688,363.5,250.75,9.854999542236328,999.5,430.25
2017-03-21,2154.0,47.34000015258789,76.83999633789062,1246.0999755859375,2.609999895095825,143.5,3.0929999351501465,17.290000915527344,17.549999237060547,361.25,253.75,9.770000457763672,1001.5,426.5
2017-03-22,2165.0,48.040000915527344,77.33999633789062,1249.300048828125,2.621999979019165,141.6999969482422,3.010999917984009,17.299999237060547,17.545000076293945,358.75,251.5,9.779999732971191,999.75,422.25
2017-03-23,2176.0,47.70000076293945,77.2699966430664,1246.9000244140625,2.6364998817443848,140.5,3.0510001182556152,17.600000381469727,17.562999725341797,356.75,248.0,9.850000381469727,991.0,421.0
2017-03-24,2131.0,47.970001220703125,77.47000122070312,1248.199951171875,2.623500108718872,137.60000610351562,3.0759999752044678,17.709999084472656,17.719999313354492,356.25,246.25,9.779999732971191,975.75,424.75
2017-03-27,2150.0,47.72999954223633,76.94000244140625,1255.4000244140625,2.625,139.1999969482422,3.052000045776367,17.700000762939453,18.079999923706055,355.75,240.5,9.805000305175781,971.5,420.75
2017-03-28,2129.0,48.369998931884766,76.87999725341797,1255.300048828125,2.6689999103546143,138.85000610351562,3.0959999561309814,17.559999465942383,18.225000381469727,357.75,235.0,9.755000114440918,972.0,424.5
2017-03-29,2086.0,49.5099983215332,76.13999938964844,1253.4000244140625,2.6700000762939453,139.3000030517578,3.174999952316284,17.1200008392334,18.22800064086914,358.5,231.25,9.864999771118164,969.0,425.5
2017-03-30,2096.0,50.349998474121094,76.2300033569336,1245.0,2.6649999618530273,139.3000030517578,3.190999984741211,16.809999465942383,18.184999465942383,357.5,227.25,9.845000267028809,963.0,421.0
2017-03-31,2095.0,50.599998474121094,77.33000183105469,1247.300048828125,2.6465001106262207,139.3000030517578,3.190000057220459,16.760000228881836,18.235000610351562,364.25,224.25,9.895000457763672,946.0,426.5
2017-04-03,2107.0,50.2400016784668,75.47000122070312,1250.800048828125,2.5975000858306885,137.85000610351562,3.128000020980835,16.540000915527344,18.19099998474121,367.75,225.5,10.069999694824219,938.25,427.75
2017-04-04,2110.0,51.029998779296875,74.8499984741211,1255.0,2.6059999465942383,137.75,3.2929999828338623,16.15999984741211,18.302000045776367,363.0,222.75,10.069999694824219,937.75,427.0
2017-04-05,2111.0,51.150001525878906,74.87000274658203,1245.4000244140625,2.67549991607666,137.3000030517578,3.2660000324249268,16.100000381469727,18.166000366210938,364.75,222.5,10.175000190734863,944.25,429.75
2017-04-06,2087.0,51.70000076293945,74.51000213623047,1250.300048828125,2.6554999351501465,137.75,3.3310000896453857,16.450000762939453,18.225000381469727,360.75,218.75,10.180000305175781,941.5,423.25
2017-04-07,2006.0,52.2400016784668,73.45999908447266,1254.300048828125,2.6449999809265137,140.0500030517578,3.260999917984009,16.770000457763672,18.1299991607666,359.5,216.5,10.229999542236328,942.0,424.0
2017-04-10,1955.0,53.08000183105469,75.1500015258789,1251.0999755859375,2.6019999980926514,139.85000610351562,3.23799991607666,16.6299991607666,17.893999099731445,367.0,216.5,10.265000343322754,941.75,428.75
2017-04-11,1972.0,53.400001525878906,75.01000213623047,1271.199951171875,2.6059999465942383,140.1999969482422,3.1500000953674316,16.719999313354492,18.232999801635742,366.5,219.75,10.265000343322754,939.25,433.25
2017-04-12,1941.0,53.11000061035156,74.7300033569336,1275.300048828125,2.5439999103546143,138.3000030517578,3.187000036239624,16.700000762939453,18.27899932861328,369.0,224.5,10.180000305175781,947.75,433.25
2017-04-13,1879.0,53.18000030517578,75.62000274658203,1285.9000244140625,2.569499969482422,138.89999389648438,3.2269999980926514,16.600000381469727,18.48900032043457,371.0,225.5,10.170000076293945,955.5,429.75
2017-04-17,1911.0,52.650001525878906,77.02999877929688,1289.4000244140625,2.5950000286102295,141.10000610351562,3.1630001068115234,16.469999313354492,18.493000030517578,366.5,219.25,10.100000381469727,953.25,421.0
2017-04-18,1928.0,52.40999984741211,76.81999969482422,1291.699951171875,2.5290000438690186,142.89999389648438,3.1449999809265137,16.700000762939453,18.250999450683594,361.75,218.75,10.050000190734863,946.0,422.5
2017-04-19,1894.0,50.439998626708984,77.66999816894531,1281.4000244140625,2.5334999561309814,138.0,3.184999942779541,16.420000076293945,18.13599967956543,361.75,218.25,10.050000190734863,950.25,419.0
2017-04-20,1812.0,50.27000045776367,80.06999969482422,1281.9000244140625,2.5409998893737793,131.64999389648438,3.1589999198913574,16.329999923706055,17.992000579833984,357.75,221.75,9.850000381469727,946.75,406.25
2017-04-21,1859.0,49.619998931884766,78.98999786376953,1287.4000244140625,2.5364999771118164,129.85000610351562,3.1010000705718994,16.40999984741211,17.829999923706055,357.0,217.5,9.770000457763672,951.0,405.0
2017-04-24,1825.0,49.22999954223633,80.08999633789062,1275.800048828125,2.553499937057495,129.5,3.065999984741211,16.239999771118164,17.847999572753906,359.25,218.75,9.604999542236328,961.25,402.5
2017-04-25,1871.0,49.560001373291016,80.70999908447266,1265.5999755859375,2.5820000171661377,129.89999389648438,3.0429999828338623,16.18000030517578,17.58099937438965,365.0,222.5,9.295000076293945,954.5,408.75
2017-04-26,1883.0,49.619998931884766,80.69000244140625,1262.0999755859375,2.5910000801086426,128.14999389648438,3.1419999599456787,15.380000114440918,17.35300064086914,359.0,220.75,9.145000457763672,945.75,407.75
2017-04-27,1876.0,48.970001220703125,79.31999969482422,1263.699951171875,2.5799999237060547,127.0999984741211,3.239000082015991,15.180000305175781,17.264999389648438,362.0,223.0,9.135000228881836,945.75,413.5
2017-04-28,1844.0,49.33000183105469,80.2300033569336,1266.0999755859375,2.5964999198913574,131.0500030517578,3.2760000228881836,16.040000915527344,17.19099998474121,358.0,237.5,9.130000114440918,945.25,418.5
2017-05-01,1812.0,48.84000015258789,80.44999694824219,1253.300048828125,2.6500000953674316,133.60000610351562,3.2149999141693115,16.18000030517578,16.780000686645508,369.25,243.25,9.354999542236328,959.0,442.75
2017-05-02,1805.0,47.65999984741211,80.83000183105469,1255.0999755859375,2.625,134.0,3.194999933242798,15.880000114440918,16.768999099731445,364.0,245.25,9.329999923706055,958.0,441.5
2017-05-03,1780.0,47.81999969482422,80.69000244140625,1246.4000244140625,2.5329999923706055,135.0,3.2279999256134033,15.770000457763672,16.48699951171875,366.25,246.25,9.635000228881836,965.5,443.0
2017-05-04,1839.0,45.52000045776367,80.83000183105469,1226.5,2.502000093460083,132.6999969482422,3.186000108718872,15.369999885559082,16.243999481201172,358.0,249.25,9.649999618530273,965.25,426.0
2017-05-05,1866.0,46.220001220703125,79.76000213623047,1224.800048828125,2.5195000171661377,133.10000610351562,3.2660000324249268,15.3100004196167,16.21500015258789,361.75,254.0,9.619999885559082,963.0,427.5
2017-05-08,1955.0,46.43000030517578,76.77999877929688,1225.300048828125,2.4855000972747803,134.5500030517578,3.171999931335449,15.380000114440918,16.198999404907227,356.75,252.75,9.699999809265137,956.25,418.0
2017-05-09,1990.0,45.880001068115234,77.43000030517578,1214.300048828125,2.490000009536743,132.8000030517578,3.2269999980926514,15.4399995803833,16.007999420166016,358.25,250.0,9.645000457763672,965.25,421.75
2017-05-10,1984.0,47.33000183105469,76.48999786376953,1217.300048828125,2.486999988555908,134.3000030517578,3.2920000553131104,15.84000015258789,16.150999069213867,365.25,248.5,10.055000305175781,961.75,424.0
2017-05-11,1982.0,47.83000183105469,79.18000030517578,1222.699951171875,2.500999927520752,131.89999389648438,3.375999927520752,15.630000114440918,16.208999633789062,360.5,250.25,10.414999961853027,956.0,426.0
2017-05-12,2045.0,47.84000015258789,82.18000030517578,1226.199951171875,2.5179998874664307,132.60000610351562,3.4240000247955322,15.510000228881836,16.34600067138672,361.75,247.0,10.229999542236328,954.0,425.0
2017-05-15,2070.0,48.849998474121094,85.31999969482422,1228.5999755859375,2.5329999923706055,131.25,3.3489999771118164,15.609999656677246,16.56100082397461,367.75,230.25,10.630000114440918,965.25,423.25
2017-05-16,2034.0,48.65999984741211,81.31999969482422,1235.0,2.5445001125335693,129.25,3.2300000190734863,15.880000114440918,16.69300079345703,367.75,229.75,10.625,976.25,424.25
2017-05-17,2054.0,49.06999969482422,80.16999816894531,1257.5,2.5425000190734863,132.1999969482422,3.191999912261963,16.299999237060547,16.851999282836914,371.5,235.5,10.90999984741211,975.75,427.0
2017-05-18,2084.0,49.349998474121094,79.23999786376953,1251.699951171875,2.5264999866485596,127.4000015258789,3.181999921798706,16.030000686645508,16.621000289916992,366.0,236.0,10.885000228881836,944.75,425.75
2017-05-19,2028.0,50.33000183105469,79.44999694824219,1252.699951171875,2.5739998817443848,132.10000610351562,3.25600004196167,16.3799991607666,16.75,372.5,241.75,10.829999923706055,953.0,435.25
2017-05-22,2035.0,50.72999954223633,78.38999938964844,1260.699951171875,2.5889999866485596,130.60000610351562,3.3299999237060547,16.510000228881836,17.14299964904785,375.0,246.75,11.055000305175781,956.5,434.25
2017-05-23,2021.0,51.470001220703125,77.22000122070312,1254.800048828125,2.5905001163482666,130.25,3.2190001010894775,15.869999885559082,17.090999603271484,369.5,241.25,10.90999984741211,948.25,429.5
2017-05-24,1894.0,51.36000061035156,77.54000091552734,1252.4000244140625,2.578000068664551,128.5500030517578,3.2090001106262207,15.670000076293945,17.07699966430664,371.25,238.5,11.055000305175781,948.25,432.5
2017-05-25,1877.0,48.900001525878906,77.16000366210938,1255.800048828125,2.5920000076293945,129.3000030517578,3.184000015258789,15.65999984741211,17.152000427246094,369.25,242.0,10.930000305175781,939.5,430.75
2017-05-26,1911.0,49.79999923706055,77.08999633789062,1267.5999755859375,2.559499979019165,131.1999969482422,3.2360000610351562,15.050000190734863,17.283000946044922,374.25,244.25,10.975000381469727,926.5,438.25
2017-05-30,2037.0,49.65999984741211,77.26000213623047,1262.0999755859375,2.561000108718872,132.10000610351562,3.1449999809265137,15.020000457763672,17.38800048828125,367.0,242.25,11.1850004196167,912.75,429.5
2017-05-31,2048.0,48.31999969482422,76.9800033569336,1272.0,2.5769999027252197,129.35000610351562,3.071000099182129,14.869999885559082,17.368000030517578,372.0,247.5,11.130000114440918,916.0,429.25
2017-06-01,2024.0,48.36000061035156,77.62999725341797,1267.0,2.5845000743865967,127.69999694824219,3.007999897003174,14.229999542236328,17.243000030517578,370.5,255.0,11.050000190734863,912.25,429.0
2017-06-02,2001.0,47.65999984741211,76.69000244140625,1276.800048828125,2.571500062942505,125.55000305175781,2.999000072479248,13.739999771118164,17.48699951171875,372.75,246.0,11.119999885559082,921.25,429.5
2017-06-05,1988.0,47.400001525878906,76.30999755859375,1279.300048828125,2.554500102996826,128.4499969482422,2.9820001125335693,13.890000343322754,17.547000885009766,373.0,242.25,11.045000076293945,922.0,429.5
2017-06-06,1975.0,48.189998626708984,76.0199966430664,1294.4000244140625,2.5445001125335693,125.55000305175781,3.0420000553131104,13.979999542236328,17.677000045776367,377.25,256.25,11.095000267028809,923.5,435.75
2017-06-07,1963.0,45.720001220703125,75.79000091552734,1290.0999755859375,2.5490000247955322,125.75,3.0199999809265137,14.140000343322754,17.586999893188477,384.75,260.5,11.229999542236328,930.75,444.75
2017-06-08,1963.0,45.63999938964844,76.55000305175781,1276.300048828125,2.6070001125335693,126.3499984741211,3.0280001163482666,14.34000015258789,17.384000778198242,385.75,245.0,11.229999542236328,938.0,449.25
2017-06-09,2020.0,45.83000183105469,75.69000244140625,1268.5,2.6459999084472656,126.55000305175781,3.0390000343322754,14.270000457763672,17.19300079345703,387.75,252.25,11.319999694824219,941.5,445.75
2017-06-12,2059.0,46.08000183105469,75.12999725341797,1266.0999755859375,2.612499952316284,127.5999984741211,3.0239999294281006,14.020000457763672,16.913999557495117,377.25,249.75,11.300000190734863,931.25,434.0
2017-06-13,2022.0,46.459999084472656,74.4800033569336,1265.800048828125,2.5929999351501465,126.4000015258789,2.9660000801086426,13.789999961853027,16.738000869750977,381.0,253.25,11.255000114440918,932.5,445.0
2017-06-14,2040.0,44.72999954223633,73.5,1272.800048828125,2.570499897003174,125.55000305175781,2.933000087738037,13.619999885559082,17.10700035095215,377.0,255.5,11.029999732971191,931.75,443.0
2017-06-15,2026.0,44.459999084472656,71.91000366210938,1252.199951171875,2.563999891281128,125.80000305175781,3.055999994277954,13.470000267028809,16.69099998474121,379.5,261.25,11.475000381469727,934.75,453.75
2017-06-16,1975.0,44.7400016784668,71.87999725341797,1254.0,2.5625,123.55000305175781,3.0369999408721924,13.4399995803833,16.63599967956543,384.0,269.25,11.399999618530273,939.0,465.25
2017-06-19,1898.0,44.20000076293945,71.38999938964844,1244.199951171875,2.5894999504089355,124.19999694824219,2.8940000534057617,13.460000038146973,16.482999801635742,375.25,268.25,11.520000457763672,937.75,467.0
2017-06-20,1878.0,43.22999954223633,71.3499984741211,1241.0,2.555000066757202,121.94999694824219,2.9070000648498535,13.609999656677246,16.398000717163086,370.0,261.25,11.369999885559082,927.75,472.5
2017-06-21,1813.0,42.529998779296875,70.88999938964844,1243.4000244140625,2.6019999980926514,119.3499984741211,2.8929998874664307,13.0600004196167,16.354999542236328,368.75,258.75,11.175000190734863,918.75,464.5
2017-06-22,1793.0,42.7400016784668,71.13999938964844,1247.5999755859375,2.5980000495910645,113.44999694824219,2.8940000534057617,12.84000015258789,16.489999771118164,362.75,257.25,11.104999542236328,904.0,461.25
2017-06-23,1843.0,43.0099983215332,72.6500015258789,1256.199951171875,2.622999906539917,119.94999694824219,2.928999900817871,12.970000267028809,16.628000259399414,357.75,254.5,11.255000114440918,904.5,459.75
2017-06-26,1809.0,43.380001068115234,73.68000030517578,1246.300048828125,2.625,121.94999694824219,3.0269999504089355,12.609999656677246,16.559999465942383,359.0,249.75,11.180000305175781,906.75,450.0
2017-06-27,1827.0,44.2400016784668,74.44000244140625,1246.4000244140625,2.6465001106262207,122.75,3.0369999408721924,12.649999618530273,16.576000213623047,359.25,246.5,11.289999961853027,911.25,453.25
2017-06-28,1835.0,44.7400016784668,74.41000366210938,1248.0,2.6619999408721924,122.75,3.066999912261963,12.550000190734863,16.71500015258789,356.75,266.5,11.425000190734863,914.0,457.25
2017-06-29,1822.0,44.93000030517578,74.0,1244.199951171875,2.683000087738037,124.75,3.0420000553131104,13.300000190734863,16.586000442504883,359.75,265.5,11.59000015258789,915.5,480.25
2017-06-30,1903.0,46.040000915527344,75.30999755859375,1240.699951171875,2.6989998817443848,124.05000305175781,3.0350000858306885,13.680000305175781,16.56800079345703,370.5,290.0,11.505000114440918,942.25,511.0
2017-07-03,1921.0,47.06999969482422,73.69000244140625,1217.9000244140625,2.680999994277954,125.8499984741211,2.9509999752044678,13.920000076293945,16.03700065612793,378.0,284.5,11.515000343322754,964.75,536.75
2017-07-05,1910.0,45.130001068115234,73.86000061035156,1220.4000244140625,2.6489999294281006,127.6500015258789,2.8399999141693115,13.720000267028809,15.842000007629395,381.75,279.75,11.609999656677246,976.25,539.25
2017-07-06,1890.0,45.52000045776367,75.01000213623047,1222.199951171875,2.6514999866485596,126.75,2.888000011444092,13.920000076293945,15.927000045776367,380.25,272.75,11.645000457763672,980.75,519.0
2017-07-07,1835.0,44.22999954223633,75.29000091552734,1208.5999755859375,2.637500047683716,126.55000305175781,2.864000082015991,14.149999618530273,15.371000289916992,382.25,282.5,11.720000267028809,996.0,515.25
2017-07-10,1801.0,44.400001525878906,67.72000122070312,1212.0999755859375,2.6394999027252197,126.25,2.928999900817871,13.5600004196167,15.57699966430664,391.75,306.0,11.755000114440918,1020.25,530.5
2017-07-11,1780.0,45.040000915527344,68.1500015258789,1213.5999755859375,2.6644999980926514,124.44999694824219,3.046999931335449,13.4399995803833,15.696999549865723,392.25,308.25,11.8149995803833,1025.25,535.5
2017-07-12,1782.0,45.4900016784668,68.12999725341797,1218.0999755859375,2.677000045776367,126.0,2.984999895095825,13.489999771118164,15.83899974822998,376.25,300.25,11.574999809265137,1016.75,522.5
2017-07-13,1833.0,46.08000183105469,66.54000091552734,1216.300048828125,2.6545000076293945,129.35000610351562,2.9609999656677246,14.140000343322754,15.642000198364258,361.0,294.5,11.5,972.5,495.5
2017-07-14,1876.0,46.540000915527344,67.18000030517578,1226.5999755859375,2.684000015258789,131.6999969482422,2.9800000190734863,14.300000190734863,15.883999824523926,365.25,298.0,11.414999961853027,985.25,494.75
2017-07-17,1910.0,46.02000045776367,68.56999969482422,1232.800048828125,2.7170000076293945,131.5500030517578,3.0199999809265137,14.09000015258789,16.049999237060547,375.0,285.5,11.84000015258789,985.0,506.0
2017-07-18,1911.0,46.400001525878906,68.86000061035156,1241.0999755859375,2.7235000133514404,131.89999389648438,3.0880000591278076,14.100000381469727,16.222000122070312,377.0,291.75,11.864999771118164,989.5,503.75
2017-07-19,1944.0,47.119998931884766,68.76000213623047,1241.199951171875,2.703000068664551,131.1999969482422,3.065999984741211,14.5,16.250999450683594,382.5,293.0,11.864999771118164,999.75,503.0
2017-07-20,1956.0,46.790000915527344,69.55000305175781,1244.800048828125,2.7084999084472656,135.0,3.0429999828338623,14.40999984741211,16.298999786376953,391.0,295.75,12.0,1013.25,505.75
2017-07-21,1968.0,45.77000045776367,69.13999938964844,1254.300048828125,2.7149999141693115,136.5500030517578,2.9700000286102295,14.399999618530273,16.40999984741211,379.75,295.75,11.984999656677246,1009.0,499.25
2017-07-24,1968.0,46.34000015258789,69.0,1253.9000244140625,2.7290000915527344,132.5500030517578,2.8989999294281006,14.399999618530273,16.398000717163086,377.25,288.75,12.140000343322754,997.5,488.75
2017-07-25,1926.0,47.88999938964844,69.55000305175781,1251.699951171875,2.8405001163482666,130.60000610351562,2.944000005722046,13.899999618530273,16.496999740600586,368.75,282.0,12.300000190734863,981.5,474.0
2017-07-26,1912.0,48.75,69.0199966430664,1249.0,2.86899995803833,134.8000030517578,2.9240000247955322,14.229999542236328,16.415000915527344,372.75,288.5,12.274999618530273,988.75,477.75
2017-07-27,2013.0,49.040000915527344,70.5,1259.5999755859375,2.874000072479248,135.9499969482422,2.9690001010894775,14.430000305175781,16.52899932861328,374.25,291.75,12.3149995803833,994.75,479.75
2017-07-28,2060.0,49.709999084472656,70.22000122070312,1268.4000244140625,2.870500087738037,137.85000610351562,2.940999984741211,14.369999885559082,16.663999557495117,374.25,290.25,12.414999961853027,1000.75,481.0
2017-07-31,2060.0,50.16999816894531,70.5,1266.5999755859375,2.888000011444092,139.25,2.7939999103546143,14.90999984741211,16.75,370.75,284.25,12.260000228881836,994.5,474.5
2017-08-01,2023.0,49.15999984741211,71.16999816894531,1272.5999755859375,2.878999948501587,137.85000610351562,2.819000005722046,14.880000114440918,16.72800064086914,362.5,280.25,12.369999885559082,959.5,461.25
2017-08-02,2055.0,49.59000015258789,71.75,1271.800048828125,2.882499933242798,140.35000610351562,2.811000108718872,14.789999961853027,16.69700050354004,365.0,289.5,12.489999771118164,966.5,460.75
2017-08-03,2061.0,49.029998779296875,71.55000305175781,1267.800048828125,2.877000093460083,140.1999969482422,2.799999952316284,14.3100004196167,16.5939998626709,363.5,285.25,12.385000228881836,950.5,457.75
2017-08-04,1994.0,49.58000183105469,70.98999786376953,1258.300048828125,2.884999990463257,140.14999389648438,2.7739999294281006,14.140000343322754,16.222000122070312,366.5,283.75,12.329999923706055,949.25,454.75
2017-08-07,2029.0,49.38999938964844,71.22000122070312,1258.199951171875,2.9079999923706055,142.0500030517578,2.8010001182556152,13.869999885559082,16.22100067138672,372.25,274.25,12.045000076293945,959.75,463.5
2017-08-08,2018.0,49.16999816894531,71.91000366210938,1256.4000244140625,2.942500114440918,142.75,2.822000026702881,13.779999732971191,16.360000610351562,369.75,273.5,12.145000457763672,963.0,457.0
2017-08-09,2002.0,49.560001373291016,71.81999969482422,1273.0,2.930000066757202,142.64999389648438,2.882999897003174,13.640000343322754,16.833999633789062,372.25,270.5,12.3100004196167,963.0,459.5
2017-08-10,1967.0,48.59000015258789,69.26000213623047,1283.699951171875,2.9059998989105225,138.5,2.984999895095825,13.239999771118164,17.035999298095703,357.25,266.0,12.25,930.75,440.5
2017-08-11,1990.0,48.81999969482422,69.23999786376953,1287.699951171875,2.9140000343322754,140.3000030517578,2.9830000400543213,13.199999809265137,17.041000366210938,360.75,264.0,12.494999885559082,935.5,439.25
2017-08-14,1923.0,47.59000015258789,68.5,1284.199951171875,2.9065001010894775,136.9499969482422,2.9590001106262207,13.5,17.093000411987305,362.75,261.5,12.34000015258789,925.5,441.0
2017-08-15,1865.0,47.54999923706055,67.68000030517578,1273.699951171875,2.884500026702881,132.0,2.934999942779541,13.130000114440918,16.690000534057617,355.25,258.25,12.244999885559082,921.75,429.5
2017-08-16,1844.0,46.779998779296875,67.55000305175781,1276.9000244140625,2.9544999599456787,130.9499969482422,2.890000104904175,12.9399995803833,16.91699981689453,352.5,260.0,12.1850004196167,921.75,419.25
2017-08-17,1904.0,47.09000015258789,67.44999694824219,1286.4000244140625,2.937999963760376,128.4499969482422,2.928999900817871,13.289999961853027,17.030000686645508,350.5,258.25,12.119999885559082,930.25,414.0
2017-08-18,1922.0,48.5099983215332,67.79000091552734,1285.699951171875,2.940500020980835,128.0500030517578,2.8929998874664307,13.40999984741211,16.979999542236328,352.0,254.75,12.145000457763672,937.5,416.0
2017-08-21,1930.0,47.369998931884766,68.70999908447266,1290.800048828125,2.9809999465942383,126.4000015258789,2.9619998931884766,13.520000457763672,16.9950008392334,349.0,243.75,12.1850004196167,932.5,409.5
2017-08-22,1923.0,47.63999938964844,68.87999725341797,1285.0999755859375,2.9865000247955322,125.8499984741211,2.938999891281128,13.510000228881836,16.961999893188477,346.0,239.0,12.204999923706055,933.75,402.25
2017-08-23,1908.0,48.40999984741211,69.5999984741211,1288.9000244140625,2.9804999828338623,126.25,2.927999973297119,13.670000076293945,17.031999588012695,342.0,238.75,12.300000190734863,935.0,403.25
2017-08-24,1924.0,47.43000030517578,70.16999816894531,1286.5,3.0334999561309814,126.69999694824219,2.9489998817443848,14.020000457763672,16.95199966430664,342.0,239.25,12.369999885559082,941.25,409.0
2017-08-25,1962.0,47.869998931884766,68.61000061035156,1292.5,3.0329999923706055,130.1999969482422,2.8919999599456787,14.029999732971191,17.038000106811523,338.75,241.25,12.395000457763672,939.0,409.5
2017-08-28,2015.0,46.56999969482422,70.33000183105469,1309.699951171875,3.065000057220459,129.89999389648438,2.924999952316284,14.3100004196167,17.430999755859375,336.0,238.5,12.329999923706055,935.25,400.0
2017-08-29,1977.0,46.439998626708984,70.55999755859375,1313.0999755859375,3.0810000896453857,127.30000305175781,2.9609999656677246,13.819999694824219,17.422000885009766,333.5,235.0,12.28499984741211,930.75,402.75
2017-08-30,1949.0,45.959999084472656,71.47000122070312,1308.0999755859375,3.064500093460083,126.94999694824219,2.938999891281128,13.90999984741211,17.40399932861328,329.5,228.25,12.395000457763672,923.0,403.5
2017-08-31,1966.0,47.22999954223633,71.4800033569336,1316.199951171875,3.0789999961853027,128.14999389648438,3.0399999618530273,14.399999618530273,17.479999542236328,342.25,223.5,12.550000190734863,936.25,410.25
2017-09-01,1987.0,47.290000915527344,72.55000305175781,1324.5,3.0980000495910645,127.75,3.069999933242798,13.75,17.7189998626709,340.0,223.5,12.664999961853027,942.0,420.5
2017-09-05,1974.0,48.65999984741211,75.26000213623047,1339.199951171875,3.1075000762939453,126.5,2.9719998836517334,14.029999732971191,17.844999313354492,344.25,218.5,12.494999885559082,960.5,430.5
2017-09-06,1954.0,49.15999984741211,75.26000213623047,1333.9000244140625,3.131500005722046,126.5999984741211,3.0,14.289999961853027,17.81599998474121,347.0,235.0,12.454999923706055,964.5,421.75
2017-09-07,1945.0,49.09000015258789,75.02999877929688,1345.0999755859375,3.122999906539917,127.9000015258789,2.9809999465942383,14.029999732971191,18.016000747680664,341.75,235.0,12.425000190734863,963.25,413.5
2017-09-08,1972.0,47.47999954223633,75.58999633789062,1346.0,3.0215001106262207,129.39999389648438,2.890000104904175,14.09000015258789,18.027000427246094,344.25,233.25,12.454999923706055,956.5,413.75
2017-09-11,1973.0,48.06999969482422,73.70999908447266,1331.0,3.0460000038146973,130.60000610351562,2.950000047683716,14.289999961853027,17.80699920654297,345.5,235.5,12.399999618530273,954.75,412.25
2017-09-12,1999.0,48.22999954223633,70.70999908447266,1328.0,3.015500068664551,133.8000030517578,3.000999927520752,14.020000457763672,17.795000076293945,340.0,235.5,12.694999694824219,944.25,419.5
2017-09-13,2038.0,49.29999923706055,69.9800033569336,1323.4000244140625,2.9609999656677246,136.60000610351562,3.058000087738037,14.329999923706055,17.77199935913086,338.5,239.0,12.640000343322754,953.0,420.75
2017-09-14,2021.0,49.88999938964844,69.77999877929688,1324.699951171875,2.936500072479248,135.85000610351562,3.069999933242798,14.270000457763672,17.697999954223633,341.75,242.75,12.524999618530273,967.25,428.25
2017-09-15,2009.0,49.88999938964844,70.12999725341797,1320.4000244140625,2.927999973297119,140.0,3.0239999294281006,14.550000190734863,17.611000061035156,354.75,236.0,12.805000305175781,968.75,449.0
2017-09-18,1975.0,49.90999984741211,70.41000366210938,1306.300048828125,2.9489998817443848,138.9499969482422,3.1459999084472656,14.3100004196167,17.070999145507812,351.5,239.75,12.885000228881836,967.75,443.5
2017-09-19,1965.0,49.47999954223633,69.9800033569336,1306.199951171875,2.94950008392334,133.9499969482422,3.121999979019165,13.760000228881836,17.19499969482422,348.25,240.25,12.779999732971191,965.5,443.0
2017-09-20,1998.0,50.40999984741211,70.04000091552734,1312.0,2.94950008392334,136.5500030517578,3.0940001010894775,14.069999694824219,17.250999450683594,350.0,246.25,12.805000305175781,970.0,449.75
2017-09-21,2021.0,50.54999923706055,69.04000091552734,1290.5999755859375,2.9140000343322754,135.0,2.946000099182129,14.050000190734863,16.937000274658203,350.25,250.0,12.710000038146973,970.75,452.5
2017-09-22,1983.0,50.65999984741211,69.08999633789062,1293.300048828125,2.924499988555908,134.4499969482422,2.9590001106262207,13.979999542236328,16.902999877929688,353.5,248.0,12.364999771118164,984.25,449.5
2017-09-25,1972.0,52.220001220703125,70.08999633789062,1306.800048828125,2.9175000190734863,131.5500030517578,2.9189999103546143,13.739999771118164,17.05900001525879,353.75,250.75,12.020000457763672,971.25,454.0
2017-09-26,1971.0,51.880001068115234,69.37999725341797,1297.0,2.8975000381469727,132.25,2.9179999828338623,13.210000038146973,16.804000854492188,352.25,250.25,11.970000267028809,963.5,453.75
2017-09-27,2015.0,52.13999938964844,69.27999877929688,1283.4000244140625,2.9110000133514404,129.35000610351562,2.9739999771118164,13.079999923706055,16.74799919128418,354.0,248.0,11.899999618530273,965.5,461.5
2017-09-28,1980.0,51.560001373291016,69.5999984741211,1285.5,2.9625000953674316,128.5,3.0169999599456787,13.229999542236328,16.773000717163086,352.5,249.5,11.970000267028809,959.5,455.0
2017-09-29,2043.0,51.66999816894531,69.08000183105469,1281.5,2.9375,128.0500030517578,3.006999969482422,13.539999961853027,16.60700035095215,355.25,251.25,11.994999885559082,968.25,448.25
2017-10-02,2037.0,50.58000183105469,68.19999694824219,1272.699951171875,2.939500093460083,127.19999694824219,2.9159998893737793,14.3100004196167,16.584999084472656,351.5,252.5,12.020000457763672,957.25,444.75
2017-10-03,2082.0,50.41999816894531,68.1500015258789,1271.5,2.948499917984009,125.44999694824219,2.8949999809265137,14.039999961853027,16.58099937438965,349.5,251.25,12.015000343322754,955.25,448.0
2017-10-04,2078.0,49.97999954223633,69.43000030517578,1273.699951171875,2.944499969482422,125.1500015258789,2.940000057220459,14.25,16.562999725341797,348.25,246.25,12.029999732971191,958.25,442.0
2017-10-05,2084.0,50.790000915527344,68.9000015258789,1269.9000244140625,3.0315001010894775,127.19999694824219,2.9230000972747803,14.390000343322754,16.582000732421875,349.5,247.25,11.914999961853027,968.25,440.75
2017-10-06,2085.0,49.290000915527344,69.47000122070312,1271.5999755859375,3.0144999027252197,130.0,2.86299991607666,13.979999542236328,16.733999252319336,350.0,251.0,11.885000228881836,972.25,443.5
2017-10-09,2008.0,49.58000183105469,69.58000183105469,1281.800048828125,3.0169999599456787,130.9499969482422,2.8329999446868896,14.0,16.916000366210938,349.5,248.25,11.84000015258789,966.75,436.0
2017-10-10,2045.0,50.91999816894531,68.94999694824219,1290.5999755859375,3.0455000400543213,131.0,2.8910000324249268,14.170000076293945,17.155000686645508,349.25,249.5,12.020000457763672,966.0,435.25
2017-10-11,2097.0,51.29999923706055,68.7300033569336,1285.800048828125,3.0799999237060547,126.80000305175781,2.8889999389648438,14.300000190734863,17.08099937438965,346.0,252.75,12.03499984741211,965.25,433.25
2017-10-12,2090.0,50.599998474121094,67.83999633789062,1293.300048828125,3.1040000915527344,126.3499984741211,2.989000082015991,14.279999732971191,17.211000442504883,349.0,261.75,12.25,992.0,430.5
2017-10-13,2087.0,51.45000076293945,68.62000274658203,1301.5,3.118499994277954,126.44999694824219,3.0,14.40999984741211,17.354999542236328,352.75,266.75,12.1850004196167,1000.25,439.5
2017-10-16,2044.0,51.869998931884766,67.52999877929688,1299.9000244140625,3.2239999771118164,123.75,2.946000099182129,14.180000305175781,17.315000534057617,350.5,259.5,12.119999885559082,991.0,436.5
2017-10-17,2064.0,51.880001068115234,67.7699966430664,1283.0,3.180500030517578,124.1500015258789,2.9619998931884766,14.029999732971191,16.98699951171875,350.0,264.75,12.130000114440918,984.75,434.75
2017-10-18,2067.0,52.040000915527344,67.62999725341797,1279.9000244140625,3.1635000705718994,124.30000305175781,2.8540000915527344,14.079999923706055,16.94300079345703,348.5,267.75,11.944999694824219,984.25,430.0
2017-10-19,2145.0,51.290000915527344,67.30999755859375,1286.9000244140625,3.1530001163482666,126.8499984741211,2.872999906539917,14.130000114440918,17.201000213623047,349.0,269.5,11.930000305175781,986.5,432.75
2017-10-20,2138.0,51.470001220703125,66.87999725341797,1277.4000244140625,3.1514999866485596,125.25,2.9149999618530273,14.0,17.02199935913086,344.5,269.75,12.074999809265137,978.75,426.0
2017-10-23,2124.0,51.900001525878906,69.72000122070312,1277.699951171875,3.1740000247955322,124.3499984741211,2.990999937057495,13.880000114440918,17.02400016784668,351.25,273.5,11.975000381469727,980.75,436.75
2017-10-24,2084.0,52.470001220703125,69.54000091552734,1275.0,3.186500072479248,123.19999694824219,2.9739999771118164,14.279999732971191,16.906999588012695,352.75,277.0,11.604999542236328,975.5,438.0
2017-10-25,2079.0,52.18000030517578,69.30999755859375,1275.4000244140625,3.1714999675750732,124.0999984741211,2.9189999103546143,14.180000305175781,16.868000030517578,351.0,276.25,11.664999961853027,975.5,435.5
2017-10-26,2127.0,52.63999938964844,68.19000244140625,1266.300048828125,3.1675000190734863,124.55000305175781,2.890000104904175,14.109999656677246,16.763999938964844,350.5,262.5,11.489999771118164,971.25,431.75
2017-10-27,2115.0,53.900001525878906,68.19999694824219,1268.5,3.0934998989105225,126.5999984741211,2.752000093460083,14.630000114440918,16.70199966430664,348.75,265.25,11.550000190734863,975.25,427.25
2017-10-30,2118.0,54.150001525878906,68.63999938964844,1274.0999755859375,3.1019999980926514,125.9000015258789,2.9660000801086426,14.729999542236328,16.802000045776367,348.75,263.25,11.449999809265137,972.75,424.75
2017-10-31,2094.0,54.380001068115234,68.37999725341797,1267.0,3.0920000076293945,125.0999984741211,2.8959999084472656,14.739999771118164,16.645000457763672,345.75,264.75,11.289999961853027,973.75,418.5
2017-11-01,2123.0,54.29999923706055,68.16999816894531,1274.0999755859375,3.132999897003174,122.94999694824219,2.8929998874664307,14.609999656677246,17.131999969482422,348.25,271.5,11.199999809265137,981.0,418.0
2017-11-02,2052.0,54.540000915527344,69.08000183105469,1274.9000244140625,3.135499954223633,126.4000015258789,2.934999942779541,14.229999542236328,17.0939998626709,350.5,264.5,11.149999618530273,989.0,426.0
2017-11-03,2061.0,55.63999938964844,68.72000122070312,1266.5,3.1105000972747803,123.94999694824219,2.9839999675750732,14.380000114440918,16.79400062561035,348.25,263.0,11.28499984741211,977.0,425.75
2017-11-06,2117.0,57.349998474121094,68.8499984741211,1279.4000244140625,3.1505000591278076,125.55000305175781,3.134000062942505,14.5600004196167,17.19499969482422,348.0,269.0,11.239999771118164,984.0,430.75
2017-11-07,2163.0,57.20000076293945,68.06999969482422,1273.699951171875,3.0824999809265137,124.69999694824219,3.1519999504089355,14.720000267028809,16.905000686645508,347.75,270.5,11.239999771118164,986.0,427.25
2017-11-08,2216.0,56.810001373291016,68.62999725341797,1281.5999755859375,3.0929999351501465,125.75,3.174999952316284,14.84000015258789,17.106000900268555,348.25,269.5,11.140000343322754,988.0,426.75
2017-11-09,2198.0,57.16999816894531,68.29000091552734,1285.5999755859375,3.0799999237060547,126.4000015258789,3.200000047683716,14.880000114440918,16.94300079345703,341.5,273.0,11.175000190734863,975.25,429.0
2017-11-10,2223.0,56.7400016784668,69.05000305175781,1272.4000244140625,3.069499969482422,127.55000305175781,3.2130000591278076,14.960000038146973,16.8439998626709,343.5,272.0,11.164999961853027,977.25,431.5
2017-11-13,2208.0,56.7599983215332,68.87999725341797,1277.300048828125,3.1115000247955322,127.5999984741211,3.1670000553131104,15.130000114440918,17.023000717163086,342.25,273.5,11.119999885559082,963.5,424.25
2017-11-14,2149.0,55.70000076293945,68.5999984741211,1281.5,3.059999942779541,127.05000305175781,3.1019999980926514,15.100000381469727,17.052000045776367,337.5,276.25,11.239999771118164,959.0,428.0
2017-11-15,2133.0,55.33000183105469,68.80999755859375,1276.5,3.0490000247955322,126.75,3.0799999237060547,15.09000015258789,16.950000762939453,338.25,269.25,12.085000038146973,976.25,420.0
2017-11-16,2131.0,55.13999938964844,69.20999908447266,1277.4000244140625,3.0434999465942383,126.69999694824219,3.052999973297119,15.260000228881836,17.055999755859375,336.5,262.25,12.164999961853027,972.0,421.5
2017-11-17,2126.0,56.54999923706055,69.77999877929688,1295.800048828125,3.0625,123.80000305175781,3.0969998836517334,15.369999885559082,17.357999801635742,343.0,257.0,12.28499984741211,990.5,427.25
2017-11-20,2084.0,56.09000015258789,71.37000274658203,1274.5999755859375,3.0905001163482666,122.9000015258789,3.046999931335449,14.979999542236328,16.82699966430664,345.0,255.0,12.375,990.0,422.0
2017-11-21,2102.0,56.83000183105469,70.9000015258789,1281.0999755859375,3.125499963760376,123.8499984741211,3.0169999599456787,14.880000114440918,16.948999404907227,345.0,255.75,12.34000015258789,989.0,424.75
2017-11-22,2119.0,58.02000045776367,70.73999786376953,1291.5999755859375,3.134500026702881,124.55000305175781,2.9679999351501465,15.279999732971191,17.10099983215332,345.25,250.75,12.420000076293945,997.25,422.75
2017-11-24,2109.0,58.95000076293945,72.2300033569336,1286.699951171875,3.1659998893737793,124.80000305175781,2.812999963760376,15.449999809265137,16.981000900268555,342.25,249.25,12.420000076293945,993.25,415.75
2017-11-27,2065.0,58.11000061035156,72.1500015258789,1293.800048828125,3.132499933242798,125.55000305175781,2.927999973297119,15.390000343322754,17.009000778198242,338.75,250.5,12.295000076293945,996.0,409.5
2017-11-28,2047.0,57.9900016784668,74.05000305175781,1294.699951171875,3.070499897003174,127.44999694824219,3.0739998817443848,15.039999961853027,16.81100082397461,336.25,244.75,12.305000305175781,993.0,410.75
2017-11-29,2096.0,57.29999923706055,75.5199966430664,1282.0999755859375,3.0399999618530273,129.60000610351562,3.178999900817871,15.069999694824219,16.457000732421875,339.0,246.5,12.375,992.5,416.5
2017-11-30,2048.0,57.400001525878906,75.04000091552734,1273.199951171875,3.0369999408721924,126.30000305175781,3.0250000953674316,15.079999923706055,16.381999969482422,341.75,247.75,12.529999732971191,985.75,409.25
2017-12-01,2040.0,58.36000061035156,75.43000030517578,1278.800048828125,3.065500020980835,127.55000305175781,3.061000108718872,14.979999542236328,16.297000885009766,344.75,247.25,12.460000038146973,994.25,414.5
2017-12-04,2002.0,57.470001220703125,75.02999877929688,1274.300048828125,3.062999963760376,126.75,2.984999895095825,15.0600004196167,16.284000396728516,339.5,241.25,12.180000305175781,998.5,410.25
2017-12-05,1929.0,57.619998931884766,74.95999908447266,1261.5999755859375,2.9205000400543213,125.94999694824219,2.9140000343322754,14.899999618530273,15.972999572753906,339.75,239.0,12.329999923706055,1008.5,406.0
2017-12-06,1911.0,55.959999084472656,75.16999816894531,1262.800048828125,2.936500072479248,124.8499984741211,2.921999931335449,14.449999809265137,15.868000030517578,339.25,232.0,12.1850004196167,1002.75,398.5
2017-12-07,1885.0,56.689998626708984,74.2300033569336,1249.800048828125,2.940500020980835,120.8499984741211,2.763000011444092,14.3100004196167,15.71500015258789,338.75,229.0,12.130000114440918,992.0,394.25
2017-12-08,1892.0,57.36000061035156,73.72000122070312,1245.199951171875,2.9549999237060547,120.5999984741211,2.7720000743865967,14.050000190734863,15.736000061035156,340.0,226.25,12.0649995803833,989.75,392.0
2017-12-11,1917.0,57.9900016784668,73.0,1243.699951171875,2.98799991607666,119.0,2.828000068664551,13.949999809265137,15.696999549865723,336.5,227.5,12.220000267028809,982.5,387.75
2017-12-12,1872.0,57.13999938964844,72.91000366210938,1238.5,2.999500036239624,117.05000305175781,2.677999973297119,13.770000457763672,15.581999778747559,335.75,227.25,12.260000228881836,975.75,387.25
2017-12-13,1893.0,56.599998474121094,74.12999725341797,1245.4000244140625,3.0295000076293945,118.94999694824219,2.7149999141693115,13.850000381469727,15.784000396728516,336.75,234.0,11.770000457763672,979.25,392.25
2017-12-14,1893.0,57.040000915527344,75.33000183105469,1253.800048828125,3.0485000610351562,119.1500015258789,2.684000015258789,13.770000457763672,15.850000381469727,336.25,238.75,11.71500015258789,967.75,395.0
2017-12-15,1877.0,57.29999923706055,75.91999816894531,1254.300048828125,3.109999895095825,116.94999694824219,2.611999988555908,13.65999984741211,15.977999687194824,347.5,254.25,11.704999923706055,967.25,418.25
2017-12-18,1922.0,57.15999984741211,75.19999694824219,1262.199951171875,3.121999979019165,118.55000305175781,2.744999885559082,13.760000228881836,16.1200008392334,347.0,251.5,11.710000038146973,961.5,420.5
2017-12-19,1912.0,57.459999084472656,75.02999877929688,1260.699951171875,3.127500057220459,121.75,2.691999912261963,14.40999984741211,16.06599998474121,347.5,246.5,11.71500015258789,956.0,419.5
2017-12-20,1931.0,58.09000015258789,75.70999908447266,1266.0999755859375,3.1714999675750732,123.1500015258789,2.63700008392334,14.569999694824219,16.187999725341797,349.25,245.0,11.84000015258789,954.0,423.5
2017-12-21,1907.0,58.36000061035156,77.94000244140625,1267.300048828125,3.194499969482422,122.25,2.5980000495910645,14.770000457763672,16.152000427246094,351.25,244.0,11.994999885559082,948.75,427.0
2017-12-22,1809.0,58.470001220703125,77.87000274658203,1275.4000244140625,3.2144999504089355,120.4000015258789,2.6670000553131104,14.600000381469727,16.35700035095215,352.0,242.5,11.949999809265137,949.5,424.75
2017-12-26,1856.0,59.970001220703125,77.43000030517578,1284.0999755859375,3.25600004196167,122.19999694824219,2.6429998874664307,14.699999809265137,16.520000457763672,352.75,243.25,11.795000076293945,959.25,422.25
2017-12-27,1866.0,59.63999938964844,78.94999694824219,1287.0,3.256999969482422,124.5,2.73799991607666,14.930000305175781,16.618999481201172,353.75,242.75,11.789999961853027,955.5,428.0
2017-12-28,1911.0,59.84000015258789,78.80000305175781,1294.0999755859375,3.2860000133514404,124.80000305175781,2.9140000343322754,15.0,16.832000732421875,352.0,243.0,11.654999732971191,945.75,427.75
2017-12-29,1892.0,60.41999816894531,78.62999725341797,1306.300048828125,3.2795000076293945,126.19999694824219,2.953000068664551,15.15999984741211,17.059999465942383,350.75,241.0,11.680000305175781,951.75,427.0
2018-01-02,1936.0,60.369998931884766,77.5,1313.699951171875,3.25600004196167,130.1999969482422,3.055999994277954,15.329999923706055,17.121000289916992,353.25,242.5,11.53499984741211,955.0,433.5
2018-01-03,1907.0,61.630001068115234,78.11000061035156,1316.199951171875,3.236999988555908,128.60000610351562,3.007999897003174,15.3100004196167,17.184999465942383,353.0,244.5,11.40999984741211,959.75,436.0
2018-01-04,1905.0,62.0099983215332,79.25,1319.4000244140625,3.242500066757202,129.5500030517578,2.880000114440918,15.25,17.18899917602539,351.0,245.75,11.475000381469727,959.25,434.0
2018-01-05,1895.0,61.439998626708984,78.01000213623047,1320.300048828125,3.2070000171661377,128.4499969482422,2.7950000762939453,15.079999923706055,17.204999923706055,351.25,248.5,11.5649995803833,961.5,430.75
2018-01-08,1914.0,61.72999954223633,78.13999938964844,1318.5999755859375,3.2009999752044678,125.1500015258789,2.8350000381469727,14.779999732971191,17.06399917602539,347.25,250.0,11.645000457763672,958.25,427.75
2018-01-09,1899.0,62.959999084472656,78.3499984741211,1311.699951171875,3.194499969482422,125.1500015258789,2.9230000972747803,14.729999542236328,16.93600082397461,349.0,249.0,11.710000038146973,955.75,432.25
2018-01-10,1941.0,63.56999969482422,79.6500015258789,1317.4000244140625,3.2149999141693115,123.94999694824219,2.9059998989105225,14.649999618530273,16.96299934387207,349.0,251.0,11.694999694824219,947.0,434.25
2018-01-11,1928.0,63.79999923706055,82.6500015258789,1320.5999755859375,3.2135000228881836,122.80000305175781,3.0840001106262207,14.180000305175781,16.893999099731445,348.75,250.5,11.520000457763672,940.5,433.25
2018-01-12,1914.0,64.30000305175781,81.68000030517578,1333.4000244140625,3.200000047683716,122.25,3.200000047683716,14.180000305175781,17.069000244140625,346.25,249.5,11.579999923706055,944.0,420.5
2018-01-16,1932.0,63.72999954223633,81.43000030517578,1335.4000244140625,3.1989998817443848,120.44999694824219,3.128999948501587,13.59000015258789,17.121999740600586,348.25,250.0,12.145000457763672,968.0,416.5
2018-01-17,1985.0,63.970001220703125,82.13999938964844,1338.0,3.1665000915527344,123.0999984741211,3.2320001125335693,13.420000076293945,17.104999542236328,353.0,254.25,12.149999618530273,968.75,421.5
2018-01-18,1984.0,63.95000076293945,82.62999725341797,1326.0,3.177000045776367,121.0999984741211,3.188999891281128,13.079999923706055,16.89299964904785,351.5,259.75,12.145000457763672,973.0,425.25
2018-01-19,1931.0,63.369998931884766,83.41999816894531,1331.9000244140625,3.1670000553131104,121.25,3.184999942779541,13.25,16.975000381469727,352.5,258.0,12.204999923706055,977.25,422.75
2018-01-22,1938.0,63.4900016784668,83.41000366210938,1330.9000244140625,3.177500009536743,122.55000305175781,3.2239999771118164,13.170000076293945,16.930999755859375,352.0,265.0,12.180000305175781,984.25,425.75
2018-01-23,1929.0,64.47000122070312,82.26000213623047,1335.699951171875,3.0894999504089355,120.94999694824219,3.444000005722046,13.1899995803833,16.854999542236328,351.25,270.0,12.199999809265137,986.25,421.5
2018-01-24,1955.0,65.61000061035156,82.2699966430664,1355.9000244140625,3.2084999084472656,122.5,3.509000062942505,13.15999984741211,17.424999237060547,356.5,275.5,12.164999961853027,992.25,433.0
2018-01-25,1960.0,65.51000213623047,81.87999725341797,1362.4000244140625,3.1989998817443848,123.6500015258789,3.447000026702881,13.239999771118164,17.551000595092773,355.25,261.0,12.140000343322754,992.25,434.5
2018-01-26,1986.0,66.13999938964844,80.4800033569336,1351.5999755859375,3.182499885559082,125.1500015258789,3.505000114440918,13.359999656677246,17.381999969482422,356.5,266.0,12.335000038146973,985.5,441.0
2018-01-29,1946.0,65.55999755859375,78.36000061035156,,,124.94999694824219,3.63100004196167,13.670000076293945,,358.75,269.5,12.4350004196167,991.5,449.25
2018-01-30,1970.0,64.5,77.02999877929688,1335.4000244140625,3.177000045776367,122.30000305175781,3.194999933242798,13.720000267028809,17.01300048828125,361.5,270.0,12.40999984741211,1000.25,457.25
2018-01-31,1996.0,64.7300033569336,77.27999877929688,1339.0,3.184000015258789,121.8499984741211,2.994999885559082,13.229999542236328,17.20400047302246,361.5,265.5,12.4399995803833,995.75,451.75
2018-02-01,2017.0,65.80000305175781,78.3499984741211,1344.300048828125,3.197000026702881,121.4000015258789,2.8559999465942383,13.369999885559082,17.118000030517578,361.75,267.25,12.404999732971191,985.0,451.0
2018-02-02,2059.0,65.44999694824219,77.30000305175781,1333.699951171875,3.176500082015991,120.4000015258789,2.8459999561309814,13.630000114440918,16.676000595092773,361.5,267.5,12.460000038146973,978.75,446.75
2018-02-05,2045.0,64.1500015258789,76.56999969482422,1333.0,3.2105000019073486,119.80000305175781,2.746999979019165,13.899999618530273,16.638999938964844,358.75,267.25,12.529999732971191,969.75,440.25
2018-02-06,2041.0,63.38999938964844,76.19000244140625,1326.0999755859375,3.177500009536743,122.8499984741211,2.759000062942505,13.84000015258789,16.54800033569336,363.5,269.0,12.550000190734863,986.25,446.25
2018-02-07,2013.0,61.790000915527344,75.95999908447266,1311.5999755859375,3.0764999389648438,123.30000305175781,2.7019999027252197,14.0,16.20599937438965,365.25,273.25,12.5,983.0,460.5
2018-02-08,2034.0,61.150001525878906,76.62000274658203,1316.9000244140625,3.072000026702881,122.8499984741211,2.697000026702881,13.579999923706055,16.31399917602539,365.75,269.5,12.444999694824219,987.75,456.25
2018-02-09,2031.0,59.20000076293945,76.68000030517578,1313.0999755859375,3.0244998931884766,121.8499984741211,2.5840001106262207,13.670000076293945,16.115999221801758,362.0,266.5,12.324999809265137,983.0,449.0
2018-02-12,1970.0,59.290000915527344,76.44999694824219,1324.199951171875,3.077500104904175,121.4000015258789,2.552000045776367,13.729999542236328,16.54800033569336,367.0,275.0,12.390000343322754,1001.75,464.0
2018-02-13,1999.0,59.189998626708984,76.37999725341797,1328.0999755859375,3.1545000076293945,122.75,2.5940001010894775,13.479999542236328,16.506999969482422,366.75,273.5,12.28499984741211,1011.75,460.75
2018-02-14,2055.0,60.599998474121094,75.5999984741211,1355.5,3.2284998893737793,122.80000305175781,2.5869998931884766,13.399999618530273,16.857999801635742,367.25,265.75,12.25,1017.25,455.75
2018-02-15,2137.0,61.34000015258789,75.41000366210938,1352.0999755859375,3.239000082015991,121.75,2.5799999237060547,13.619999885559082,16.777000427246094,367.75,268.5,11.949999809265137,1024.25,461.75
2018-02-16,2138.0,61.68000030517578,75.72000122070312,1353.199951171875,3.243000030517578,117.94999694824219,2.558000087738037,13.380000114440918,16.69499969482422,367.5,267.75,12.015000343322754,1021.5,457.75
2018-02-20,2146.0,61.900001525878906,77.51000213623047,1328.800048828125,3.186000108718872,118.19999694824219,2.615999937057495,13.359999656677246,16.424999237060547,365.5,266.25,11.854999542236328,1026.5,449.25
2018-02-21,2172.0,61.68000030517578,78.91000366210938,1330.0,3.2114999294281006,116.94999694824219,2.6589999198913574,13.380000114440918,16.604000091552734,365.75,258.25,11.960000038146973,1034.25,447.25
2018-02-22,2156.0,62.77000045776367,80.54000091552734,1330.5999755859375,3.237499952316284,119.5999984741211,2.634000062942505,13.710000038146973,16.57900047302246,366.75,257.75,12.020000457763672,1032.0,451.25
2018-02-23,2204.0,63.54999923706055,81.44999694824219,1328.199951171875,3.2084999084472656,119.44999694824219,2.625,13.680000305175781,16.47599983215332,366.25,260.0,11.96500015258789,1036.25,452.25
2018-02-26,2224.0,63.90999984741211,81.69999694824219,1330.699951171875,3.196000099182129,120.5,2.6389999389648438,13.65999984741211,16.54199981689453,368.5,262.5,11.890000343322754,1034.25,459.5
2018-02-27,2239.0,63.0099983215332,81.76000213623047,1315.5,3.1575000286102295,119.94999694824219,2.683000087738037,13.010000228881836,16.34600067138672,370.5,260.0,11.949999809265137,1038.0,463.25
2018-02-28,2240.0,61.63999938964844,81.6500015258789,1315.5,3.1075000762939453,121.05000305175781,2.6670000553131104,13.479999542236328,16.323999404907227,374.5,263.0,12.390000343322754,1045.0,484.5
2018-03-01,2270.0,60.9900016784668,82.56999969482422,1302.9000244140625,3.0994999408721924,122.44999694824219,2.697999954223633,13.710000038146973,16.200000762939453,378.75,269.0,12.420000076293945,1057.5,505.5
2018-03-02,2320.0,61.25,82.72000122070312,1321.0999755859375,3.1010000705718994,120.3499984741211,2.694999933242798,13.420000076293945,16.392000198364258,377.25,265.0,12.265000343322754,1060.75,492.0
2018-03-05,2459.0,62.56999969482422,85.41000366210938,1318.0999755859375,3.1054999828338623,119.19999694824219,2.7039999961853027,13.5600004196167,16.33799934387207,378.25,264.75,12.300000190734863,1066.75,502.25
2018-03-06,2454.0,62.599998474121094,83.83999633789062,1333.5999755859375,3.13700008392334,119.94999694824219,2.749000072479248,13.449999809265137,16.71500015258789,379.75,262.0,12.3100004196167,1064.5,502.0
2018-03-07,2456.0,61.150001525878906,84.19999694824219,1326.0,3.114000082015991,119.30000305175781,2.7769999504089355,12.789999961853027,16.42799949645996,379.25,259.5,12.3149995803833,1055.0,493.0
2018-03-08,2506.0,60.119998931884766,85.12000274658203,1319.9000244140625,3.058500051498413,119.0,2.75600004196167,12.890000343322754,16.43600082397461,385.75,260.75,12.260000228881836,1053.75,494.75
2018-03-09,2478.0,62.040000915527344,84.5199966430664,1322.4000244140625,3.115999937057495,118.8499984741211,2.7320001125335693,12.84000015258789,16.54599952697754,383.0,259.5,12.15999984741211,1029.25,489.0
2018-03-12,2565.0,61.36000061035156,83.27999877929688,1319.4000244140625,3.1040000915527344,118.1500015258789,2.7780001163482666,12.930000305175781,16.47100067138672,384.25,258.75,12.135000228881836,1033.25,489.75
2018-03-13,2551.0,60.709999084472656,82.9800033569336,1325.9000244140625,3.11899995803833,120.44999694824219,2.7860000133514404,12.619999885559082,16.55900001525879,385.5,258.0,12.100000381469727,1040.5,485.5
2018-03-14,2575.0,60.959999084472656,83.44000244140625,1324.4000244140625,3.140000104904175,119.94999694824219,2.7309999465942383,12.760000228881836,16.466999053955078,383.5,253.25,12.100000381469727,1028.5,495.75
2018-03-15,2536.0,61.189998626708984,83.52999877929688,1316.800048828125,3.1110000610351562,117.6500015258789,2.680999994277954,12.739999771118164,16.35300064086914,386.75,251.0,12.40999984741211,1040.75,478.75
2018-03-16,2522.0,62.34000015258789,82.8499984741211,1311.300048828125,3.0929999351501465,116.94999694824219,2.687999963760376,12.649999618530273,16.20199966430664,382.75,242.25,12.460000038146973,1049.5,467.75
2018-03-19,2445.0,62.060001373291016,81.2300033569336,1316.800048828125,3.069499969482422,118.3499984741211,2.6510000228881836,12.890000343322754,16.2549991607666,375.0,235.0,12.28499984741211,1022.5,450.75
2018-03-20,2480.0,63.400001525878906,83.08000183105469,1311.0999755859375,3.0255000591278076,118.94999694824219,2.674999952316284,12.5600004196167,16.125,374.5,235.5,12.204999923706055,1028.25,453.0
2018-03-21,2524.0,65.16999816894531,82.58999633789062,1320.699951171875,3.0485000610351562,118.8499984741211,2.638000011444092,12.670000076293945,16.35700035095215,375.0,231.5,12.3149995803833,1029.75,453.5
2018-03-22,2535.0,64.30000305175781,82.1500015258789,1326.5999755859375,3.01200008392334,119.0,2.617000102996826,12.770000457763672,16.327999114990234,376.0,228.75,12.324999809265137,1029.75,455.75
2018-03-23,2615.0,65.87999725341797,81.83000183105469,1349.300048828125,2.984499931335449,117.19999694824219,2.5910000801086426,12.569999694824219,16.530000686645508,377.25,226.25,12.359999656677246,1028.25,460.25
2018-03-26,2629.0,65.55000305175781,81.77999877929688,1354.4000244140625,2.9605000019073486,118.1500015258789,2.618000030517578,12.420000076293945,16.631999969482422,374.0,226.5,12.460000038146973,1025.5,454.25
2018-03-27,2554.0,65.25,82.0199966430664,1341.300048828125,2.991499900817871,118.94999694824219,2.690999984741211,12.539999961853027,16.48900032043457,374.0,226.0,12.444999694824219,1019.5,449.0
2018-03-28,2597.0,64.37999725341797,80.73999786376953,1324.199951171875,2.99399995803833,117.75,2.697999954223633,12.210000038146973,16.204999923706055,373.5,221.75,12.444999694824219,1018.0,445.5
2018-03-29,2556.0,64.94000244140625,81.45999908447266,1322.800048828125,3.0190000534057617,118.1500015258789,2.7330000400543213,12.350000381469727,16.222999572753906,387.75,225.0,12.354999542236328,1044.75,451.0
2018-04-02,2635.0,63.0099983215332,80.97000122070312,1342.0999755859375,3.0404999256134033,116.4000015258789,2.683000087738037,12.520000457763672,16.62700080871582,387.25,231.75,12.3100004196167,1035.5,446.25
2018-04-03,2498.0,63.5099983215332,82.0199966430664,1332.800048828125,3.058000087738037,116.5999984741211,2.697000026702881,12.470000267028809,16.347000122070312,388.5,232.5,12.385000228881836,1038.0,457.5
2018-04-04,2475.0,63.369998931884766,79.63999938964844,1335.800048828125,3.006999969482422,116.9000015258789,2.7179999351501465,12.270000457763672,16.208999633789062,381.0,230.0,12.420000076293945,1015.25,455.75
2018-04-05,2508.0,63.540000915527344,82.56999969482422,1324.300048828125,3.069499969482422,117.55000305175781,2.674999952316284,12.350000381469727,16.31999969482422,389.5,232.75,12.390000343322754,1031.25,464.75
2018-04-06,2453.0,62.060001373291016,82.54000091552734,1331.9000244140625,3.053999900817871,117.44999694824219,2.7009999752044678,12.34000015258789,16.332000732421875,388.5,233.25,12.494999885559082,1033.75,472.25
2018-04-09,2502.0,63.41999816894531,82.91000366210938,1336.300048828125,3.071500062942505,118.6500015258789,2.693000078201294,12.359999656677246,16.499000549316406,390.75,237.25,12.819999694824219,1047.0,490.75
2018-04-10,2489.0,65.51000213623047,83.52999877929688,1342.0,3.13100004196167,117.5999984741211,2.6559998989105225,12.130000114440918,16.56599998474121,389.25,236.5,12.774999618530273,1050.0,492.0
2018-04-11,2547.0,66.81999969482422,83.83000183105469,1356.5,3.111999988555908,118.1500015258789,2.674999952316284,12.0600004196167,16.738000869750977,387.0,237.5,12.805000305175781,1047.75,487.25
2018-04-12,2542.0,67.06999969482422,83.69000244140625,1338.4000244140625,3.059999942779541,117.9000015258789,2.686000108718872,12.050000190734863,16.44300079345703,388.75,237.5,12.885000228881836,1060.75,481.0
2018-04-13,2564.0,67.38999938964844,83.41000366210938,1344.800048828125,3.067500114440918,117.30000305175781,2.734999895095825,12.079999923706055,16.628000259399414,386.25,234.25,13.109999656677246,1054.25,472.5
2018-04-16,2702.0,66.22000122070312,83.25,1347.5,3.0915000438690186,114.25,2.752000093460083,11.979999542236328,16.66200065612793,382.5,230.5,13.055000305175781,1042.0,462.25
2018-04-17,2728.0,66.5199966430664,83.12999725341797,1347.199951171875,3.075000047683716,113.55000305175781,2.73799991607666,11.649999618530273,16.77199935913086,380.25,228.75,13.154999732971191,1046.0,466.25
2018-04-18,2824.0,68.47000122070312,82.73999786376953,1351.199951171875,3.1535000801086426,114.9000015258789,2.739000082015991,11.739999771118164,17.231000900268555,383.0,236.0,13.175000190734863,1041.75,475.25
2018-04-19,2831.0,68.29000091552734,82.97000122070312,1346.800048828125,3.128000020980835,114.25,2.6600000858306885,11.75,17.222000122070312,382.0,234.5,13.079999923706055,1037.25,476.75
2018-04-20,2749.0,68.37999725341797,85.47000122070312,1336.699951171875,3.131500005722046,115.75,2.739000082015991,11.640000343322754,17.14699935913086,376.5,232.5,12.989999771118164,1028.75,463.25
2018-04-23,2746.0,68.63999938964844,83.19000244140625,1322.5,3.1080000400543213,117.0,2.740000009536743,11.210000038146973,16.570999145507812,378.5,226.75,13.0649995803833,1020.75,461.5
2018-04-24,2835.0,67.69999694824219,82.26000213623047,1331.4000244140625,3.1384999752044678,118.5,2.7809998989105225,11.140000343322754,16.687000274658203,381.25,224.25,13.130000114440918,1022.25,472.5
2018-04-25,2856.0,68.05000305175781,84.76000213623047,1321.199951171875,3.131999969482422,116.8499984741211,2.7860000133514404,10.859999656677246,16.486000061035156,386.5,222.75,13.104999542236328,1027.5,486.25
2018-04-26,2822.0,68.19000244140625,84.98999786376953,1316.300048828125,3.11299991607666,117.5999984741211,2.821000099182129,10.970000267028809,16.488000869750977,386.0,220.75,12.710000038146973,1028.0,480.75
2018-04-27,2851.0,68.0999984741211,85.33000183105469,1320.300048828125,3.0460000038146973,120.3499984741211,2.7709999084472656,11.220000267028809,16.4060001373291,389.5,221.5,12.8100004196167,1045.0,495.5
2018-04-30,2845.0,68.56999969482422,84.68000030517578,1316.199951171875,3.052500009536743,120.6500015258789,2.763000011444092,11.520000457763672,16.312000274658203,392.5,225.5,12.78499984741211,1037.75,512.5
2018-05-01,2914.0,67.25,85.12000274658203,1303.800048828125,3.015000104904175,122.5999984741211,2.802000045776367,11.6899995803833,16.038999557495117,396.75,227.75,12.635000228881836,1042.5,529.75
2018-05-02,2835.0,67.93000030517578,85.01000213623047,1302.5999755859375,3.047499895095825,121.5999984741211,2.753999948501587,11.75,16.291000366210938,396.0,225.5,12.755000114440918,1032.75,525.75
2018-05-03,2863.0,68.43000030517578,84.44999694824219,1310.699951171875,3.059000015258789,122.19999694824219,2.7260000705718994,11.6899995803833,16.36199951171875,399.5,225.75,12.744999885559082,1043.25,540.5
2018-05-04,2799.0,69.72000122070312,86.3499984741211,1312.699951171875,3.065500020980835,120.44999694824219,2.7109999656677246,11.510000228881836,16.43400001525879,398.75,223.75,12.680000305175781,1027.25,527.5
2018-05-07,2870.0,70.7300033569336,85.98999786376953,1312.199951171875,3.059499979019165,118.19999694824219,2.740999937057495,11.319999694824219,16.413000106811523,393.25,225.25,12.529999732971191,1002.25,514.0
2018-05-08,2794.0,69.05999755859375,85.37999725341797,1312.0,3.0404999256134033,116.55000305175781,2.7320001125335693,11.5600004196167,16.38800048828125,395.5,229.0,12.524999618530273,1011.25,517.75
2018-05-09,2774.0,71.13999938964844,85.86000061035156,1311.300048828125,3.0394999980926514,115.5,2.736999988555908,11.289999961853027,16.45800018310547,394.75,228.75,12.449999809265137,1007.25,514.5
2018-05-10,2758.0,71.36000061035156,84.55999755859375,1320.800048828125,3.0924999713897705,116.30000305175781,2.813999891281128,11.270000457763672,16.68000030517578,394.75,232.0,12.354999542236328,1013.25,507.75
2018-05-11,2801.0,70.69999694824219,84.62000274658203,1319.0,3.0950000286102295,115.25,2.805999994277954,11.220000267028809,16.676000595092773,389.75,223.5,12.484999656677246,994.75,489.5
2018-05-14,2775.0,70.95999908447266,83.69999694824219,1316.5,3.0785000324249268,113.6500015258789,2.8420000076293945,11.260000228881836,16.56999969482422,389.0,229.0,12.324999809265137,1013.0,480.5
2018-05-15,2670.0,71.30999755859375,83.76000213623047,1288.9000244140625,3.0425000190734863,112.9000015258789,2.8359999656677246,11.520000457763672,16.194000244140625,402.25,240.25,12.484999656677246,1018.75,493.5
2018-05-16,2730.0,71.48999786376953,84.3499984741211,1290.199951171875,3.058500051498413,113.25,2.815000057220459,11.609999656677246,16.297000885009766,399.25,241.25,12.550000190734863,999.75,494.25
2018-05-17,2639.0,71.48999786376953,85.02999877929688,1288.199951171875,3.0769999027252197,113.8499984741211,2.8589999675750732,11.5600004196167,16.413000106811523,395.25,241.0,12.5,995.0,497.5
2018-05-18,2678.0,71.27999877929688,86.55000305175781,1290.199951171875,3.0510001182556152,113.94999694824219,2.8469998836517334,11.65999984741211,16.386999130249023,402.5,242.0,12.324999809265137,998.5,518.25
2018-05-21,2615.0,72.23999786376953,88.41999816894531,1290.199951171875,3.0855000019073486,120.19999694824219,2.809999942779541,12.100000381469727,16.45199966430664,402.75,245.25,12.229999542236328,1025.25,507.25
2018-05-22,2589.0,72.12999725341797,87.3499984741211,1291.699951171875,3.11899995803833,120.8499984741211,2.9079999923706055,12.149999618530273,16.507999420166016,404.75,249.75,12.329999923706055,1030.5,521.5
2018-05-23,2618.0,71.83999633789062,86.95999908447266,1289.300048828125,3.060499906539917,119.3499984741211,2.9140000343322754,12.350000381469727,16.33799934387207,408.5,252.0,11.920000076293945,1039.25,531.0
2018-05-24,2603.0,70.70999908447266,87.45999908447266,1303.699951171875,3.0855000019073486,120.55000305175781,2.940000057220459,12.380000114440918,16.621000289916992,404.25,244.0,11.5600004196167,1035.75,530.25
2018-05-25,2556.0,67.87999725341797,89.20999908447266,1303.300048828125,3.066999912261963,120.4000015258789,2.938999891281128,12.460000038146973,16.481000900268555,406.0,248.75,11.5649995803833,1041.5,543.0
2018-05-29,2497.0,66.7300033569336,93.20999908447266,1298.699951171875,3.052000045776367,120.25,2.875,12.460000038146973,16.30500030517578,400.0,244.0,11.460000038146973,1030.5,536.5
2018-05-30,2529.0,68.20999908447266,92.48999786376953,1301.5,3.059499979019165,120.30000305175781,2.884999990463257,12.600000381469727,16.479000091552734,393.5,238.75,11.65999984741211,1023.0,522.0
2018-05-31,2454.0,67.04000091552734,93.1500015258789,1300.0999755859375,3.058000087738037,123.69999694824219,2.9519999027252197,12.789999961853027,16.402000427246094,394.0,244.75,11.5600004196167,1018.5,526.25
2018-06-01,2458.0,65.80999755859375,93.30000305175781,1294.800048828125,3.0915000438690186,122.75,2.9619998931884766,12.520000457763672,16.38800048828125,391.5,246.0,11.444999694824219,1021.25,523.25
2018-06-04,2351.0,64.75,92.0999984741211,1293.0999755859375,3.126499891281128,121.5,2.930000066757202,11.899999618530273,16.378999710083008,380.75,241.25,11.21500015258789,1001.75,505.25
2018-06-05,2289.0,65.5199966430664,89.83999633789062,1297.5,3.190999984741211,119.44999694824219,2.890000104904175,12.020000457763672,16.490999221801758,383.75,244.0,10.944999694824219,1001.25,510.0
2018-06-06,2296.0,64.7300033569336,90.94999694824219,1297.0999755859375,3.254499912261963,118.25,2.8959999084472656,12.199999809265137,16.642000198364258,378.25,240.75,11.555000305175781,994.25,519.75
2018-06-07,2274.0,65.94999694824219,93.72000122070312,1298.699951171875,3.2679998874664307,115.69999694824219,2.930000066757202,11.729999542236328,16.766000747680664,376.25,239.0,11.21500015258789,974.25,526.75
2018-06-08,2393.0,65.73999786376953,94.94000244140625,1298.0999755859375,3.2929999828338623,117.25,2.890000104904175,12.25,16.694000244140625,377.75,240.75,11.180000305175781,969.25,520.0
2018-06-11,2372.0,66.0999984741211,94.75,1298.9000244140625,3.250499963760376,117.0999984741211,2.9489998817443848,12.350000381469727,16.905000686645508,367.25,242.5,11.640000343322754,953.75,514.5
2018-06-12,2413.0,66.36000061035156,95.20999908447266,1295.0999755859375,3.242500066757202,117.3499984741211,2.938999891281128,12.350000381469727,16.849000930786133,377.5,242.25,11.925000190734863,954.0,534.5
2018-06-13,2380.0,66.63999938964844,93.80999755859375,1296.9000244140625,3.247999906539917,116.3499984741211,2.9630000591278076,12.510000228881836,16.952999114990234,376.0,233.0,12.09000015258789,936.0,516.5
2018-06-14,2450.0,66.88999938964844,93.41000366210938,1304.0,3.2165000438690186,115.69999694824219,2.9649999141693115,12.229999542236328,17.22599983215332,363.0,230.0,12.305000305175781,927.25,501.5
2018-06-15,2552.0,65.05999755859375,90.72000122070312,1274.5999755859375,3.1410000324249268,115.19999694824219,3.0220000743865967,12.020000457763672,16.45199966430664,361.25,233.5,12.359999656677246,905.5,499.5
2018-06-18,2509.0,65.8499984741211,87.31999969482422,1276.199951171875,3.1034998893737793,114.44999694824219,2.9509999752044678,11.989999771118164,16.41200065612793,356.0,233.25,12.744999885559082,908.5,490.0
2018-06-19,2468.0,65.06999969482422,83.31999969482422,1275.5999755859375,3.0464999675750732,114.0999984741211,2.9000000953674316,11.84000015258789,16.30299949645996,353.75,235.0,12.210000038146973,889.0,477.75
2018-06-20,2568.0,66.22000122070312,83.20999908447266,1271.199951171875,3.0464999675750732,113.6500015258789,2.9639999866485596,11.890000343322754,16.288999557495117,354.25,238.75,12.649999618530273,889.5,488.25
2018-06-21,2509.0,65.54000091552734,83.20999908447266,1267.199951171875,3.0250000953674316,112.5999984741211,2.9749999046325684,11.869999885559082,16.305999755859375,357.0,242.0,12.694999694824219,880.5,495.25
2018-06-22,2484.0,68.58000183105469,85.43000030517578,1267.4000244140625,3.0325000286102295,113.8499984741211,2.944999933242798,12.050000190734863,16.43899917602539,357.25,244.5,12.600000381469727,894.5,491.25
2018-06-25,2433.0,68.08000183105469,85.94000244140625,1265.5999755859375,2.992000102996826,114.1500015258789,2.9230000972747803,12.0,16.308000564575195,350.5,241.0,12.470000267028809,874.5,476.75
2018-06-26,2431.0,70.52999877929688,85.04000091552734,1256.5999755859375,2.996999979019165,114.80000305175781,2.938999891281128,12.119999885559082,16.238000869750977,352.5,241.25,12.505000114440918,867.25,469.5
2018-06-27,2339.0,72.76000213623047,85.75,1252.800048828125,2.989500045776367,114.30000305175781,2.996000051498413,11.720000267028809,16.138999938964844,352.5,254.0,11.699999809265137,867.5,479.5
2018-06-28,2418.0,73.44999694824219,84.93000030517578,1247.800048828125,2.9535000324249268,112.1500015258789,2.940000057220459,11.880000114440918,15.951000213623047,345.0,243.0,11.420000076293945,861.25,479.5
2018-06-29,2476.0,74.1500015258789,85.37999725341797,1251.300048828125,2.9509999752044678,111.5,2.9240000247955322,11.859999656677246,16.104000091552734,350.25,250.5,11.609999656677246,858.5,497.5
2018-07-02,2465.0,73.94000244140625,84.5,1239.800048828125,2.93149995803833,107.80000305175781,2.861999988555908,11.5600004196167,15.744000434875488,337.5,245.5,11.795000076293945,848.5,480.25
2018-07-03,2418.0,74.13999938964844,84.54000091552734,1251.5999755859375,2.9059998989105225,108.3499984741211,2.869999885559082,11.390000343322754,15.95199966430664,342.75,254.0,12.0,844.0,491.5
2018-07-05,2446.0,72.94000244140625,83.7300033569336,1257.300048828125,2.813999891281128,106.30000305175781,2.8369998931884766,11.479999542236328,16.007999420166016,343.5,258.25,12.234999656677246,835.5,504.0
2018-07-06,2459.0,73.80000305175781,86.37999725341797,1254.300048828125,2.812999963760376,111.25,2.8580000400543213,11.510000228881836,15.980999946594238,351.75,254.25,12.114999771118164,874.0,512.75
2018-07-09,2443.0,73.8499984741211,87.16000366210938,1258.0999755859375,2.8389999866485596,112.19999694824219,2.828000068664551,11.399999618530273,16.05299949645996,345.75,258.75,12.149999618530273,851.75,507.75
2018-07-10,2501.0,74.11000061035156,87.5,1253.800048828125,2.8285000324249268,111.94999694824219,2.7880001068115234,11.40999984741211,16.003000259399414,339.75,256.0,11.8100004196167,852.25,489.5
2018-07-11,2484.0,70.37999725341797,85.23999786376953,1242.800048828125,2.7335000038146973,109.19999694824219,2.8289999961853027,11.289999961853027,15.732000350952148,331.25,256.0,11.8100004196167,829.75,469.75
2018-07-12,2489.0,70.33000183105469,89.23999786376953,1245.0,2.7679998874664307,108.69999694824219,2.796999931335449,11.079999923706055,15.89799976348877,336.5,257.5,11.835000038146973,830.0,482.5
2018-07-13,2517.0,71.01000213623047,88.9000015258789,1239.5999755859375,2.7699999809265137,107.05000305175781,2.752000093460083,10.960000038146973,15.73900032043457,330.25,258.0,11.8149995803833,814.0,481.5
2018-07-16,2410.0,68.05999755859375,88.87999725341797,1238.0999755859375,2.756999969482422,107.44999694824219,2.759000062942505,11.140000343322754,15.734999656677246,341.75,231.5,12.045000076293945,829.5,488.5
2018-07-17,2395.0,68.08000183105469,89.19999694824219,1225.699951171875,2.739500045776367,105.69999694824219,2.740000009536743,11.130000114440918,15.545999526977539,346.25,231.5,12.010000228881836,839.5,497.75
2018-07-18,2337.0,68.76000213623047,88.83000183105469,1226.300048828125,2.752000093460083,104.5999984741211,2.7209999561309814,11.079999923706055,15.503000259399414,347.25,234.0,11.824999809265137,842.25,494.5
2018-07-19,2292.0,69.45999908447266,88.30000305175781,1222.4000244140625,2.686000108718872,105.25,2.7690000534057617,10.970000267028809,15.34000015258789,351.25,232.0,11.864999771118164,846.0,504.25
2018-07-20,2322.0,70.45999908447266,87.73999786376953,1229.5,2.746000051498413,110.6500015258789,2.756999969482422,11.119999885559082,15.489999771118164,355.25,233.25,11.930000305175781,849.75,516.0
2018-07-23,2299.0,67.88999938964844,87.47000122070312,1224.0,2.736999988555908,111.6500015258789,2.7209999561309814,11.079999923706055,15.368000030517578,357.25,231.5,11.989999771118164,847.75,513.75
2018-07-24,2257.0,68.5199966430664,87.31999969482422,1223.9000244140625,2.799999952316284,110.94999694824219,2.7320001125335693,11.1899995803833,15.463000297546387,352.0,230.5,12.055000305175781,858.0,510.25
2018-07-25,2245.0,69.30000305175781,88.80000305175781,1231.4000244140625,2.805999994277954,111.0,2.7750000953674316,11.1899995803833,15.532999992370605,359.25,232.25,12.045000076293945,860.75,542.75
2018-07-26,2315.0,69.61000061035156,89.02999877929688,1225.300048828125,2.803999900817871,109.55000305175781,2.7799999713897705,11.029999732971191,15.437999725341797,361.5,232.5,12.0,861.25,536.5
2018-07-27,2233.0,68.69000244140625,89.05999755859375,1222.5999755859375,2.7874999046325684,110.44999694824219,2.822000026702881,10.880000114440918,15.435999870300293,362.0,232.0,12.005000114440918,870.5,530.5
2018-07-30,2239.0,70.12999725341797,89.94999694824219,1221.300048828125,2.7790000438690186,111.4000015258789,2.796999931335449,10.819999694824219,15.475000381469727,367.25,232.75,11.954999923706055,875.0,546.5
2018-07-31,2170.0,68.76000213623047,90.27999877929688,1223.699951171875,2.819000005722046,109.9000015258789,2.7820000648498535,10.550000190734863,15.5,372.25,235.75,11.914999961853027,903.75,553.75
2018-08-01,2070.0,67.66000366210938,89.05999755859375,1217.9000244140625,2.734999895095825,108.05000305175781,2.757999897003174,10.479999542236328,15.394000053405762,365.0,239.0,11.875,886.75,558.25
2018-08-02,2072.0,68.95999908447266,89.44000244140625,1210.5999755859375,2.7269999980926514,106.69999694824219,2.815999984741211,10.59000015258789,15.329000473022461,366.75,243.0,11.630000114440918,882.5,560.5
2018-08-03,2046.0,68.48999786376953,88.66999816894531,1214.199951171875,2.753499984741211,107.75,2.8529999256134033,10.850000381469727,15.406000137329102,369.75,249.75,11.494999885559082,886.25,556.25
2018-08-06,2122.0,69.01000213623047,88.69000244140625,1208.5999755859375,2.7209999561309814,108.75,2.859999895095825,10.979999542236328,15.291999816894531,371.0,261.5,11.274999618530273,877.25,574.5
2018-08-07,2103.0,69.16999816894531,88.22000122070312,1209.5999755859375,2.740999937057495,109.05000305175781,2.8970000743865967,10.880000114440918,15.317000389099121,370.75,255.25,10.90999984741211,889.25,568.25
2018-08-08,2111.0,66.94000244140625,87.38999938964844,1212.5999755859375,2.740499973297119,107.8499984741211,2.9489998817443848,10.8100004196167,15.37600040435791,371.25,263.75,10.649999618530273,893.75,570.0
2018-08-09,2081.0,66.80999755859375,87.26000213623047,1211.9000244140625,2.755500078201294,107.6500015258789,2.9549999237060547,10.84000015258789,15.418999671936035,369.25,261.5,10.739999771118164,887.75,564.5
2018-08-10,2086.0,67.62999725341797,85.86000061035156,1211.0999755859375,2.7325000762939453,107.0,2.944000005722046,10.539999961853027,15.265999794006348,357.75,256.75,10.550000190734863,846.0,546.75
2018-08-13,2121.0,67.19999694824219,83.13999938964844,1191.300048828125,2.7219998836517334,106.25,2.930000066757202,10.300000190734863,14.95300006866455,356.5,258.0,10.305000305175781,853.5,533.5
2018-08-14,2108.0,67.04000091552734,83.41000366210938,1193.0,2.67549991607666,105.05000305175781,2.9590001106262207,10.34000015258789,15.024999618530273,362.25,260.25,10.194999694824219,864.5,541.75
2018-08-15,2083.0,65.01000213623047,81.08000183105469,1177.5,2.556999921798706,102.4000015258789,2.940000057220459,10.229999542236328,14.420999526977539,361.5,249.75,10.324999809265137,857.5,532.25
2018-08-16,2104.0,65.45999908447266,82.12999725341797,1176.199951171875,2.6135001182556152,101.69999694824219,2.9079999923706055,10.300000190734863,14.696999549865723,365.25,253.75,10.460000038146973,885.5,542.25
2018-08-17,2115.0,65.91000366210938,81.75,1176.5,2.624500036239624,101.19999694824219,2.946000099182129,10.180000305175781,14.616000175476074,364.25,258.75,10.350000381469727,881.5,560.5
2018-08-20,2198.0,66.43000030517578,83.0999984741211,1186.800048828125,2.6635000705718994,97.25,2.940999984741211,10.09000015258789,14.654999732971191,362.0,260.75,10.265000343322754,881.75,542.25
2018-08-21,2269.0,67.3499984741211,83.5,1192.5999755859375,2.689500093460083,97.94999694824219,2.9800000190734863,10.170000076293945,14.75100040435791,359.75,257.0,10.539999961853027,874.5,527.25
2018-08-22,2310.0,67.86000061035156,82.5199966430664,1196.300048828125,2.6684999465942383,96.4000015258789,2.9560000896453857,10.180000305175781,14.734999656677246,352.5,259.75,10.800000190734863,858.25,526.0
2018-08-23,2349.0,67.83000183105469,81.7300033569336,1187.0,2.6524999141693115,97.19999694824219,2.9639999866485596,10.119999885559082,14.527000427246094,346.75,263.25,10.800000190734863,842.0,522.0
2018-08-24,2374.0,68.72000122070312,81.80999755859375,1206.300048828125,2.6989998817443848,100.55000305175781,2.9170000553131104,10.229999542236328,14.779000282287598,348.5,259.5,10.78499984741211,842.0,514.75
2018-08-27,2321.0,68.87000274658203,83.5199966430664,1209.0,2.7049999237060547,101.8499984741211,2.875999927520752,10.510000228881836,14.843999862670898,346.75,247.25,10.510000228881836,834.75,499.25
2018-08-28,2295.0,68.52999877929688,83.80999755859375,1207.4000244140625,2.7339999675750732,99.25,2.8519999980926514,10.3100004196167,14.767000198364258,341.0,247.25,10.595000267028809,820.5,498.25
2018-08-29,2336.0,69.51000213623047,82.97000122070312,1204.5,2.7090001106262207,98.6500015258789,2.8949999809265137,10.369999885559082,14.687999725341797,341.25,251.75,10.8100004196167,823.25,515.75
2018-08-30,2262.0,70.25,82.41999816894531,1197.699951171875,2.690500020980835,98.94999694824219,2.874000072479248,10.569999694824219,14.47700023651123,341.0,239.5,10.670000076293945,819.5,508.0
2018-08-31,2323.0,69.80000305175781,82.30999755859375,1200.300048828125,2.6489999294281006,98.0999984741211,2.9159998893737793,10.600000381469727,14.437999725341797,351.0,243.5,10.829999923706055,833.0,518.5
2018-09-04,2335.0,69.87000274658203,82.77999877929688,1192.699951171875,2.5834999084472656,97.75,2.822999954223633,10.640000343322754,14.060999870300293,354.5,234.0,10.850000381469727,832.0,502.75
2018-09-05,2314.0,68.72000122070312,81.70999908447266,1194.9000244140625,2.5924999713897705,100.0999984741211,2.7950000762939453,10.890000343322754,14.118000030517578,351.75,233.75,10.704999923706055,825.5,493.75
2018-09-06,2310.0,67.7699966430664,81.37999725341797,1197.9000244140625,2.618499994277954,97.94999694824219,2.7720000743865967,10.800000190734863,14.074999809265137,353.5,234.25,10.774999618530273,826.75,486.0
2018-09-07,2288.0,67.75,82.12999725341797,1193.5999755859375,2.6034998893737793,98.80000305175781,2.7760000228881836,11.010000228881836,14.067000389099121,354.25,234.5,10.845000267028809,832.0,486.25
2018-09-10,2329.0,67.54000091552734,83.93000030517578,1193.0,2.6105000972747803,97.5,2.803999900817871,11.199999809265137,14.079000473022461,355.5,238.75,10.8149995803833,833.5,504.0
2018-09-11,2283.0,69.25,83.02999877929688,1195.4000244140625,2.6040000915527344,96.19999694824219,2.828000068664551,11.180000305175781,14.052000045776367,355.25,233.75,10.645000457763672,820.25,493.75
2018-09-12,2355.0,70.37000274658203,82.76000213623047,1204.699951171875,2.6584999561309814,97.8499984741211,2.8289999961853027,11.670000076293945,14.192000389099121,341.5,234.0,10.645000457763672,829.0,481.75
2018-09-13,2314.0,68.58999633789062,81.62000274658203,1202.0,2.6644999980926514,96.4000015258789,2.816999912261963,11.680000305175781,14.142999649047852,336.25,229.75,10.664999961853027,822.75,471.75
2018-09-14,2219.0,68.98999786376953,81.9000015258789,1195.0,2.627500057220459,95.44999694824219,2.7669999599456787,11.15999984741211,14.041999816894531,337.0,229.75,10.664999961853027,821.5,480.0
2018-09-17,2236.0,68.91000366210938,81.51000213623047,1199.699951171875,2.633500099182129,93.44999694824219,2.813999891281128,10.630000114440918,14.121999740600586,348.0,243.0,10.300000190734863,823.5,506.25
2018-09-18,2242.0,69.8499984741211,79.1500015258789,1196.800048828125,2.7119998931884766,92.0,2.933000087738037,10.520000457763672,14.083999633789062,343.25,245.75,10.045000076293945,814.0,510.5
2018-09-19,2195.0,71.12000274658203,79.62999725341797,1202.199951171875,2.7100000381469727,96.69999694824219,2.9079999923706055,10.760000228881836,14.189000129699707,345.75,249.25,9.795000076293945,830.0,522.5
2018-09-20,2201.0,70.80000305175781,79.06999969482422,1206.199951171875,2.7209999561309814,99.75,2.9760000705718994,10.800000190734863,14.21500015258789,352.5,249.0,9.875,850.25,524.0
2018-09-21,2167.0,70.77999877929688,79.27999877929688,1196.199951171875,2.8364999294281006,99.9000015258789,2.9769999980926514,10.84000015258789,14.269000053405762,357.25,253.0,9.880000114440918,847.25,521.75
2018-09-24,2235.0,72.08000183105469,78.7300033569336,1199.300048828125,2.815999984741211,98.5,3.0380001068115234,10.380000114440918,14.25100040435791,360.5,259.25,9.829999923706055,841.0,527.0
2018-09-25,2195.0,72.27999877929688,80.41000366210938,1200.0,2.803499937057495,97.0999984741211,3.0820000171661377,10.359999656677246,14.39799976348877,363.75,257.0,9.875,845.75,520.75
2018-09-26,2151.0,71.56999969482422,79.0,1194.0,2.806999921798706,97.75,3.0209999084472656,9.899999618530273,14.305000305175781,363.0,258.5,9.78499984741211,850.0,517.5
2018-09-27,2114.0,72.12000274658203,78.12000274658203,1182.300048828125,2.7644999027252197,99.30000305175781,3.055999994277954,10.050000190734863,14.201000213623047,364.75,260.25,9.78499984741211,855.0,513.0
2018-09-28,2057.0,73.25,76.76000213623047,1191.5,2.7869999408721924,102.44999694824219,3.007999897003174,10.420000076293945,14.623000144958496,356.25,264.75,9.779999732971191,845.5,509.0
2018-10-01,1990.0,75.30000305175781,76.69999694824219,1187.0999755859375,2.7739999294281006,102.19999694824219,3.0940001010894775,11.609999656677246,14.42199993133545,365.75,269.75,10.135000228881836,857.75,509.5
2018-10-02,2086.0,75.2300033569336,76.58000183105469,1202.4000244140625,2.7950000762939453,107.6500015258789,3.1659998893737793,12.069999694824219,14.609999656677246,367.5,273.0,10.265000343322754,866.0,519.25
2018-10-03,2019.0,76.41000366210938,76.8499984741211,1198.300048828125,2.822499990463257,106.5999984741211,3.2300000190734863,12.229999542236328,14.59000015258789,364.75,275.0,10.489999771118164,861.5,515.25
2018-10-04,2010.0,74.33000183105469,76.38999938964844,1197.199951171875,2.765000104904175,106.94999694824219,3.1649999618530273,12.329999923706055,14.510000228881836,367.5,288.0,10.779999732971191,859.25,518.0
2018-10-05,2024.0,74.33999633789062,76.48999786376953,1201.199951171875,2.750999927520752,108.94999694824219,3.1429998874664307,12.630000114440918,14.569000244140625,368.25,287.0,10.819999694824219,869.0,521.0
2018-10-08,2086.0,74.29000091552734,77.94000244140625,1184.4000244140625,2.755000114440918,111.8499984741211,3.2669999599456787,12.9399995803833,14.258999824523926,366.5,282.25,10.875,869.75,514.0
2018-10-09,2119.0,74.95999908447266,77.4000015258789,1187.199951171875,2.7950000762939453,113.1500015258789,3.2660000324249268,12.970000267028809,14.329000473022461,364.5,286.0,10.949999809265137,863.0,515.0
2018-10-10,2088.0,73.16999816894531,76.80000305175781,1189.300048828125,2.7690000534057617,111.9000015258789,3.2839999198913574,12.850000381469727,14.255000114440918,362.75,284.25,10.9350004196167,852.25,510.5
2018-10-11,2097.0,70.97000122070312,76.80999755859375,1223.5,2.796999931335449,112.9000015258789,3.2219998836517334,12.920000076293945,14.53499984741211,369.25,286.5,10.6850004196167,858.25,508.0
2018-10-12,2160.0,71.33999633789062,78.37000274658203,1218.0999755859375,2.7929999828338623,116.55000305175781,3.1610000133514404,13.069999694824219,14.564000129699707,373.75,288.0,10.6850004196167,867.5,517.25
2018-10-15,2141.0,71.77999877929688,78.72000122070312,1226.4000244140625,2.7804999351501465,119.3499984741211,3.242000102996826,13.430000305175781,14.656000137329102,378.25,300.25,10.75,891.5,525.0
2018-10-16,2194.0,71.91999816894531,78.33000183105469,1227.300048828125,2.7704999446868896,117.6500015258789,3.239000082015991,13.25,14.630000114440918,375.25,302.25,10.885000228881836,884.75,523.5
2018-10-17,2226.0,69.75,77.91999816894531,1223.699951171875,2.7669999599456787,122.55000305175781,3.319999933242798,13.729999542236328,14.592000007629395,374.25,295.25,10.960000038146973,885.75,517.5
2018-10-18,2145.0,68.6500015258789,78.05000305175781,1226.5,2.737499952316284,122.05000305175781,3.197999954223633,13.869999885559082,14.532999992370605,370.75,295.25,10.960000038146973,863.5,513.0
2018-10-19,2162.0,69.12000274658203,77.91999816894531,1225.300048828125,2.7679998874664307,122.0999984741211,3.25,13.890000343322754,14.579000473022461,367.0,295.25,11.03499984741211,856.75,514.75
2018-10-22,2220.0,69.16999816894531,80.0199966430664,1221.199951171875,2.7739999294281006,117.6500015258789,3.138000011444092,13.819999694824219,14.522000312805176,369.5,295.5,10.835000038146973,858.5,508.0
2018-10-23,2187.0,66.43000030517578,78.98999786376953,1233.4000244140625,2.746999979019165,121.0999984741211,3.2119998931884766,13.8100004196167,14.727999687194824,370.25,297.0,10.819999694824219,857.5,509.0
2018-10-24,2137.0,66.81999969482422,77.06999969482422,1227.800048828125,2.746500015258789,120.25,3.1659998893737793,14.010000228881836,14.611000061035156,368.25,291.75,10.854999542236328,850.25,499.5
2018-10-25,2209.0,67.33000183105469,77.68000030517578,1229.0999755859375,2.748500108718872,121.1500015258789,3.2019999027252197,13.970000267028809,14.5649995803833,361.0,285.75,10.795000076293945,841.75,487.25
2018-10-26,2251.0,67.58999633789062,78.52999877929688,1232.5,2.74399995803833,119.6500015258789,3.184999942779541,13.84000015258789,14.635000228881836,367.75,292.0,10.729999542236328,845.0,505.25
2018-10-29,2195.0,67.04000091552734,77.16999816894531,1224.5,2.7385001182556152,114.25,3.184999942779541,13.5,14.376999855041504,366.75,286.5,10.475000381469727,839.0,507.25
2018-10-30,2215.0,66.18000030517578,76.9000015258789,1222.5999755859375,2.6630001068115234,112.4000015258789,3.187000036239624,13.319999694824219,14.402999877929688,364.75,279.75,10.4399995803833,833.5,499.75
2018-10-31,2234.0,65.30999755859375,76.86000061035156,1212.300048828125,2.6635000705718994,112.69999694824219,3.260999917984009,13.1899995803833,14.229000091552734,363.25,276.5,10.579999923706055,839.0,500.5
2018-11-01,2264.0,63.689998626708984,79.02999877929688,1236.0,2.7214999198913574,117.80000305175781,3.236999988555908,13.1899995803833,14.729000091552734,366.75,281.25,10.635000228881836,869.0,508.0
2018-11-02,2267.0,63.13999938964844,78.79000091552734,1230.9000244140625,2.802999973297119,120.05000305175781,3.2839999198913574,13.4399995803833,14.706999778747559,371.25,284.25,10.699999809265137,875.25,508.75
2018-11-05,2312.0,63.099998474121094,78.87000274658203,1229.800048828125,2.755500078201294,117.0999984741211,3.566999912261963,13.149999618530273,14.604000091552734,374.0,292.75,10.755000114440918,873.0,507.25
2018-11-06,2379.0,62.209999084472656,77.43000030517578,1223.800048828125,2.7304999828338623,113.25,3.555000066757202,12.960000038146973,14.458000183105469,373.25,293.75,10.654999732971191,872.0,512.0
2018-11-07,2383.0,61.66999816894531,78.95999908447266,1226.199951171875,2.752500057220459,115.5999984741211,3.555000066757202,13.010000228881836,14.527999877929688,372.25,287.25,10.699999809265137,867.75,510.25
2018-11-08,2265.0,60.66999816894531,79.01000213623047,1222.9000244140625,2.736999988555908,116.6500015258789,3.5429999828338623,12.84000015258789,14.38599967956543,373.5,286.75,10.614999771118164,867.5,507.75
2018-11-09,2250.0,60.189998626708984,78.08999633789062,1206.4000244140625,2.686500072479248,113.8499984741211,3.7190001010894775,12.729999542236328,14.102999687194824,369.75,285.0,10.595000267028809,875.25,502.0
2018-11-12,2209.0,59.93000030517578,76.37999725341797,1201.300048828125,2.677999973297119,110.1500015258789,3.7880001068115234,12.9399995803833,13.973999977111816,371.25,285.0,10.645000457763672,871.75,519.75
2018-11-13,2211.0,55.689998626708984,75.86000061035156,1199.199951171875,2.687000036239624,109.19999694824219,4.10099983215332,12.609999656677246,13.95199966430664,366.5,284.5,10.875,867.25,507.75
2018-11-14,2158.0,56.25,76.38999938964844,1207.9000244140625,2.7095000743865967,112.6500015258789,4.836999893188477,12.649999618530273,14.055000305175781,367.0,288.5,10.899999618530273,870.5,503.0
2018-11-15,2166.0,56.459999084472656,76.25,1212.800048828125,2.749000072479248,110.05000305175781,4.038000106811523,12.649999618530273,14.237000465393066,367.5,292.25,10.739999771118164,888.75,505.5
2018-11-16,2193.0,56.459999084472656,76.12000274658203,1220.800048828125,2.803999900817871,112.5999984741211,4.271999835968018,12.6899995803833,14.357999801635742,364.75,298.25,10.890000343322754,892.25,506.75
2018-11-19,2155.0,56.7599983215332,75.87999725341797,1223.0999755859375,2.804500102996826,112.3499984741211,4.699999809265137,12.800000190734863,14.380999565124512,362.25,304.5,10.770000457763672,873.75,498.5
2018-11-20,2144.0,53.43000030517578,75.2699966430664,1219.0,2.7664999961853027,110.6500015258789,4.5229997634887695,12.460000038146973,14.246999740600586,361.25,303.75,10.734999656677246,881.0,500.75
2018-11-21,2084.0,54.630001068115234,76.51000213623047,1225.800048828125,2.7945001125335693,110.30000305175781,4.451000213623047,12.680000305175781,14.479999542236328,361.75,291.5,10.78499984741211,883.0,498.75
2018-11-23,2061.0,50.41999816894531,74.91999816894531,1221.0,2.7704999446868896,107.1500015258789,4.308000087738037,12.470000267028809,14.220999717712402,359.0,286.5,10.760000228881836,881.0,499.75
2018-11-26,2057.0,51.630001068115234,77.4000015258789,1220.199951171875,2.758500099182129,107.0,4.248000144958496,12.479999542236328,14.182999610900879,356.0,277.75,10.75,862.25,507.5
2018-11-27,2086.0,51.560001373291016,76.7699966430664,1211.199951171875,2.7105000019073486,109.5,4.26200008392334,12.34000015258789,14.062000274658203,356.5,269.5,10.845000267028809,875.5,498.0
2018-11-28,2062.0,50.290000915527344,77.76000213623047,1221.4000244140625,2.7960000038146973,110.0999984741211,4.715000152587891,12.84000015258789,14.303000450134277,360.5,289.5,10.819999694824219,890.5,497.5
2018-11-29,2106.0,51.45000076293945,76.63999938964844,1224.0999755859375,2.7780001163482666,108.5,4.645999908447266,12.869999885559082,14.27299976348877,360.25,278.5,10.914999961853027,887.25,496.5
2018-11-30,2144.0,50.93000030517578,77.16000366210938,1220.199951171875,2.7774999141693115,103.25,4.611999988555908,12.84000015258789,14.093999862670898,366.5,288.25,10.885000228881836,894.75,515.75
2018-12-03,2144.0,52.95000076293945,78.91000366210938,1233.9000244140625,2.799499988555908,103.5,4.339000225067139,12.90999984741211,14.380999565124512,371.25,286.75,10.979999542236328,905.75,515.75
2018-12-04,2105.0,53.25,78.7699966430664,1241.0999755859375,2.748500108718872,101.9000015258789,4.456999778747559,12.75,14.520999908447266,374.25,283.5,10.975000381469727,911.75,519.25
2018-12-06,2078.0,51.4900016784668,78.0199966430664,1238.0999755859375,2.740499973297119,100.6500015258789,4.327000141143799,12.640000343322754,14.390000343322754,372.0,284.0,10.829999923706055,909.5,505.25
2018-12-07,2175.0,52.61000061035156,80.2300033569336,1246.800048828125,2.757499933242798,98.80000305175781,4.48799991607666,12.869999885559082,14.571999549865723,374.0,281.5,10.770000457763672,916.75,519.5
2018-12-10,2156.0,51.0,79.87999725341797,1243.699951171875,2.7184998989105225,100.44999694824219,4.545000076293945,12.720000267028809,14.477999687194824,374.25,282.5,10.664999961853027,909.75,514.75
2018-12-11,2066.0,51.650001525878906,80.0199966430664,1241.9000244140625,2.7660000324249268,97.6500015258789,4.4070000648498535,12.829999923706055,14.49899959564209,375.0,285.5,10.645000457763672,915.0,509.75
2018-12-12,2112.0,51.150001525878906,79.97000122070312,1244.4000244140625,2.7685000896453857,97.75,4.136000156402588,12.739999771118164,14.725000381469727,376.25,283.0,10.550000190734863,920.0,515.25
2018-12-13,2200.0,52.58000183105469,79.41000366210938,1242.699951171875,2.762500047683716,98.80000305175781,4.124000072479248,12.75,14.729000091552734,375.5,282.0,10.449999809265137,907.0,527.75
2018-12-14,2237.0,51.20000076293945,79.5999984741211,1237.0,2.760499954223633,96.94999694824219,3.8269999027252197,12.649999618530273,14.512999534606934,376.75,278.5,10.574999809265137,900.5,527.75
2018-12-17,2230.0,49.880001068115234,78.54000091552734,1247.4000244140625,2.753000020980835,94.69999694824219,3.5280001163482666,12.489999771118164,14.638999938964844,,288.0,10.555000305175781,904.75,535.25
2018-12-18,2271.0,46.2400016784668,77.8499984741211,1249.199951171875,2.6710000038146973,94.3499984741211,3.8380000591278076,12.300000190734863,14.585000038146973,,287.0,10.529999732971191,907.75,532.75
2018-12-19,2317.0,47.20000076293945,76.70999908447266,1252.0999755859375,2.7214999198913574,100.8499984741211,3.7260000705718994,12.470000267028809,14.70199966430664,381.75,286.5,10.5,900.0,522.5
2018-12-20,2271.0,45.880001068115234,75.05999755859375,1263.5999755859375,2.7019999027252197,102.5,3.5829999446868896,12.430000305175781,14.753000259399414,375.25,278.25,10.524999618530273,893.5,523.5
2018-12-21,2271.0,45.59000015258789,73.18000030517578,1253.800048828125,2.678499937057495,99.69999694824219,3.815999984741211,12.34000015258789,14.583000183105469,378.5,277.25,10.550000190734863,884.75,514.0
2018-12-24,2315.0,42.529998779296875,72.55000305175781,1267.5,2.6684999465942383,102.19999694824219,3.4670000076293945,12.399999618530273,14.701000213623047,377.75,275.75,10.420000076293945,884.0,516.5
2018-12-26,2429.0,46.220001220703125,73.5,1269.199951171875,2.7084999084472656,103.9000015258789,3.5429999828338623,12.390000343322754,15.003999710083008,373.25,275.5,10.3100004196167,870.0,510.0
2018-12-27,2373.0,44.61000061035156,72.05999755859375,1277.300048828125,2.6675000190734863,101.75,3.6419999599456787,12.25,15.190999984741211,374.5,273.5,10.125,869.0,510.5
2018-12-28,2408.0,45.33000183105469,72.19000244140625,1279.9000244140625,2.678999900817871,100.94999694824219,3.302999973297119,12.390000343322754,15.326000213623047,375.5,273.5,10.055000305175781,882.75,511.5
2018-12-31,2416.0,45.40999984741211,72.19999694824219,1278.300048828125,2.628000020980835,101.8499984741211,2.940000057220459,12.029999732971191,15.432999610900879,375.0,275.25,10.095000267028809,882.5,503.25
2019-01-02,2394.0,46.540000915527344,70.83999633789062,1281.0,2.625,99.5,2.9579999446868896,11.930000305175781,15.541999816894531,375.75,278.25,10.085000038146973,894.75,506.75
2019-01-03,2400.0,47.09000015258789,70.83000183105469,1291.800048828125,2.570499897003174,102.1500015258789,2.944999933242798,11.6899995803833,15.706000328063965,379.75,278.5,10.170000076293945,900.25,513.75
2019-01-04,2361.0,47.959999084472656,72.5199966430664,1282.699951171875,2.6514999866485596,101.5999984741211,3.0439999103546143,11.930000305175781,15.694999694824219,383.0,280.0,10.225000381469727,909.5,517.0
2019-01-07,2410.0,48.52000045776367,72.75,1286.800048828125,2.6410000324249268,102.75,2.944000005722046,12.649999618530273,15.668999671936035,382.25,279.5,10.404999732971191,912.25,516.75
2019-01-08,2382.0,49.779998779296875,71.66999816894531,1283.199951171875,2.6605000495910645,105.05000305175781,2.9670000076293945,12.760000228881836,15.62600040435791,380.0,282.75,10.489999771118164,906.25,517.75
2019-01-09,2351.0,52.36000061035156,73.12999725341797,1289.300048828125,2.6619999408721924,105.30000305175781,2.9839999675750732,12.869999885559082,15.652999877929688,382.0,285.75,10.550000190734863,911.5,520.0
2019-01-10,2369.0,52.59000015258789,72.8499984741211,1284.699951171875,2.6435000896453857,104.25,2.9690001010894775,12.670000076293945,15.560999870300293,376.25,288.75,10.595000267028809,895.5,513.75
2019-01-11,2356.0,51.59000015258789,72.48999786376953,1287.0999755859375,2.6695001125335693,103.8499984741211,3.0989999771118164,12.779999732971191,15.57699966430664,378.25,294.75,10.529999732971191,899.25,519.5
2019-01-14,2341.0,50.5099983215332,72.98999786376953,1289.0999755859375,2.6454999446868896,102.75,3.5910000801086426,12.75,15.609000205993652,378.5,300.0,10.430000305175781,890.75,514.25
2019-01-15,2274.0,52.11000061035156,72.36000061035156,1286.199951171875,2.6505000591278076,101.30000305175781,3.500999927520752,13.15999984741211,15.545999526977539,371.25,292.5,10.380000114440918,893.25,511.0
2019-01-16,2322.0,52.310001373291016,73.2699966430664,1291.5999755859375,2.69350004196167,102.4000015258789,3.384000062942505,13.170000076293945,15.564000129699707,374.0,295.5,10.46500015258789,894.5,512.5
2019-01-17,2335.0,52.06999969482422,74.37000274658203,1291.0,2.700000047683716,102.4000015258789,3.4130001068115234,12.850000381469727,15.467000007629395,380.0,295.75,10.5,907.75,517.75
2019-01-18,2307.0,53.79999923706055,73.88999938964844,1281.300048828125,2.740999937057495,104.94999694824219,3.4820001125335693,13.029999732971191,15.329999923706055,381.75,298.75,10.625,916.75,517.75
2019-01-22,2246.0,52.56999969482422,73.12999725341797,1282.5,2.688999891281128,103.3499984741211,3.0399999618530273,12.930000305175781,15.258999824523926,379.0,297.0,10.649999618530273,909.25,521.25
2019-01-23,2245.0,52.619998931884766,73.5199966430664,1283.0999755859375,2.694000005722046,103.4000015258789,2.9800000190734863,12.970000267028809,15.317000389099121,378.75,294.75,10.760000228881836,915.0,526.0
2019-01-24,2256.0,53.130001068115234,73.13999938964844,1279.0999755859375,2.6735000610351562,105.30000305175781,3.0989999771118164,12.979999542236328,15.23799991607666,377.0,290.75,10.675000190734863,916.0,521.5
2019-01-25,2225.0,53.689998626708984,74.12999725341797,1297.4000244140625,2.73799991607666,106.80000305175781,3.177999973297119,12.4399995803833,15.638999938964844,380.25,291.0,10.670000076293945,925.25,520.0
2019-01-28,2250.0,51.9900016784668,73.8499984741211,1302.4000244140625,2.6875,102.6500015258789,2.9110000133514404,12.789999961853027,15.708999633789062,379.75,285.5,10.720000267028809,923.25,518.75
2019-01-29,2215.0,53.310001373291016,74.1500015258789,1308.199951171875,2.7320001125335693,102.5999984741211,2.950000047683716,12.6899995803833,15.78600025177002,377.25,282.0,10.725000381469727,919.0,513.25
2019-01-30,2176.0,54.22999954223633,74.36000061035156,1309.9000244140625,2.7730000019073486,102.0999984741211,2.8540000915527344,12.529999732971191,15.880000114440918,381.25,282.25,10.630000114440918,921.0,516.75
2019-01-31,2168.0,53.790000915527344,74.4000015258789,1319.699951171875,2.7890000343322754,105.9000015258789,2.813999891281128,12.729999542236328,16.02199935913086,376.5,282.5,10.609999656677246,915.25,516.5
2019-02-01,2168.0,55.2599983215332,73.63999938964844,1316.9000244140625,2.7750000953674316,103.69999694824219,2.7339999675750732,12.600000381469727,15.880000114440918,378.25,288.5,10.649999618530273,917.75,524.25
2019-02-04,2228.0,54.560001373291016,72.76000213623047,1314.300048828125,2.7950000762939453,105.5999984741211,2.6600000858306885,12.850000381469727,15.836999893188477,379.25,289.0,10.680000305175781,918.5,525.75
2019-02-05,2219.0,53.65999984741211,73.4000015258789,1314.199951171875,2.816999912261963,104.8499984741211,2.6619999408721924,12.819999694824219,15.789999961853027,380.75,291.25,10.734999656677246,920.25,527.25
2019-02-06,2257.0,54.0099983215332,73.66000366210938,1309.5,2.8355000019073486,105.5,2.6619999408721924,12.899999618530273,15.656000137329102,380.0,287.5,10.574999809265137,921.75,526.0
2019-02-07,2221.0,52.63999938964844,72.80999755859375,1309.4000244140625,2.8285000324249268,104.30000305175781,2.5510001182556152,12.729999542236328,15.675000190734863,376.5,286.25,10.5,913.25,513.25
2019-02-08,2196.0,52.720001220703125,72.55000305175781,1313.699951171875,2.809999942779541,102.5999984741211,2.5829999446868896,12.710000038146973,15.77299976348877,374.25,284.25,10.364999771118164,914.5,517.25
2019-02-11,2224.0,52.40999984741211,70.55000305175781,1307.0,2.7915000915527344,100.19999694824219,2.6419999599456787,12.670000076293945,15.656999588012695,372.75,282.25,10.270000457763672,905.0,518.25
2019-02-12,2227.0,53.099998474121094,69.77999877929688,1309.199951171875,2.7744998931884766,100.44999694824219,2.687999963760376,12.850000381469727,15.65999984741211,378.25,287.0,10.25,917.5,520.0
2019-02-13,2248.0,53.900001525878906,69.86000061035156,1310.800048828125,2.7739999294281006,98.9000015258789,2.575000047683716,12.75,15.62399959564209,378.75,281.75,10.260000228881836,916.5,522.25
2019-02-14,2232.0,54.40999984741211,70.12999725341797,1309.800048828125,2.7760000228881836,97.8499984741211,2.572999954223633,12.609999656677246,15.5,374.75,282.0,10.1850004196167,903.5,507.0
2019-02-15,2307.0,55.59000015258789,70.22000122070312,1318.0999755859375,2.802500009536743,97.94999694824219,2.625,13.140000343322754,15.722999572753906,374.75,275.75,9.994999885559082,907.5,504.25
2019-02-19,2340.0,56.09000015258789,70.41000366210938,1340.0999755859375,2.881500005722046,97.19999694824219,2.6619999408721924,13.350000381469727,15.946999549865723,369.75,270.0,9.864999771118164,900.75,489.75
2019-02-20,2298.0,56.91999816894531,70.27999877929688,1343.300048828125,2.930000066757202,97.55000305175781,2.635999917984009,13.4399995803833,16.156999588012695,370.75,269.75,10.03499984741211,902.5,480.75
2019-02-21,2256.0,56.959999084472656,72.19000244140625,1323.5,2.9024999141693115,96.0999984741211,2.697000026702881,13.239999771118164,15.791000366210938,375.5,270.0,10.210000038146973,911.0,486.5
2019-02-22,2269.0,57.2599983215332,71.83999633789062,1329.199951171875,2.9609999656677246,96.44999694824219,2.7170000076293945,13.369999885559082,15.907999992370605,375.25,271.0,10.1899995803833,910.25,486.75
2019-02-25,2247.0,55.47999954223633,71.93000030517578,1325.9000244140625,2.950000047683716,96.4000015258789,2.8359999656677246,13.100000381469727,15.824999809265137,370.5,269.0,10.100000381469727,911.75,466.75
2019-02-26,2267.0,55.5,70.8499984741211,1325.0999755859375,2.944000005722046,93.55000305175781,2.8550000190734863,12.880000114440918,15.82699966430664,366.25,265.5,10.364999771118164,903.75,460.25
2019-02-27,2304.0,56.939998626708984,71.19000244140625,1317.699951171875,2.9590001106262207,95.69999694824219,2.7990000247955322,12.90999984741211,15.67199993133545,363.75,256.25,10.28499984741211,903.5,461.0
2019-02-28,2238.0,57.220001220703125,71.73999786376953,1312.800048828125,2.950000047683716,95.19999694824219,2.812000036239624,12.729999542236328,15.538000106811523,362.0,252.0,10.395000457763672,897.5,452.5
2019-03-01,2218.0,55.79999923706055,72.7300033569336,1296.4000244140625,2.933500051498413,96.94999694824219,2.8589999675750732,12.619999885559082,15.168999671936035,364.0,253.0,10.28499984741211,899.25,454.0
2019-03-04,2157.0,56.59000015258789,71.97000122070312,1284.800048828125,2.9110000133514404,94.0999984741211,2.8570001125335693,12.359999656677246,15.017000198364258,365.0,255.5,10.4399995803833,903.25,446.75
2019-03-05,2158.0,56.560001373291016,73.44999694824219,1282.0,2.936000108718872,96.44999694824219,2.884000062942505,12.4399995803833,15.020000457763672,366.0,256.25,10.475000381469727,901.25,454.25
2019-03-06,2246.0,56.220001220703125,73.05000305175781,1284.9000244140625,2.9184999465942383,95.5,2.8410000801086426,12.15999984741211,15.003000259399414,362.5,259.75,10.625,889.75,440.5
2019-03-07,2183.0,56.65999984741211,71.9000015258789,1283.800048828125,2.9114999771118164,93.6500015258789,2.865999937057495,12.140000343322754,14.960000038146973,356.0,256.0,10.539999961853027,890.75,431.5
2019-03-08,2199.0,56.06999969482422,73.48999786376953,1297.0,2.8940000534057617,95.30000305175781,2.865000009536743,12.180000305175781,15.272000312805176,354.75,254.25,10.59000015258789,883.75,432.75
2019-03-11,2189.0,56.790000915527344,73.19999694824219,1288.800048828125,2.9000000953674316,94.0,2.7720000743865967,12.289999961853027,15.196999549865723,352.5,253.25,10.470000267028809,877.75,422.25
2019-03-12,2204.0,56.869998931884766,74.8499984741211,1296.300048828125,2.927500009536743,92.80000305175781,2.7839999198913574,12.329999923706055,15.338000297546387,356.5,258.75,10.484999656677246,884.75,446.25
2019-03-13,2203.0,58.2599983215332,75.72000122070312,1307.5,2.933500051498413,94.44999694824219,2.819999933242798,12.359999656677246,15.380999565124512,357.25,260.0,10.595000267028809,889.0,440.25
2019-03-14,2201.0,58.61000061035156,74.30000305175781,1293.4000244140625,2.8884999752044678,93.94999694824219,2.8550000190734863,12.40999984741211,15.10099983215332,361.5,260.0,10.574999809265137,889.5,448.25
2019-03-15,2197.0,58.52000045776367,75.5,1301.800048828125,2.9035000801086426,94.5999984741211,2.7950000762939453,12.520000457763672,15.253000259399414,373.25,277.0,10.725000381469727,909.25,462.25
2019-03-18,2196.0,59.09000015258789,75.2699966430664,1300.300048828125,2.9035000801086426,93.6500015258789,2.8499999046325684,12.84000015258789,15.25100040435791,371.5,278.0,10.71500015258789,905.75,456.75
2019-03-19,2202.0,59.029998779296875,75.6500015258789,1305.0,2.9195001125335693,93.44999694824219,2.874000072479248,12.779999732971191,15.300999641418457,371.25,273.0,10.779999732971191,904.0,456.5
2019-03-20,2143.0,59.83000183105469,75.5,1300.5,2.9154999256134033,94.75,2.819999933242798,12.739999771118164,15.244999885559082,371.5,274.5,10.9399995803833,906.0,464.75
2019-03-21,2132.0,59.97999954223633,77.18000030517578,1306.0999755859375,2.9000000953674316,94.80000305175781,2.821000099182129,12.5,15.371999740600586,376.25,280.75,11.085000038146973,910.5,466.5
2019-03-22,2159.0,59.040000915527344,76.58000183105469,1311.5999755859375,2.8359999656677246,93.9000015258789,2.753000020980835,12.569999694824219,15.345000267028809,378.25,278.5,11.210000038146973,903.75,466.0
2019-03-25,2216.0,58.81999969482422,77.7300033569336,1321.9000244140625,2.8494999408721924,94.25,2.755000114440918,12.479999542236328,15.506999969482422,379.75,275.25,11.164999961853027,906.5,469.5
2019-03-26,2237.0,59.939998626708984,77.88999938964844,1314.300048828125,2.8505001068115234,95.3499984741211,2.740000009536743,12.59000015258789,15.371000289916992,377.25,273.0,11.260000228881836,900.75,469.25
2019-03-27,2248.0,59.40999984741211,76.94999694824219,1309.9000244140625,2.8580000400543213,93.8499984741211,2.7130000591278076,12.579999923706055,15.23900032043457,373.75,269.75,11.145000457763672,887.5,469.5
2019-03-28,2257.0,59.29999923706055,75.87000274658203,1289.800048828125,2.868499994277954,94.0,2.7119998931884766,12.529999732971191,14.920999526977539,374.0,264.75,10.904999732971191,889.5,464.5
2019-03-29,2280.0,60.13999938964844,77.61000061035156,1293.0,2.936000108718872,94.5,2.6619999408721924,12.529999732971191,15.0600004196167,356.5,269.0,10.850000381469727,884.25,457.75
2019-04-01,2327.0,61.59000015258789,77.36000061035156,1288.4000244140625,2.9205000400543213,92.0999984741211,2.7079999446868896,12.670000076293945,15.050999641418457,361.75,278.5,10.859999656677246,895.5,462.75
2019-04-02,2356.0,62.58000183105469,77.2699966430664,1290.0,2.9040000438690186,91.6500015258789,2.684000015258789,12.65999984741211,15.017999649047852,361.5,278.0,10.795000076293945,900.0,464.0
2019-04-03,2376.0,62.459999084472656,77.05000305175781,1289.9000244140625,2.946500062942505,95.3499984741211,2.677000045776367,12.420000076293945,15.059000015258789,362.75,285.25,10.670000076293945,898.75,471.0
2019-04-04,2415.0,62.099998474121094,77.31999969482422,1289.0,2.9084999561309814,95.30000305175781,2.6429998874664307,12.710000038146973,15.041000366210938,365.25,288.5,10.550000190734863,906.5,470.75
2019-04-05,2413.0,63.08000183105469,78.25,1290.4000244140625,2.8924999237060547,93.19999694824219,2.6640000343322754,12.760000228881836,15.043000221252441,362.5,287.5,10.515000343322754,899.0,467.75
2019-04-08,2430.0,64.4000015258789,78.91999816894531,1297.0999755859375,2.929500102996826,92.94999694824219,2.7079999446868896,12.569999694824219,15.17300033569336,360.0,287.5,10.420000076293945,898.75,465.25
2019-04-09,2446.0,63.97999954223633,78.08999633789062,1303.5,2.93149995803833,93.6500015258789,2.6989998817443848,12.779999732971191,15.168000221252441,360.0,281.25,10.289999961853027,898.75,459.5
2019-04-10,2443.0,64.61000061035156,77.62000274658203,1309.0999755859375,2.922499895095825,94.25,2.700000047683716,12.8100004196167,15.201000213623047,361.75,279.0,10.234999656677246,902.0,458.0
2019-04-11,2388.0,63.58000183105469,76.9800033569336,1288.5999755859375,2.885999917984009,90.25,2.6640000343322754,12.65999984741211,14.824000358581543,360.0,280.0,10.28499984741211,895.25,460.5
2019-04-12,2424.0,63.88999938964844,78.11000061035156,1290.5999755859375,2.946000099182129,90.4000015258789,2.6600000858306885,12.770000457763672,14.920000076293945,361.0,287.25,10.460000038146973,895.25,464.5
2019-04-15,2406.0,63.400001525878906,76.48999786376953,1286.800048828125,2.934000015258789,91.4000015258789,2.5899999141693115,12.65999984741211,14.947999954223633,362.75,289.25,10.555000305175781,898.75,459.5
2019-04-16,2364.0,64.05000305175781,77.94000244140625,1272.5999755859375,2.930500030517578,90.5,2.572000026702881,12.510000228881836,14.890999794006348,359.0,294.75,10.515000343322754,888.0,445.0
2019-04-17,2420.0,63.7599983215332,78.11000061035156,1272.199951171875,2.9755001068115234,87.05000305175781,2.5169999599456787,12.350000381469727,14.920999526977539,358.25,299.75,10.479999542236328,879.0,447.0
2019-04-18,2380.0,64.0,77.30999755859375,1271.9000244140625,2.927500009536743,90.19999694824219,2.490000009536743,12.760000228881836,14.937000274658203,358.5,292.0,10.425000190734863,880.5,444.25
2019-04-22,2346.0,65.69999694824219,77.19000244140625,1273.5,2.9065001010894775,91.0999984741211,2.5239999294281006,12.539999961853027,14.956999778747559,354.75,293.0,10.449999809265137,877.0,435.75
2019-04-23,2304.0,66.30000305175781,76.56999969482422,1269.300048828125,2.8984999656677246,91.5,2.4549999237060547,12.699999809265137,14.77299976348877,351.25,294.5,10.225000381469727,862.0,438.75
2019-04-24,2260.0,65.88999938964844,75.7699966430664,1275.5,2.9175000190734863,90.44999694824219,2.4619998931884766,12.680000305175781,14.89799976348877,346.75,297.5,10.15999984741211,855.25,432.25
2019-04-25,2294.0,65.20999908447266,76.97000122070312,1275.800048828125,2.877500057220459,92.05000305175781,2.5139999389648438,12.359999656677246,14.861000061035156,347.5,301.0,10.15999984741211,859.25,434.75
2019-04-26,2344.0,63.29999923706055,76.75,1284.9000244140625,2.9700000286102295,92.69999694824219,2.565999984741211,12.260000228881836,15.001999855041504,351.25,308.75,10.194999694824219,853.75,435.0
2019-04-29,2392.0,63.5,76.12999725341797,1278.5999755859375,2.8949999809265137,91.3499984741211,2.5929999351501465,11.630000114440918,14.843999862670898,352.0,317.25,10.3149995803833,847.5,426.75
2019-04-30,2368.0,63.90999984741211,75.9800033569336,1282.800048828125,2.9014999866485596,91.8499984741211,2.575000047683716,11.989999771118164,14.899999618530273,353.25,305.0,10.274999618530273,841.25,418.5
2019-05-01,2314.0,63.599998474121094,75.91000366210938,1281.4000244140625,2.802999973297119,89.80000305175781,2.619999885559082,12.210000038146973,14.645000457763672,360.0,304.25,10.255000114440918,839.5,425.0
2019-05-02,2373.0,61.810001373291016,74.6500015258789,1269.699951171875,2.7839999198913574,90.25,2.5889999866485596,12.229999542236328,14.539999961853027,362.0,297.75,10.40999984741211,830.5,433.25
2019-05-03,2378.0,61.939998626708984,74.77999877929688,1279.199951171875,2.825000047683716,89.25,2.566999912261963,12.010000228881836,14.906999588012695,363.0,301.25,10.470000267028809,829.5,428.0
2019-05-06,2333.0,62.25,72.6500015258789,1281.699951171875,2.8369998931884766,88.80000305175781,2.5239999294281006,11.880000114440918,14.857000350952148,355.75,295.5,10.40999984741211,817.5,428.0
2019-05-07,2291.0,61.400001525878906,72.27999877929688,1283.5,2.7939999103546143,86.6500015258789,2.5369999408721924,11.949999809265137,14.859999656677246,358.0,295.25,10.645000457763672,817.75,430.5
2019-05-08,2295.0,62.119998931884766,71.44999694824219,1279.4000244140625,2.7855000495910645,87.19999694824219,2.609999895095825,11.649999618530273,14.791999816894531,355.25,295.0,10.65999984741211,814.25,431.25
2019-05-09,2326.0,61.70000076293945,70.2300033569336,1283.5,2.7834999561309814,89.5,2.5950000286102295,11.779999732971191,14.706999778747559,344.5,298.5,10.65999984741211,800.25,421.75
2019-05-10,2330.0,61.65999984741211,68.44999694824219,1285.699951171875,2.7850000858306885,89.44999694824219,2.61899995803833,11.720000267028809,14.72599983215332,342.5,302.75,10.720000267028809,797.0,419.0
2019-05-13,2304.0,61.040000915527344,65.44999694824219,1300.0999755859375,2.7295000553131104,88.25,2.621000051498413,11.84000015258789,14.713000297546387,347.5,299.75,10.720000267028809,791.0,431.25
2019-05-14,2310.0,61.779998779296875,66.76000213623047,1294.699951171875,2.734499931335449,89.55000305175781,2.6589999198913574,11.9399995803833,14.751999855041504,360.5,270.0,10.8149995803833,817.75,439.25
2019-05-15,2338.0,62.02000045776367,66.3499984741211,1296.300048828125,2.753499984741211,89.9000015258789,2.6010000705718994,11.850000381469727,14.751999855041504,369.5,287.75,10.914999961853027,835.5,448.75
2019-05-16,2372.0,62.869998931884766,66.80000305175781,1285.0,2.758500099182129,90.0,2.6389999389648438,11.779999732971191,14.479000091552734,379.0,294.25,10.904999732971191,839.75,467.0
2019-05-17,2353.0,62.7599983215332,65.98999786376953,1274.5,2.747999906539917,87.3499984741211,2.63100004196167,11.550000190734863,14.347999572753906,383.25,294.0,11.069999694824219,821.75,465.0
2019-05-20,2387.0,63.099998474121094,67.91000366210938,1276.0999755859375,2.7360000610351562,88.25,2.6730000972747803,11.619999885559082,14.409000396728516,389.0,296.5,11.225000381469727,831.75,478.25
2019-05-21,2446.0,62.9900016784668,67.31999969482422,1272.0,2.7235000133514404,92.9000015258789,2.61299991607666,11.8100004196167,14.373000144958496,394.25,308.5,11.3100004196167,822.0,478.75
2019-05-22,2413.0,61.41999816894531,66.75,1273.5999755859375,2.686000108718872,91.75,2.5429999828338623,11.619999885559082,14.413999557495117,394.5,310.25,11.335000038146973,828.5,472.75
2019-05-23,2426.0,57.90999984741211,67.4800033569336,1284.800048828125,2.686500072479248,93.5,2.578000068664551,11.569999694824219,14.57699966430664,389.75,304.5,11.550000190734863,821.5,470.25
2019-05-24,2467.0,58.630001068115234,68.38999938964844,1283.0,2.7065000534057617,93.30000305175781,2.5980000495910645,11.65999984741211,14.520000457763672,404.25,308.5,11.555000305175781,829.75,489.5
2019-05-28,2450.0,59.13999938964844,69.47000122070312,1276.5,2.7035000324249268,96.05000305175781,2.5820000171661377,11.75,14.281000137329102,420.25,316.75,11.649999618530273,856.0,504.75
2019-05-29,2438.0,58.810001373291016,69.05999755859375,1280.5999755859375,2.672499895095825,99.5,2.632999897003174,11.869999885559082,14.371999740600586,418.75,315.0,11.71500015258789,872.0,490.5
2019-05-30,2428.0,56.59000015258789,69.33999633789062,1287.0999755859375,2.6605000495910645,102.3499984741211,2.546999931335449,11.760000228881836,14.460000038146973,436.25,318.0,11.65999984741211,889.0,514.5
2019-05-31,2400.0,53.5,68.08000183105469,1305.800048828125,2.6459999084472656,104.5999984741211,2.4539999961853027,12.100000381469727,14.529999732971191,427.0,314.5,11.454999923706055,877.75,503.0
2019-06-03,2351.0,53.25,69.41999816894531,1322.699951171875,2.6554999351501465,103.75,2.4030001163482666,12.1899995803833,14.70300006866455,424.25,305.25,11.694999694824219,879.0,519.75
2019-06-04,2360.0,53.47999954223633,68.97000122070312,1323.4000244140625,2.6735000610351562,105.6500015258789,2.4159998893737793,12.420000076293945,14.732000350952148,425.25,304.0,11.680000305175781,881.75,507.25
2019-06-05,2401.0,51.68000030517578,68.73999786376953,1328.300048828125,2.627000093460083,99.0999984741211,2.378000020980835,12.210000038146973,14.753999710083008,414.75,291.75,11.645000457763672,869.75,490.75
2019-06-06,2427.0,52.59000015258789,68.58999633789062,1337.5999755859375,2.6540000438690186,102.05000305175781,2.3239998817443848,12.510000228881836,14.868000030517578,420.5,300.25,11.734999656677246,868.75,510.0
2019-06-07,2478.0,53.9900016784668,65.58999633789062,1341.199951171875,2.630500078201294,100.94999694824219,2.3369998931884766,12.5,14.994000434875488,415.75,296.0,11.725000381469727,856.25,504.5
2019-06-10,2544.0,53.2599983215332,65.98999786376953,1324.699951171875,2.6640000343322754,98.5999984741211,2.3570001125335693,12.399999618530273,14.604999542236328,415.75,295.0,11.770000457763672,858.5,507.5
2019-06-11,2539.0,53.27000045776367,65.6500015258789,1326.4000244140625,2.67549991607666,97.0,2.3989999294281006,12.539999961853027,14.706000328063965,427.75,303.75,11.574999809265137,859.25,518.0
2019-06-12,2568.0,51.13999938964844,66.56999969482422,1331.9000244140625,2.6589999198913574,99.05000305175781,2.385999917984009,12.619999885559082,14.722000122070312,430.0,300.5,11.739999771118164,878.0,526.25
2019-06-13,2527.0,52.279998779296875,66.83000183105469,1339.199951171875,2.6610000133514404,97.3499984741211,2.325000047683716,12.75,14.871000289916992,442.0,304.5,11.649999618530273,888.0,535.5
2019-06-14,2502.0,52.5099983215332,65.94000244140625,1340.0999755859375,2.634500026702881,96.0,2.38700008392334,12.75,14.781999588012695,453.0,302.75,11.640000343322754,896.75,538.5
2019-06-17,2500.0,51.93000030517578,65.62999725341797,1338.699951171875,2.6510000228881836,96.05000305175781,2.385999917984009,12.65999984741211,14.814000129699707,454.75,297.5,11.614999771118164,912.75,539.5
2019-06-18,2529.0,53.900001525878906,65.31999969482422,1346.5999755859375,2.7070000171661377,94.30000305175781,2.328000068664551,12.609999656677246,14.979999542236328,449.75,297.5,11.5649995803833,913.5,531.5
2019-06-19,2538.0,53.7599983215332,65.37999725341797,1344.5999755859375,2.684499979019165,96.25,2.2760000228881836,12.5,14.944999694824219,441.0,285.5,11.364999771118164,903.25,522.25
2019-06-20,2471.0,56.650001525878906,63.209999084472656,1392.9000244140625,2.7155001163482666,101.05000305175781,2.184999942779541,12.430000305175781,15.468999862670898,450.0,283.75,11.225000381469727,915.5,526.5
2019-06-21,2527.0,57.43000030517578,61.189998626708984,1396.199951171875,2.7060000896453857,99.80000305175781,2.186000108718872,12.220000267028809,15.27299976348877,442.25,279.0,11.295000076293945,902.75,526.0
2019-06-24,2512.0,57.900001525878906,62.29999923706055,1414.300048828125,2.7054998874664307,102.0,2.302999973297119,12.270000457763672,15.368000030517578,446.75,270.5,11.180000305175781,909.0,538.0
2019-06-25,2489.0,57.83000183105469,62.20000076293945,1414.9000244140625,2.7355000972747803,106.44999694824219,2.308000087738037,12.329999923706055,15.291000366210938,447.5,271.5,11.055000305175781,903.5,535.75
2019-06-26,2486.0,59.380001068115234,63.4900016784668,1411.5999755859375,2.7109999656677246,104.9000015258789,2.2909998893737793,12.029999732971191,15.282999992370605,443.25,277.25,11.0,894.25,543.75
2019-06-27,2478.0,59.43000030517578,62.9900016784668,1408.4000244140625,2.7125000953674316,105.55000305175781,2.3239998817443848,12.529999732971191,15.204999923706055,440.0,278.0,11.140000343322754,887.75,547.5
2019-06-28,2450.0,58.470001220703125,63.150001525878906,1409.699951171875,2.7054998874664307,108.25,2.308000087738037,12.319999694824219,15.253000259399414,420.25,273.0,11.274999618530273,899.75,528.0
2019-07-01,2526.0,59.09000015258789,63.16999816894531,1385.5999755859375,2.679500102996826,110.1500015258789,2.2669999599456787,12.569999694824219,15.105999946594238,412.0,281.25,11.21500015258789,885.5,514.0
2019-07-02,2497.0,56.25,63.77000045776367,1404.5999755859375,2.6575000286102295,108.25,2.240000009536743,12.350000381469727,15.154000282287598,413.5,285.0,10.970000267028809,876.25,503.5
2019-07-03,2458.0,57.34000015258789,63.75,1417.699951171875,2.679500102996826,112.25,2.2899999618530273,12.539999961853027,15.251999855041504,433.0,284.5,11.100000381469727,885.25,518.0
2019-07-05,2488.0,57.5099983215332,63.439998626708984,1396.699951171875,2.6584999561309814,109.44999694824219,2.4179999828338623,12.359999656677246,14.918000221252441,434.0,275.0,11.204999923706055,872.25,519.25
2019-07-08,2602.0,57.65999984741211,62.33000183105469,1397.0,2.6559998989105225,104.75,2.4030001163482666,12.449999809265137,14.972000122070312,438.5,276.5,11.4399995803833,875.25,516.75
2019-07-09,2547.0,57.83000183105469,60.22999954223633,1397.5,2.624500036239624,105.9000015258789,2.424999952316284,12.350000381469727,15.067999839782715,431.75,274.0,11.600000381469727,882.75,509.75
2019-07-10,2534.0,60.43000030517578,63.540000915527344,1410.0999755859375,2.693000078201294,104.3499984741211,2.444000005722046,12.5,15.147000312805176,434.25,275.75,11.654999732971191,893.0,511.75
2019-07-11,2516.0,60.20000076293945,62.88999938964844,1404.300048828125,2.682499885559082,105.5,2.4159998893737793,12.380000114440918,15.067000389099121,447.75,281.0,11.664999961853027,896.25,536.25
2019-07-12,2528.0,60.209999084472656,62.36000061035156,1409.9000244140625,2.691499948501587,105.19999694824219,2.453000068664551,12.300000190734863,15.16100025177002,449.5,281.0,11.680000305175781,906.75,536.25
2019-07-15,2445.0,59.58000183105469,63.70000076293945,1411.4000244140625,2.7074999809265137,108.80000305175781,2.4079999923706055,12.0600004196167,15.289999961853027,441.0,281.25,11.885000228881836,901.75,507.75
2019-07-16,2454.0,57.619998931884766,62.33000183105469,1409.199951171875,2.69350004196167,104.0999984741211,2.305999994277954,11.989999771118164,15.600000381469727,435.25,275.75,11.78499984741211,887.75,507.5
2019-07-17,2424.0,56.779998779296875,61.88999938964844,1421.300048828125,2.7100000381469727,105.94999694824219,2.303999900817871,11.789999961853027,15.892999649047852,436.0,278.25,11.8149995803833,882.5,505.5
2019-07-18,2440.0,55.29999923706055,60.779998779296875,1426.0999755859375,2.7039999961853027,107.1500015258789,2.2869999408721924,11.550000190734863,16.1200008392334,424.5,274.75,11.890000343322754,881.25,493.5
2019-07-19,2467.0,55.630001068115234,62.25,1425.0999755859375,2.744499921798706,105.8499984741211,2.250999927520752,11.59000015258789,16.117000579833984,430.75,271.75,11.944999694824219,901.5,502.5
2019-07-22,2532.0,56.220001220703125,62.790000915527344,1425.300048828125,2.7144999504089355,105.0999984741211,2.312000036239624,11.5600004196167,16.34000015258789,422.25,266.75,11.920000076293945,888.25,487.25
2019-07-23,2475.0,56.77000045776367,63.290000915527344,1420.0999755859375,2.694000005722046,102.30000305175781,2.299999952316284,11.979999542236328,16.405000686645508,425.5,266.0,11.970000267028809,885.75,487.25
2019-07-24,2463.0,55.880001068115234,63.88999938964844,1422.800048828125,2.7039999961853027,101.0,2.2200000286102295,12.0600004196167,16.554000854492188,424.0,264.75,12.03499984741211,891.0,497.75
2019-07-25,2434.0,56.02000045776367,63.810001373291016,1413.9000244140625,2.695499897003174,100.6500015258789,2.24399995803833,12.0,16.339000701904297,418.5,263.5,12.125,882.5,499.5
2019-07-26,2389.0,56.20000076293945,64.23999786376953,1418.5,2.676500082015991,99.75,2.1689999103546143,12.020000457763672,16.325000762939453,414.5,257.5,12.194999694824219,883.25,496.0
2019-07-29,2383.0,56.869998931884766,63.77000045776367,1419.5999755859375,2.7095000743865967,101.1500015258789,2.1410000324249268,12.069999694824219,16.368000030517578,417.0,258.75,12.3100004196167,885.75,503.5
2019-07-30,2379.0,58.04999923706055,62.869998931884766,1429.699951171875,2.6705000400543213,99.5,2.13700008392334,12.149999618530273,16.4950008392334,411.25,257.5,12.095000267028809,878.75,497.25
2019-07-31,2345.0,58.58000183105469,63.220001220703125,1426.0999755859375,2.6579999923706055,99.6500015258789,2.2330000400543213,12.210000038146973,16.34600067138672,400.25,256.0,11.944999694824219,864.0,487.25
2019-08-01,2329.0,53.95000076293945,61.84000015258789,1420.9000244140625,2.6600000858306885,97.25,2.2019999027252197,12.119999885559082,16.121000289916992,392.75,258.5,11.949999809265137,847.0,475.75
2019-08-02,2320.0,55.65999984741211,58.939998626708984,1445.5999755859375,2.565000057220459,98.1500015258789,2.121000051498413,12.020000457763672,16.222000122070312,399.5,265.5,11.704999923706055,850.25,490.75
2019-08-05,2308.0,54.689998626708984,57.90999984741211,1464.5999755859375,2.5369999408721924,95.6500015258789,2.069999933242798,11.819999694824219,16.344999313354492,405.25,265.75,11.430000305175781,850.25,494.5
2019-08-06,2252.0,53.630001068115234,58.27000045776367,1472.4000244140625,2.5510001182556152,97.05000305175781,2.1110000610351562,11.729999542236328,16.405000686645508,404.0,265.75,11.34000015258789,847.75,484.0
2019-08-07,2224.0,51.09000015258789,58.58000183105469,1507.300048828125,2.565000057220459,96.9000015258789,2.0829999446868896,11.34000015258789,17.1560001373291,406.5,269.0,11.369999885559082,848.75,488.25
2019-08-08,2205.0,52.540000915527344,59.540000915527344,1497.699951171875,2.6019999980926514,97.4000015258789,2.128000020980835,11.430000305175781,16.900999069213867,411.0,274.75,11.354999542236328,865.0,498.5
2019-08-09,2195.0,54.5,59.04999923706055,1496.5999755859375,2.5840001106262207,97.30000305175781,2.11899995803833,11.859999656677246,16.89699935913086,410.25,274.75,11.369999885559082,873.75,499.5
2019-08-12,2194.0,54.93000030517578,58.029998779296875,1505.300048828125,2.5799999237060547,93.75,2.1050000190734863,11.5600004196167,17.038999557495117,385.25,271.75,11.569999694824219,861.5,471.75
2019-08-13,2153.0,57.099998474121094,59.34000015258789,1502.199951171875,2.624500036239624,96.3499984741211,2.1470000743865967,11.720000267028809,16.95599937438965,366.0,271.75,11.454999923706055,872.0,472.0
2019-08-14,2143.0,55.22999954223633,59.61000061035156,1515.9000244140625,2.5864999294281006,94.44999694824219,2.1429998874664307,11.609999656677246,17.253000259399414,359.0,276.75,11.5,861.0,473.75
2019-08-15,2134.0,54.470001220703125,59.65999984741211,1519.5999755859375,2.5894999504089355,94.55000305175781,2.2320001125335693,11.630000114440918,17.187999725341797,360.75,274.75,11.319999694824219,858.0,469.0
2019-08-16,2111.0,54.869998931884766,60.08000183105469,1512.5,2.5899999141693115,92.8499984741211,2.200000047683716,11.640000343322754,17.09600067138672,371.0,280.25,11.199999809265137,867.25,470.75
2019-08-19,2126.0,56.209999084472656,59.18000030517578,1500.4000244140625,2.5969998836517334,91.1500015258789,2.2100000381469727,11.470000267028809,16.913999557495117,365.0,270.25,11.029999732971191,854.0,465.5
2019-08-20,2149.0,56.34000015258789,59.16999816894531,1504.5999755859375,2.5739998817443848,91.44999694824219,2.2179999351501465,11.4399995803833,17.121999740600586,359.5,272.75,10.979999542236328,855.75,460.0
2019-08-21,2191.0,55.68000030517578,59.869998931884766,1504.5999755859375,2.5815000534057617,92.8499984741211,2.1700000762939453,11.390000343322754,17.125,362.5,271.5,10.90999984741211,860.5,462.5
2019-08-22,2200.0,55.349998474121094,58.869998931884766,1497.300048828125,2.553499937057495,93.5,2.1589999198913574,11.579999923706055,17.013999938964844,363.25,265.25,10.869999885559082,856.0,467.25
2019-08-23,2208.0,54.16999816894531,57.970001220703125,1526.5999755859375,2.5260000228881836,92.5999984741211,2.1519999504089355,11.470000267028809,17.395000457763672,359.75,264.75,10.979999542236328,843.25,475.25
2019-08-26,2197.0,53.63999938964844,57.65999984741211,1526.300048828125,2.5399999618530273,94.1500015258789,2.2300000190734863,11.430000305175781,17.624000549316406,358.5,263.0,11.220000267028809,853.75,473.0
2019-08-27,2206.0,54.93000030517578,57.540000915527344,1541.0,2.5434999465942383,93.80000305175781,2.2019999027252197,11.239999771118164,18.138999938964844,357.0,256.25,11.149999618530273,846.25,473.75
2019-08-28,2198.0,55.779998779296875,58.349998474121094,1537.800048828125,2.5510001182556152,94.19999694824219,2.250999927520752,11.369999885559082,18.304000854492188,362.75,254.0,11.335000038146973,852.75,472.25
2019-08-29,2124.0,56.709999084472656,58.880001068115234,1526.5,2.559499979019165,91.9000015258789,2.2960000038146973,11.210000038146973,18.16699981689453,359.75,280.25,11.5600004196167,856.25,469.75
2019-08-30,2161.0,55.099998474121094,59.04999923706055,1519.0999755859375,2.5329999923706055,93.5999984741211,2.2850000858306885,11.140000343322754,18.184999465942383,358.0,262.25,11.670000076293945,857.0,451.25
2019-09-03,2184.0,53.939998626708984,58.310001373291016,1545.9000244140625,2.512500047683716,92.3499984741211,2.3580000400543213,11.1899995803833,19.07900047302246,349.75,258.5,11.6850004196167,856.5,447.25
2019-09-04,2208.0,56.2599983215332,58.77000045776367,1550.300048828125,2.5789999961853027,93.4000015258789,2.444999933242798,11.010000228881836,19.391000747680664,346.0,264.0,11.699999809265137,862.5,456.25
2019-09-05,2184.0,56.29999923706055,59.15999984741211,1515.4000244140625,2.624500036239624,92.19999694824219,2.434999942779541,10.970000267028809,18.6560001373291,346.5,275.0,11.6899995803833,849.75,464.0
2019-09-06,2216.0,56.52000045776367,58.72999954223633,1506.199951171875,2.615499973297119,93.8499984741211,2.496000051498413,11.020000457763672,17.968000411987305,342.5,276.25,11.6899995803833,845.0,460.25
2019-09-09,2235.0,57.849998474121094,59.119998931884766,1502.199951171875,2.6105000972747803,95.0,2.5850000381469727,10.920000076293945,18.018999099731445,340.75,276.5,11.680000305175781,845.0,474.5
2019-09-10,2218.0,57.400001525878906,59.5,1490.300048828125,2.6105000972747803,98.3499984741211,2.5799999237060547,10.880000114440918,18.041000366210938,348.5,281.75,11.765000343322754,859.25,484.5
2019-09-11,2235.0,55.75,59.369998931884766,1494.4000244140625,2.5975000858306885,100.1500015258789,2.552000045776367,10.8100004196167,18.0310001373291,348.25,287.0,11.845000267028809,854.0,477.5
2019-09-12,2244.0,55.09000015258789,62.25,1498.699951171875,2.623500108718872,100.3499984741211,2.5739998817443848,10.760000228881836,18.041000366210938,354.5,290.25,11.9350004196167,883.0,485.75
2019-09-13,2296.0,54.849998474121094,61.630001068115234,1490.9000244140625,2.680999994277954,99.5,2.614000082015991,10.890000343322754,17.43600082397461,355.5,290.25,11.970000267028809,884.75,485.75
2019-09-16,2383.0,62.900001525878906,61.59000015258789,1503.0999755859375,2.621000051498413,100.80000305175781,2.680999994277954,11.09000015258789,17.900999069213867,374.0,281.0,12.21500015258789,900.0,488.75
2019-09-17,2394.0,59.34000015258789,60.119998931884766,1505.0999755859375,2.609499931335449,96.8499984741211,2.6679999828338623,10.9399995803833,18.016000747680664,368.0,281.25,12.274999618530273,893.75,484.25
2019-09-18,2401.0,58.11000061035156,59.36000061035156,1507.5,2.5954999923706055,96.8499984741211,2.63700008392334,11.0,17.795000076293945,371.25,277.75,12.3100004196167,888.75,489.5
2019-09-19,2468.0,58.130001068115234,58.9900016784668,1498.4000244140625,2.5910000801086426,98.3499984741211,2.5380001068115234,10.989999771118164,17.773000717163086,372.75,276.75,12.364999771118164,893.0,488.0
2019-09-20,2473.0,58.09000015258789,59.130001068115234,1507.300048828125,2.5899999141693115,98.4000015258789,2.5339999198913574,11.09000015258789,17.738000869750977,370.75,275.75,12.3149995803833,882.75,484.25
2019-09-23,2454.0,58.63999938964844,59.83000183105469,1523.699951171875,2.5945000648498535,99.0,2.5269999504089355,11.220000267028809,18.600000381469727,373.25,279.75,12.0600004196167,892.5,483.0
2019-09-24,2439.0,57.290000915527344,59.31999969482422,1532.0999755859375,2.5894999504089355,99.1500015258789,2.503000020980835,11.5,18.517000198364258,374.75,273.5,12.0,894.25,481.75
2019-09-25,2469.0,56.4900016784668,59.369998931884766,1504.5999755859375,2.5950000286102295,100.94999694824219,2.502000093460083,11.800000190734863,17.961999893188477,374.25,272.25,11.895000457763672,889.25,477.25
2019-09-26,2505.0,56.40999984741211,59.20000076293945,1507.5,2.559999942779541,100.8499984741211,2.427999973297119,11.630000114440918,17.801000595092773,372.5,270.25,12.079999923706055,888.5,484.25
2019-09-27,2490.0,55.90999984741211,59.81999969482422,1499.0999755859375,2.5829999446868896,100.9000015258789,2.4040000438690186,11.529999732971191,17.552000045776367,371.5,270.0,12.154999732971191,883.0,487.25
2019-09-30,2442.0,54.06999969482422,59.75,1465.699951171875,2.564500093460083,101.1500015258789,2.3299999237060547,11.920000076293945,16.898000717163086,388.0,275.75,12.015000343322754,906.0,495.75
2019-10-01,2453.0,53.619998931884766,59.900001525878906,1482.0,2.552000045776367,101.3499984741211,2.2829999923706055,12.880000114440918,17.20199966430664,392.5,282.0,11.869999885559082,919.5,498.75
2019-10-02,2482.0,52.63999938964844,60.25,1501.0,2.561500072479248,100.5999984741211,2.246999979019165,12.890000343322754,17.591999053955078,387.75,282.75,11.71500015258789,913.75,489.0
2019-10-03,2520.0,52.45000076293945,60.52000045776367,1507.0999755859375,2.5455000400543213,102.05000305175781,2.3289999961853027,12.739999771118164,17.584999084472656,388.75,287.0,11.71500015258789,911.75,488.75
2019-10-04,2475.0,52.810001373291016,60.59000015258789,1506.199951171875,2.555500030517578,99.0,2.3519999980926514,12.760000228881836,17.540000915527344,384.75,286.0,11.65999984741211,916.25,490.5
2019-10-07,2422.0,52.75,60.75,1497.699951171875,2.572000026702881,97.0,2.302999973297119,12.520000457763672,17.457000732421875,387.0,281.5,11.645000457763672,915.25,489.25
2019-10-08,2448.0,52.630001068115234,60.2400016784668,1497.199951171875,2.563499927520752,95.69999694824219,2.2880001068115234,12.460000038146973,17.617000579833984,395.75,284.5,11.84000015258789,920.5,500.25
2019-10-09,2407.0,52.59000015258789,61.0099983215332,1506.0999755859375,2.562000036239624,95.44999694824219,2.2339999675750732,12.40999984741211,17.72800064086914,394.25,284.5,12.005000114440918,923.75,500.25
2019-10-10,2460.0,53.54999923706055,61.41999816894531,1494.800048828125,2.6050000190734863,93.5,2.2179999351501465,12.40999984741211,17.520000457763672,380.25,285.75,12.039999961853027,923.5,493.0
2019-10-11,2506.0,54.70000076293945,63.880001068115234,1482.699951171875,2.618499994277954,93.69999694824219,2.2139999866485596,12.40999984741211,17.461999893188477,397.75,289.25,12.0600004196167,936.0,508.0
2019-10-14,2449.0,53.59000015258789,62.220001220703125,1491.699951171875,2.623500108718872,94.8499984741211,2.2799999713897705,12.520000457763672,17.634000778198242,397.75,297.75,11.989999771118164,940.5,511.0
2019-10-15,2522.0,52.810001373291016,63.529998779296875,1477.5999755859375,2.6040000915527344,94.44999694824219,2.3389999866485596,12.59000015258789,17.308000564575195,393.25,296.5,11.885000228881836,934.0,507.0
2019-10-16,2515.0,53.36000061035156,64.54000091552734,1488.0,2.5794999599456787,93.55000305175781,2.302999973297119,12.350000381469727,17.35099983215332,391.75,302.5,11.979999542236328,928.0,513.25
2019-10-17,2488.0,53.93000030517578,64.98999786376953,1492.300048828125,2.5869998931884766,92.9000015258789,2.318000078201294,12.239999771118164,17.535999298095703,394.75,298.75,11.989999771118164,931.5,525.5
2019-10-18,2486.0,53.779998779296875,65.16000366210938,1488.199951171875,2.625,95.69999694824219,2.319999933242798,12.319999694824219,17.50200080871582,391.0,294.25,11.90999984741211,934.0,532.25
2019-10-21,2474.0,53.310001373291016,64.55999755859375,1482.4000244140625,2.634999990463257,96.3499984741211,2.23799991607666,12.270000457763672,17.525999069213867,387.25,288.5,11.795000076293945,933.25,523.5
2019-10-22,2448.0,54.15999984741211,64.66999816894531,1481.699951171875,2.621999979019165,98.9000015258789,2.2720000743865967,12.180000305175781,17.437000274658203,388.0,296.75,11.699999809265137,934.0,518.0
2019-10-23,2457.0,55.970001220703125,64.94999694824219,1489.9000244140625,2.6624999046325684,97.75,2.2820000648498535,12.149999618530273,17.517000198364258,387.75,296.75,11.670000076293945,933.75,520.75
2019-10-24,2463.0,56.22999954223633,64.6500015258789,1498.9000244140625,2.6589999198913574,96.44999694824219,2.315999984741211,12.300000190734863,17.73900032043457,386.75,302.25,11.729999542236328,933.25,516.0
2019-10-25,2435.0,56.65999984741211,64.9000015258789,1499.5,2.6665000915527344,99.44999694824219,2.299999952316284,12.350000381469727,17.861000061035156,386.75,302.5,11.800000190734863,920.25,517.75
2019-10-28,2463.0,55.810001373291016,64.79000091552734,1490.0,2.672499895095825,100.5,2.446000099182129,12.539999961853027,17.81599998474121,384.0,296.5,11.579999923706055,920.75,511.75
2019-10-29,2485.0,55.540000915527344,64.72000122070312,1487.0,2.682499885559082,98.94999694824219,2.5969998836517334,12.34000015258789,17.770999908447266,386.25,300.5,11.645000457763672,918.25,511.5
2019-10-30,2454.0,55.060001373291016,65.69999694824219,1493.199951171875,2.680500030517578,99.3499984741211,2.690999984741211,12.40999984741211,17.815000534057617,390.75,296.75,11.699999809265137,916.0,509.25
2019-10-31,2403.0,54.18000030517578,64.44000244140625,1511.4000244140625,2.632999897003174,101.94999694824219,2.632999897003174,12.479999542236328,18.013999938964844,390.0,297.25,11.729999542236328,916.75,508.75
2019-11-01,2478.0,56.20000076293945,64.2300033569336,1508.0,2.6510000228881836,104.0,2.7139999866485596,12.479999542236328,18.003999710083008,389.25,306.0,11.725000381469727,924.25,516.0
2019-11-04,2486.0,56.540000915527344,63.65999984741211,1508.0,2.6670000553131104,103.6500015258789,2.821000099182129,12.510000228881836,18.013999938964844,383.25,297.75,11.585000038146973,925.75,509.75
2019-11-05,2484.0,57.22999954223633,63.810001373291016,1480.800048828125,2.694999933242798,105.80000305175781,2.861999988555908,12.710000038146973,17.516000747680664,381.75,300.75,11.710000038146973,921.75,515.25
2019-11-06,2444.0,56.349998474121094,63.689998626708984,1490.199951171875,2.6610000133514404,108.0,2.828000068664551,12.5600004196167,17.558000564575195,378.75,307.0,11.729999542236328,915.0,516.75
2019-11-07,2440.0,57.150001525878906,64.3499984741211,1464.199951171875,2.7239999771118164,109.0999984741211,2.7720000743865967,12.390000343322754,16.969999313354492,375.25,305.25,11.770000457763672,925.0,512.5
2019-11-08,2503.0,57.2400016784668,64.72000122070312,1461.300048828125,2.677999973297119,109.44999694824219,2.7890000343322754,12.569999694824219,16.783000946044922,377.25,304.25,11.800000190734863,919.5,510.25
2019-11-11,2533.0,56.86000061035156,64.29000091552734,1455.5,2.6600000858306885,106.0,2.63700008392334,12.569999694824219,16.761999130249023,373.25,312.25,11.779999732971191,905.0,505.75
2019-11-12,2633.0,56.79999923706055,64.73999786376953,1452.0999755859375,2.6419999599456787,105.5999984741211,2.621000051498413,12.59000015258789,16.677000045776367,377.75,307.75,11.739999771118164,905.75,517.0
2019-11-13,2675.0,57.119998931884766,64.22000122070312,1461.699951171875,2.6364998817443848,107.94999694824219,2.5999999046325684,12.850000381469727,16.898000717163086,375.25,305.5,11.694999694824219,902.5,509.0
2019-11-14,2761.0,56.77000045776367,64.2699966430664,1471.800048828125,2.618499994277954,108.05000305175781,2.6470000743865967,12.8100004196167,17.01300048828125,375.75,308.75,11.649999618530273,900.25,507.75
2019-11-15,2766.0,57.720001220703125,64.86000061035156,1467.300048828125,2.634999990463257,106.1500015258789,2.687999963760376,12.729999542236328,16.933000564575195,371.25,309.0,11.890000343322754,918.25,502.75
2019-11-18,2742.0,57.04999923706055,64.20999908447266,1470.9000244140625,2.617500066757202,105.55000305175781,2.565999984741211,12.760000228881836,16.985000610351562,367.75,302.25,12.09000015258789,910.25,507.25
2019-11-19,2694.0,55.209999084472656,63.439998626708984,1473.300048828125,2.6535000801086426,102.69999694824219,2.509999990463257,12.6899995803833,17.10300064086914,370.0,306.5,12.09000015258789,911.5,512.0
2019-11-20,2682.0,57.11000061035156,62.2400016784668,1473.300048828125,2.6465001106262207,109.69999694824219,2.559000015258789,12.75,17.100000381469727,366.75,313.75,12.100000381469727,905.0,515.5
2019-11-21,2696.0,58.58000183105469,61.84000015258789,1463.0999755859375,2.621000051498413,115.25,2.566999912261963,12.609999656677246,17.049999237060547,368.5,313.5,12.244999885559082,901.0,509.0
2019-11-22,2666.0,57.77000045776367,63.41999816894531,1463.0999755859375,2.6475000381469727,114.5999984741211,2.6649999618530273,12.829999923706055,16.985000610351562,368.75,311.5,12.180000305175781,897.0,515.25
2019-11-25,2647.0,58.0099983215332,64.69000244140625,1456.5999755859375,2.6475000381469727,117.80000305175781,2.5309998989105225,12.819999694824219,16.871000289916992,370.5,314.75,12.194999694824219,892.5,531.0
2019-11-26,2705.0,58.40999984741211,64.9000015258789,1459.800048828125,2.674499988555908,115.69999694824219,2.4700000286102295,12.779999732971191,17.030000686645508,367.5,316.0,12.239999771118164,884.25,530.25
2019-11-27,2646.0,58.11000061035156,64.91000366210938,1453.4000244140625,2.674499988555908,117.30000305175781,2.500999927520752,12.789999961853027,16.91200065612793,362.75,312.5,12.390000343322754,882.0,528.5
2019-11-29,2617.0,55.16999816894531,64.4000015258789,1465.5999755859375,2.6419999599456787,118.55000305175781,2.2809998989105225,12.9399995803833,16.9689998626709,371.25,321.25,12.484999656677246,876.75,547.5
2019-12-02,2604.0,55.959999084472656,63.849998474121094,1462.300048828125,2.632499933242798,121.5,2.3289999961853027,12.75,16.836000442504883,373.5,325.25,12.475000381469727,870.5,543.25
2019-12-03,2631.0,56.099998474121094,63.099998474121094,1478.199951171875,2.6080000400543213,122.8499984741211,2.440999984741211,12.859999656677246,17.125,372.0,320.25,12.335000038146973,871.0,530.5
2019-12-04,2612.0,58.43000030517578,63.16999816894531,1474.0,2.6440000534057617,120.5999984741211,2.3989999294281006,13.0600004196167,16.797000885009766,368.75,322.75,12.295000076293945,878.0,535.0
2019-12-05,2645.0,58.43000030517578,63.5099983215332,1476.9000244140625,2.6484999656677246,123.94999694824219,2.427000045776367,13.079999923706055,16.941999435424805,365.5,316.25,12.295000076293945,884.25,532.0
2019-12-06,2652.0,59.20000076293945,65.0,1459.0999755859375,2.7109999656677246,123.69999694824219,2.3340001106262207,13.180000305175781,16.481000900268555,366.5,313.75,12.3100004196167,889.5,532.5
2019-12-09,2646.0,59.02000045776367,65.37999725341797,1459.300048828125,2.746500015258789,127.30000305175781,2.2320001125335693,13.380000114440918,16.531999588012695,365.75,316.75,12.449999809265137,897.25,532.0
2019-12-10,2673.0,59.2400016784668,65.93000030517578,1462.5999755859375,2.755500078201294,132.0500030517578,2.2639999389648438,13.460000038146973,16.59600067138672,363.25,316.25,12.449999809265137,901.25,534.75
2019-12-11,2656.0,58.7599983215332,65.87999725341797,1469.4000244140625,2.7825000286102295,133.85000610351562,2.243000030517578,13.420000076293945,16.743999481201172,357.75,315.25,12.430000305175781,893.5,530.75
2019-12-12,2609.0,59.18000030517578,67.16999816894531,1466.699951171875,2.7894999980926514,135.89999389648438,2.328000068664551,13.520000457763672,16.844999313354492,367.0,324.25,12.430000305175781,898.25,539.25
2019-12-13,2660.0,60.06999969482422,66.80000305175781,1475.5999755859375,2.7804999351501465,129.4499969482422,2.2960000038146973,13.5,16.91200065612793,366.25,324.25,12.515000343322754,907.5,539.25
2019-12-16,2545.0,60.209999084472656,66.97000122070312,1475.0,2.820499897003174,135.8000030517578,2.3410000801086426,13.289999961853027,17.018999099731445,388.0,307.5,12.604999542236328,922.0,549.75
2019-12-17,2534.0,60.939998626708984,66.44000244140625,1474.5999755859375,2.819499969482422,132.1999969482422,2.319000005722046,13.270000457763672,16.97800064086914,390.0,306.5,12.680000305175781,928.75,556.25
2019-12-18,2506.0,60.93000030517578,66.73999786376953,1472.5999755859375,2.816999912261963,131.6999969482422,2.2860000133514404,13.430000305175781,16.952999114990234,387.0,299.5,12.78499984741211,928.5,548.25
2019-12-19,2435.0,61.220001220703125,67.58000183105469,1478.199951171875,2.8315000534057617,127.19999694824219,2.2730000019073486,13.550000190734863,17.058000564575195,386.5,297.25,12.795000076293945,924.5,545.25
2019-12-20,2417.0,60.439998626708984,67.95999908447266,1474.699951171875,2.811000108718872,130.6999969482422,2.328000068664551,13.539999961853027,17.128000259399414,387.75,292.0,12.880000114440918,928.25,542.25
2019-12-23,2427.0,60.52000045776367,68.61000061035156,1482.5,2.816999912261963,125.30000305175781,2.2139999866485596,13.449999809265137,17.402999877929688,388.75,288.5,12.914999961853027,934.0,539.5
2019-12-24,2443.0,61.11000061035156,68.69999694824219,1499.0999755859375,2.8385000228881836,129.39999389648438,2.171999931335449,13.369999885559082,17.756999969482422,387.5,285.75,12.9399995803833,936.5,541.0
2019-12-26,2405.0,61.68000030517578,68.69999694824219,1509.300048828125,2.864500045776367,127.30000305175781,2.2939999103546143,13.4399995803833,17.893999099731445,388.5,283.0,12.875,937.75,549.0
2019-12-27,2497.0,61.720001220703125,68.91999816894531,1513.800048828125,2.8364999294281006,132.5,2.1579999923706055,13.539999961853027,17.849000930786133,390.0,288.5,13.029999732971191,929.5,556.25
2019-12-30,2463.0,61.68000030517578,69.55999755859375,1514.5,2.827500104904175,132.14999389648438,2.186000108718872,13.529999732971191,17.908000946044922,388.25,290.5,12.96500015258789,939.5,556.0
2019-12-31,2540.0,61.060001373291016,69.05000305175781,1519.5,2.7939999103546143,129.6999969482422,2.188999891281128,13.420000076293945,17.827999114990234,387.75,292.0,13.135000228881836,943.0,558.75
2020-01-02,2532.0,61.18000030517578,69.2699966430664,1524.5,2.8329999446868896,127.0999984741211,2.121999979019165,13.130000114440918,17.965999603271484,391.5,298.0,12.9350004196167,944.25,560.25
2020-01-03,2519.0,63.04999923706055,69.19999694824219,1549.199951171875,2.7985000610351562,126.3499984741211,2.130000114440918,13.3100004196167,18.06800079345703,386.5,290.75,12.994999885559082,930.5,554.5
2020-01-06,2484.0,63.27000045776367,70.04000091552734,1566.199951171875,2.80049991607666,122.1500015258789,2.134999990463257,13.729999542236328,18.097000122070312,384.75,294.25,12.8149995803833,932.75,550.0
2020-01-07,2533.0,62.70000076293945,69.83000183105469,1571.800048828125,2.803999900817871,122.4000015258789,2.1619999408721924,13.59000015258789,18.31599998474121,384.5,293.25,12.835000038146973,935.0,550.25
2020-01-08,2501.0,59.61000061035156,69.95999908447266,1557.4000244140625,2.819000005722046,119.1500015258789,2.1410000324249268,13.470000267028809,18.08799934387207,384.25,299.0,12.835000038146973,938.25,552.75
2020-01-09,2554.0,59.560001373291016,70.69000244140625,1551.699951171875,2.810499906539917,117.3499984741211,2.1659998893737793,13.710000038146973,17.860000610351562,383.25,302.0,13.0,933.75,562.25
2020-01-10,2589.0,59.040000915527344,71.30999755859375,1557.5,2.81850004196167,118.94999694824219,2.2019999027252197,14.069999694824219,18.033000946044922,385.75,308.5,13.074999809265137,935.0,564.5
2020-01-13,2583.0,58.08000183105469,71.52999877929688,1548.4000244140625,2.8615000247955322,114.55000305175781,2.181999921798706,14.15999984741211,17.926000595092773,389.5,311.0,12.970000267028809,929.25,562.25
2020-01-14,2655.0,58.22999954223633,71.37999725341797,1542.4000244140625,2.875999927520752,114.9000015258789,2.187000036239624,14.319999694824219,17.673999786376953,389.0,313.0,13.050000190734863,928.5,568.5
2020-01-15,2689.0,57.810001373291016,70.31999969482422,1552.0999755859375,2.869999885559082,114.30000305175781,2.119999885559082,14.520000457763672,17.92300033569336,387.5,305.75,13.359999656677246,928.75,573.25
2020-01-16,2712.0,58.52000045776367,70.22000122070312,1549.0,2.8519999980926514,112.94999694824219,2.0769999027252197,14.430000305175781,17.875,375.5,305.5,13.335000038146973,924.0,565.25
2020-01-17,2797.0,58.540000915527344,71.25,1558.800048828125,2.8494999408721924,112.1500015258789,2.003000020980835,14.449999809265137,18.01300048828125,389.25,311.75,13.515000343322754,929.75,570.5
2020-01-21,2818.0,58.34000015258789,69.23999786376953,1556.4000244140625,2.7985000610351562,111.05000305175781,1.8949999809265137,14.550000190734863,17.750999450683594,387.5,314.75,13.414999961853027,916.0,581.5
2020-01-22,2803.0,56.7400016784668,71.12999725341797,1555.300048828125,2.7669999599456787,111.0,1.9049999713897705,14.65999984741211,17.770999908447266,388.75,313.25,13.4350004196167,913.75,577.75
2020-01-23,2771.0,55.59000015258789,70.02999877929688,1564.5999755859375,2.7260000705718994,112.5999984741211,1.9259999990463257,14.569999694824219,17.773000717163086,393.75,316.5,13.625,909.5,580.5
2020-01-24,2733.0,54.189998626708984,69.4000015258789,1571.0999755859375,2.685499906539917,110.1500015258789,1.8930000066757202,14.390000343322754,18.05699920654297,387.25,303.25,13.585000038146973,902.0,573.5
2020-01-27,2734.0,53.13999938964844,69.51000213623047,1576.800048828125,2.5964999198913574,106.5999984741211,1.9019999504089355,14.210000038146973,18.0,380.5,300.5,13.470000267028809,897.25,572.25
2020-01-28,2703.0,53.47999954223633,70.36000061035156,1569.199951171875,2.5794999599456787,105.05000305175781,1.934000015258789,14.539999961853027,17.402000427246094,386.5,307.0,13.585000038146973,895.0,569.75
2020-01-29,2727.0,53.33000183105469,70.05999755859375,1569.800048828125,2.553499937057495,102.05000305175781,1.8769999742507935,14.489999771118164,17.430999755859375,384.25,307.75,13.664999961853027,893.0,562.25
2020-01-30,2801.0,52.13999938964844,69.05000305175781,1583.5,2.5234999656677246,101.5,1.8289999961853027,14.59000015258789,17.95199966430664,379.5,305.5,13.5600004196167,876.25,560.5
2020-01-31,2777.0,51.560001373291016,67.5,1582.9000244140625,2.5199999809265137,102.6500015258789,1.840999960899353,14.609999656677246,17.972000122070312,381.25,303.75,13.609999656677246,872.5,553.75
2020-02-03,2734.0,50.11000061035156,66.83999633789062,1577.199951171875,2.513000011444092,97.9000015258789,1.819000005722046,14.890000343322754,17.639999389648438,378.75,300.25,13.5649995803833,877.0,555.5
2020-02-04,2757.0,49.61000061035156,67.3499984741211,1550.4000244140625,2.547499895095825,98.1500015258789,1.871999979019165,14.710000038146973,17.527999877929688,382.25,308.0,13.585000038146973,879.5,557.25
2020-02-05,2790.0,50.75,67.51000213623047,1557.800048828125,2.5789999961853027,97.75,1.8609999418258667,14.729999542236328,17.569000244140625,380.75,304.5,13.539999961853027,880.0,562.0
2020-02-06,2849.0,50.95000076293945,67.91000366210938,1565.0999755859375,2.5985000133514404,98.1500015258789,1.8619999885559082,14.739999771118164,17.788999557495117,379.25,304.75,13.524999618530273,881.0,556.25
2020-02-07,2900.0,50.31999969482422,67.75,1568.5999755859375,2.559000015258789,98.3499984741211,1.8580000400543213,14.920000076293945,17.665000915527344,383.5,303.0,13.614999771118164,882.0,558.75
2020-02-10,2940.0,49.56999969482422,68.19000244140625,1574.699951171875,2.557499885559082,100.30000305175781,1.7660000324249268,15.039999961853027,17.757999420166016,381.75,301.75,13.694999694824219,884.25,552.0
2020-02-11,2918.0,49.939998626708984,68.2300033569336,1565.5999755859375,2.5885000228881836,100.5,1.7879999876022339,15.40999984741211,17.572999954223633,379.75,299.25,13.604999542236328,884.75,542.0
2020-02-12,2904.0,51.16999816894531,68.58000183105469,1567.4000244140625,2.6059999465942383,100.6500015258789,1.843999981880188,15.779999732971191,17.47800064086914,383.0,304.0,13.390000343322754,892.5,547.5
2020-02-13,2988.0,51.41999816894531,67.75,1575.0999755859375,2.619499921798706,104.44999694824219,1.8259999752044678,15.15999984741211,17.600000381469727,379.5,295.75,13.305000305175781,896.25,544.25
2020-02-14,2904.0,52.04999923706055,67.41000366210938,1582.699951171875,2.6054999828338623,109.0999984741211,1.8370000123977661,15.0600004196167,17.71500015258789,377.75,296.0,13.329999923706055,893.75,542.75
2020-02-18,2900.0,52.04999923706055,67.87000274658203,1600.0,2.609999895095825,106.55000305175781,1.9809999465942383,15.279999732971191,18.131000518798828,383.0,303.5,13.430000305175781,892.25,566.75
2020-02-19,2925.0,53.290000915527344,68.4800033569336,1607.5,2.612499952316284,106.80000305175781,1.9550000429153442,15.579999923706055,18.29199981689453,380.5,301.25,13.425000190734863,897.25,565.25
2020-02-20,2939.0,53.779998779296875,68.75,1616.5999755859375,2.5950000286102295,103.5999984741211,1.9199999570846558,15.399999618530273,18.30900001525879,378.5,298.5,13.4350004196167,892.75,560.0
2020-02-21,2922.0,53.380001068115234,68.93000030517578,1644.5999755859375,2.618000030517578,108.8499984741211,1.9049999713897705,15.59000015258789,18.520999908447266,377.0,296.0,13.385000228881836,890.5,551.0
2020-02-24,2883.0,51.43000030517578,67.52999877929688,1672.4000244140625,2.5924999713897705,105.9000015258789,1.8270000219345093,15.270000457763672,18.868000030517578,372.25,286.0,13.369999885559082,874.25,536.25
2020-02-25,2888.0,49.900001525878906,66.33000183105469,1646.9000244140625,2.5964999198913574,107.0999984741211,1.847000002861023,15.149999618530273,18.183000564575195,372.5,285.0,13.364999771118164,879.0,539.0
2020-02-26,2828.0,48.72999954223633,65.55000305175781,1640.0,2.5764999389648438,109.0999984741211,1.8209999799728394,14.789999961853027,17.826000213623047,370.5,278.75,13.425000190734863,881.0,540.25
2020-02-27,2833.0,47.09000015258789,62.599998474121094,1640.0,2.571500062942505,108.19999694824219,1.7519999742507935,14.390000343322754,17.658000946044922,364.5,273.5,13.414999961853027,886.25,529.25
2020-02-28,2760.0,44.7599983215332,61.59000015258789,1564.0999755859375,2.5460000038146973,110.0999984741211,1.684000015258789,14.460000038146973,16.386999130249023,366.5,268.75,13.515000343322754,883.5,529.0
2020-03-02,2748.0,46.75,63.47999954223633,1592.300048828125,2.6010000705718994,114.6500015258789,1.75600004196167,13.8100004196167,16.679000854492188,374.75,259.0,13.5,890.5,526.25
2020-03-03,2740.0,47.18000030517578,62.75,1642.0999755859375,2.5794999599456787,121.05000305175781,1.7999999523162842,13.760000228881836,17.128999710083008,381.75,258.0,13.454999923706055,893.0,528.75
2020-03-04,2713.0,46.779998779296875,62.959999084472656,1641.0999755859375,2.5929999351501465,117.1500015258789,1.8270000219345093,13.470000267028809,17.187000274658203,387.0,264.25,13.404999732971191,898.75,521.5
2020-03-05,2684.0,45.900001525878906,63.529998779296875,1666.4000244140625,2.5824999809265137,109.8499984741211,1.7719999551773071,13.420000076293945,17.341999053955078,384.5,264.0,13.029999732971191,889.0,524.25
2020-03-06,2702.0,41.279998779296875,62.970001220703125,1670.800048828125,2.572999954223633,105.5999984741211,1.7079999446868896,13.020000457763672,17.214000701904297,377.25,261.75,12.880000114440918,883.25,521.25
2020-03-09,2686.0,31.1299991607666,61.38999938964844,1674.5,2.5239999294281006,108.94999694824219,1.777999997138977,12.609999656677246,17.000999450683594,374.25,261.0,12.779999732971191,863.5,522.25
2020-03-10,2718.0,34.36000061035156,61.40999984741211,1659.0999755859375,2.5339999198913574,114.25,1.9359999895095825,12.59000015258789,16.9060001373291,380.0,268.5,12.845000267028809,873.0,526.75
2020-03-11,2766.0,32.97999954223633,61.54999923706055,1641.4000244140625,2.51200008392334,111.55000305175781,1.878000020980835,12.260000228881836,16.729000091552734,379.25,268.0,12.975000381469727,867.75,517.25
2020-03-12,2636.0,31.5,59.70000076293945,1589.300048828125,2.4809999465942383,109.1500015258789,1.840999960899353,11.619999885559082,15.961000442504883,369.75,268.5,13.149999618530273,855.0,508.25
2020-03-13,2482.0,31.729999542236328,60.4900016784668,1515.699951171875,2.4739999771118164,107.05000305175781,1.86899995803833,11.699999809265137,14.456000328063965,370.75,268.5,13.119999885559082,846.75,514.75
2020-03-16,2388.0,28.700000762939453,58.79999923706055,1485.9000244140625,2.3984999656677246,103.9000015258789,1.815000057220459,11.09000015258789,12.772000312805176,354.75,259.5,13.614999771118164,821.75,498.0
2020-03-17,2318.0,26.950000762939453,57.91999816894531,1524.9000244140625,2.315500020980835,102.9000015258789,1.7289999723434448,10.890000343322754,12.468999862670898,344.0,253.5,13.949999809265137,824.25,499.25
2020-03-18,2284.0,20.3700008392334,56.63999938964844,1477.300048828125,2.1605000495910645,108.05000305175781,1.6039999723434448,10.670000076293945,11.734999656677246,335.25,255.25,14.289999961853027,825.5,508.25
2020-03-19,2216.0,25.219999313354492,54.93000030517578,1478.5999755859375,2.200000047683716,116.6500015258789,1.6540000438690186,10.59000015258789,12.097000122070312,345.5,261.25,13.920000076293945,843.25,535.0
2020-03-20,2230.0,22.43000030517578,53.68000030517578,1484.0,2.190500020980835,119.69999694824219,1.6039999723434448,10.90999984741211,12.348999977111816,343.75,262.0,13.28499984741211,862.5,539.25
2020-03-23,2257.0,23.360000610351562,52.150001525878906,1567.0,2.119499921798706,121.25,1.6019999980926514,11.039999961853027,13.225000381469727,343.5,268.5,13.234999656677246,884.0,562.5
2020-03-24,2275.0,24.010000228881836,52.88999938964844,1660.199951171875,2.197499990463257,125.5999984741211,1.652999997138977,11.270000457763672,14.229000091552734,347.25,269.5,13.279999732971191,886.75,561.5
2020-03-25,2248.0,24.489999771118164,53.439998626708984,1632.300048828125,2.2339999675750732,129.9499969482422,1.659000039100647,11.40999984741211,14.836999893188477,348.5,266.0,13.625,881.5,580.0
2020-03-26,2255.0,22.600000381469727,52.779998779296875,1650.0999755859375,2.2079999446868896,124.6500015258789,1.6369999647140503,11.329999923706055,14.640000343322754,348.75,261.0,13.770000457763672,880.25,569.0
2020-03-27,2257.0,21.510000228881836,51.33000183105469,1623.9000244140625,2.197000026702881,115.8499984741211,1.6339999437332153,11.100000381469727,14.498000144958496,346.0,265.5,13.970000267028809,881.5,571.25
2020-03-30,2265.0,20.09000015258789,50.70000076293945,1622.0,2.1619999408721924,119.30000305175781,1.690000057220459,10.729999542236328,14.074000358581543,341.25,261.5,14.095000267028809,882.25,569.5
2020-03-31,2249.0,20.479999542236328,51.130001068115234,1583.4000244140625,2.240000009536743,119.55000305175781,1.6399999856948853,10.420000076293945,14.097999572753906,340.75,264.25,14.03499984741211,886.0,568.75
2020-04-01,2227.0,20.309999465942383,48.40999984741211,1578.199951171875,2.191999912261963,116.0,1.5870000123977661,10.039999961853027,13.925999641418457,334.75,260.25,14.055000305175781,862.75,550.25
2020-04-02,2285.0,25.31999969482422,49.9900016784668,1625.699951171875,2.2330000400543213,119.3499984741211,1.5520000457763672,10.289999961853027,14.595999717712402,333.5,264.5,14.244999885559082,858.75,541.75
2020-04-03,2264.0,28.34000015258789,50.97999954223633,1633.699951171875,2.2100000381469727,114.9000015258789,1.621000051498413,10.3100004196167,14.435999870300293,330.75,272.75,14.550000190734863,854.25,549.25
2020-04-06,2366.0,26.079999923706055,53.04999923706055,1677.0,2.234999895095825,116.6500015258789,1.7309999465942383,10.449999809265137,15.111000061035156,327.75,273.5,14.680000305175781,855.5,555.75
2020-04-07,2410.0,23.6299991607666,52.900001525878906,1664.800048828125,2.2885000705718994,119.9000015258789,1.8519999980926514,10.380000114440918,15.42199993133545,331.5,274.25,14.34000015258789,854.75,549.25
2020-04-08,2379.0,25.09000015258789,53.84000015258789,1665.4000244140625,2.2780001163482666,119.80000305175781,1.7829999923706055,10.369999885559082,15.147000312805176,330.0,275.5,14.3149995803833,854.5,548.25
2020-04-09,2305.0,22.760000228881836,54.369998931884766,1736.199951171875,2.2774999141693115,118.5999984741211,1.7330000400543213,10.430000305175781,15.994999885559082,331.75,274.25,14.520000457763672,863.5,556.5
2020-04-13,2253.0,22.40999984741211,52.7599983215332,1744.800048828125,2.320499897003174,119.75,1.7239999771118164,10.170000076293945,15.479000091552734,331.5,274.75,14.324999809265137,854.25,555.0
2020-04-14,2265.0,20.110000610351562,52.5099983215332,1756.699951171875,2.3469998836517334,117.19999694824219,1.649999976158142,10.050000190734863,16.07200050354004,326.0,277.25,14.279999732971191,847.0,548.75
2020-04-15,2205.0,19.8700008392334,52.75,1727.199951171875,2.3125,120.19999694824219,1.5980000495910645,10.15999984741211,15.446999549865723,319.25,285.5,14.1899995803833,842.0,540.25
2020-04-16,2235.0,19.8700008392334,52.790000915527344,1720.4000244140625,2.304500102996826,118.5999984741211,1.6859999895095825,10.15999984741211,15.564000129699707,319.75,289.25,14.324999809265137,836.75,529.75
2020-04-17,2379.0,18.270000457763672,52.77000045776367,1689.199951171875,2.3534998893737793,116.05000305175781,1.753000020980835,10.369999885559082,15.237000465393066,322.25,288.0,14.494999885559082,832.5,533.5
2020-04-20,2338.0,-37.630001068115234,54.029998779296875,1701.5999755859375,2.3345000743865967,113.6500015258789,1.9240000247955322,10.0600004196167,15.555999755859375,314.25,293.25,14.5600004196167,826.5,548.75
2020-04-21,2298.0,10.010000228881836,53.310001373291016,1678.199951171875,2.2669999599456787,109.6500015258789,1.8209999799728394,9.75,14.817999839782715,309.25,296.75,15.140000343322754,830.75,546.75
2020-04-22,2355.0,13.779999732971191,56.279998779296875,1728.699951171875,2.317500114440918,110.5999984741211,1.9390000104904175,9.829999923706055,15.277000427246094,317.5,303.25,15.824999809265137,834.75,543.0
2020-04-23,2343.0,16.5,56.880001068115234,1733.300048828125,2.3239998817443848,111.05000305175781,1.815000057220459,9.84000015258789,15.347999572753906,319.25,295.0,16.674999237060547,839.25,547.0
2020-04-24,2341.0,16.940000534057617,54.93000030517578,1723.5,2.3480000495910645,105.19999694824219,1.746000051498413,9.729999542236328,15.253999710083008,315.75,303.0,16.610000610351562,832.25,526.75
2020-04-27,2348.0,12.779999732971191,53.93000030517578,1711.9000244140625,2.381999969482422,104.5999984741211,1.819000005722046,9.210000038146973,15.201000213623047,305.5,305.0,16.975000381469727,829.0,521.0
2020-04-28,2360.0,12.34000015258789,56.18000030517578,1710.5,2.378999948501587,105.69999694824219,1.7940000295639038,9.34000015258789,15.161999702453613,302.75,305.75,16.860000610351562,826.0,526.75
2020-04-29,2395.0,15.0600004196167,58.02000045776367,1703.4000244140625,2.374500036239624,103.6500015258789,1.86899995803833,9.760000228881836,15.15999984741211,304.5,306.5,18.0,831.75,519.5
2020-04-30,2432.0,18.84000015258789,58.060001373291016,1684.199951171875,2.3540000915527344,104.6500015258789,1.9490000009536743,10.390000343322754,14.89799976348877,311.5,307.0,17.155000686645508,850.25,529.75
2020-05-01,2420.0,19.780000686645508,56.560001373291016,1694.5,2.31850004196167,104.44999694824219,1.8899999856948853,10.970000267028809,14.86299991607666,311.5,309.25,16.774999618530273,847.25,521.5
2020-05-04,2405.0,20.389999389648438,55.0,1706.9000244140625,2.3239998817443848,105.55000305175781,1.9930000305175781,10.399999618530273,14.722000122070312,310.75,315.0,16.200000762939453,834.0,524.25
2020-05-05,2396.0,24.559999465942383,53.90999984741211,1704.4000244140625,2.3410000801086426,108.8499984741211,2.134000062942505,10.779999732971191,15.057000160217285,313.0,315.0,16.145000457763672,838.25,525.5
2020-05-06,2381.0,23.989999771118164,54.83000183105469,1684.199951171875,2.3524999618530273,109.3499984741211,1.944000005722046,10.270000457763672,14.987000465393066,311.75,310.25,16.690000534057617,830.5,524.75
2020-05-07,2399.0,23.549999237060547,55.38999938964844,1721.800048828125,2.385499954223633,107.44999694824219,1.8940000534057617,10.329999923706055,15.562000274658203,316.0,315.25,16.850000381469727,841.5,529.0
2020-05-08,2418.0,24.739999771118164,56.27000045776367,1709.9000244140625,2.4084999561309814,110.0999984741211,1.8229999542236328,10.289999961853027,15.739999771118164,319.0,315.5,16.700000762939453,848.75,529.5
2020-05-11,2481.0,24.139999389648438,56.630001068115234,1695.300048828125,2.381999969482422,108.94999694824219,1.8259999752044678,10.119999885559082,15.63599967956543,318.5,318.75,16.809999465942383,852.25,524.75
2020-05-12,2420.0,25.780000686645508,58.34000015258789,1704.4000244140625,2.3605000972747803,105.5999984741211,1.7200000286102295,10.25,15.687000274658203,323.75,320.75,17.225000381469727,849.25,521.75
2020-05-13,2474.0,25.290000915527344,57.459999084472656,1713.9000244140625,2.3489999771118164,103.55000305175781,1.6160000562667847,10.260000228881836,15.663000106811523,320.25,322.0,17.420000076293945,836.0,510.5
2020-05-14,2413.0,27.559999465942383,57.849998474121094,1738.0999755859375,2.3510000705718994,104.9000015258789,1.680999994277954,10.460000038146973,16.13599967956543,320.25,322.0,17.420000076293945,835.25,510.5
2020-05-15,2399.0,29.43000030517578,58.25,1753.4000244140625,2.3334999084472656,104.80000305175781,1.6460000276565552,10.380000114440918,17.04599952697754,319.25,312.0,16.014999389648438,838.5,500.25
2020-05-18,2404.0,31.81999969482422,57.79999923706055,1731.800048828125,2.4049999713897705,105.69999694824219,1.7829999923706055,10.800000190734863,17.464000701904297,320.75,318.75,16.06999969482422,845.0,497.0
2020-05-19,2435.0,32.5,59.20000076293945,1744.199951171875,2.4230000972747803,107.05000305175781,1.8300000429153442,10.850000381469727,17.892000198364258,321.25,315.75,16.06999969482422,842.5,498.75
2020-05-20,2401.0,33.4900016784668,58.209999084472656,1750.5999755859375,2.4674999713897705,105.6500015258789,1.7710000276565552,11.1899995803833,18.00200080871582,319.5,318.0,16.084999084472656,846.75,513.75
2020-05-21,2340.0,33.91999816894531,58.060001373291016,1720.5,2.4519999027252197,104.75,1.7100000381469727,10.979999542236328,17.334999084472656,317.75,319.75,16.040000915527344,835.0,516.0
2020-05-22,2394.0,33.25,57.61000061035156,1734.5999755859375,2.4089999198913574,103.5999984741211,1.7309999465942383,10.930000305175781,17.663999557495117,318.0,323.5,16.049999237060547,833.25,508.75
2020-05-26,2394.0,34.349998474121094,58.22999954223633,1704.800048828125,2.438499927520752,105.0999984741211,1.7929999828338623,11.050000190734863,17.565000534057617,319.0,331.25,16.239999771118164,847.0,506.75
2020-05-27,2363.0,32.810001373291016,58.34000015258789,1710.300048828125,2.4024999141693115,102.5,1.722000002861023,10.800000190734863,17.68600082397461,320.5,327.5,16.360000610351562,848.5,504.5
2020-05-28,2429.0,33.709999084472656,57.56999969482422,1713.300048828125,2.4130001068115234,99.0999984741211,1.8270000219345093,10.800000190734863,17.895000457763672,327.5,328.5,16.885000228881836,847.0,514.5
2020-05-29,2454.0,35.4900016784668,57.59000015258789,1736.9000244140625,2.426500082015991,96.30000305175781,1.8489999771118164,10.90999984741211,18.440000534057617,325.75,324.25,17.21500015258789,840.75,520.75
2020-06-01,2493.0,35.439998626708984,60.060001373291016,1737.800048828125,2.4744999408721924,98.30000305175781,1.7740000486373901,11.0,18.76799964904785,323.25,329.75,18.114999771118164,840.5,515.25
2020-06-02,2402.0,36.810001373291016,60.369998931884766,1725.199951171875,2.494499921798706,98.19999694824219,1.7769999504089355,11.220000267028809,18.207000732421875,324.25,328.25,19.065000534057617,850.5,508.0
2020-06-03,2395.0,37.290000915527344,60.47999954223633,1697.800048828125,2.496500015258789,99.0999984741211,1.8209999799728394,11.619999885559082,17.92099952697754,324.0,331.75,20.565000534057617,857.5,512.0
2020-06-04,2396.0,37.40999984741211,60.0,1718.9000244140625,2.493000030517578,98.1500015258789,1.8220000267028809,11.729999542236328,18.02400016784668,329.0,345.5,22.065000534057617,867.75,523.75
2020-06-05,2398.0,39.54999923706055,61.790000915527344,1676.199951171875,2.556999921798706,98.9000015258789,1.781999945640564,12.020000457763672,17.44300079345703,331.25,328.25,20.565000534057617,867.75,515.25
2020-06-08,2413.0,38.189998626708984,60.810001373291016,1698.300048828125,2.569999933242798,98.9000015258789,1.7890000343322754,11.9399995803833,17.868000030517578,333.75,314.5,19.065000534057617,864.75,511.5
2020-06-09,2484.0,38.939998626708984,60.52000045776367,1714.699951171875,2.6005001068115234,97.80000305175781,1.7669999599456787,12.0,17.77400016784668,327.5,317.25,17.565000534057617,863.25,504.5
2020-06-10,2470.0,39.599998474121094,60.5099983215332,1713.300048828125,2.6570000648498535,96.75,1.7799999713897705,12.229999542236328,17.775999069213867,326.25,313.5,16.065000534057617,865.5,506.25
2020-06-11,2362.0,36.34000015258789,60.02000045776367,1732.0,2.5864999294281006,96.0,1.812999963760376,11.9399995803833,17.868999481201172,329.75,319.0,14.5649995803833,866.0,499.25
2020-06-12,2396.0,36.2599983215332,59.84000015258789,1729.300048828125,2.6015000343322754,95.19999694824219,1.7309999465942383,11.869999885559082,17.461999893188477,330.0,317.0,16.065000534057617,871.25,502.0
2020-06-15,2355.0,37.119998931884766,59.0099983215332,1720.300048828125,2.56850004196167,94.0,1.6690000295639038,12.039999961853027,17.378999710083008,329.25,319.0,16.68000030517578,869.0,504.75
2020-06-16,2360.0,38.380001068115234,60.06999969482422,1729.5999755859375,2.565999984741211,93.6500015258789,1.6139999628067017,12.1899995803833,17.631999969482422,329.0,302.75,15.729999542236328,867.0,496.0
2020-06-17,2379.0,37.959999084472656,61.34000015258789,1729.199951171875,2.5920000076293945,96.25,1.6380000114440918,12.109999656677246,17.756999969482422,330.25,305.0,14.545000076293945,871.25,488.75
2020-06-18,2419.0,38.84000015258789,61.16999816894531,1724.800048828125,2.5910000801086426,94.5999984741211,1.6380000114440918,11.890000343322754,17.493000030517578,331.0,306.0,14.039999961853027,873.0,483.5
2020-06-19,2387.0,39.75,61.560001373291016,1745.9000244140625,2.615000009536743,93.75,1.6690000295639038,12.050000190734863,17.832000732421875,332.5,306.0,14.020000457763672,876.5,481.25
2020-06-22,2405.0,40.459999084472656,62.52000045776367,1756.699951171875,2.6554999351501465,95.94999694824219,1.6640000343322754,11.920000076293945,17.886999130249023,328.25,303.0,14.0,876.25,485.0
2020-06-23,2425.0,40.369998931884766,63.040000915527344,1772.0999755859375,2.6600000858306885,96.25,1.6369999647140503,11.789999961853027,18.051000595092773,325.0,304.25,14.0600004196167,875.0,486.0
2020-06-24,2441.0,38.0099983215332,61.65999984741211,1765.800048828125,2.6505000591278076,96.6500015258789,1.597000002861023,11.75,17.658000946044922,324.25,304.75,13.9399995803833,870.75,481.25
2020-06-25,2521.0,38.720001220703125,61.810001373291016,1762.0999755859375,2.6624999046325684,94.8499984741211,1.4819999933242798,11.8100004196167,17.882999420166016,317.25,311.5,13.555000305175781,869.25,486.75
2020-06-26,2352.0,38.4900016784668,60.54999923706055,1772.5,2.671999931335449,95.6500015258789,1.4950000047683716,11.550000190734863,18.023000717163086,317.0,329.0,13.569999694824219,865.0,474.0
2020-06-29,2313.0,39.70000076293945,59.619998931884766,1774.800048828125,2.679500102996826,98.6500015258789,1.7089999914169312,11.710000038146973,17.979999542236328,326.25,336.75,13.699999809265137,866.5,485.5
2020-06-30,2251.0,39.27000045776367,60.97999954223633,1793.0,2.7135000228881836,100.05000305175781,1.7510000467300415,11.84000015258789,18.541000366210938,338.5,333.5,14.505000114440918,884.25,490.0
2020-07-01,2209.0,39.81999969482422,62.58000183105469,1773.199951171875,2.7170000076293945,103.05000305175781,1.6710000038146973,12.170000076293945,18.132999420166016,348.25,337.25,15.9399995803833,893.75,498.75
2020-07-02,2214.0,40.650001525878906,63.04999923706055,1784.0,2.7335000038146973,102.25,1.7339999675750732,12.239999771118164,18.243999481201172,342.5,338.5,16.524999618530273,892.5,490.0
2020-07-06,2187.0,40.630001068115234,63.06999969482422,1788.5,2.7660000324249268,97.19999694824219,1.8300000429153442,11.930000305175781,18.503999710083008,346.5,339.75,16.415000915527344,898.5,489.5
2020-07-07,2217.0,40.619998931884766,63.2400016784668,1804.199951171875,2.7874999046325684,99.25,1.8760000467300415,12.180000305175781,18.628000259399414,345.0,337.75,16.520000457763672,895.25,492.25
2020-07-08,2221.0,40.900001525878906,64.66000366210938,1815.5,2.814500093460083,98.94999694824219,1.8240000009536743,12.079999923706055,19.08099937438965,348.25,343.5,16.315000534057617,894.75,517.5
2020-07-09,2267.0,39.619998931884766,63.34000015258789,1799.199951171875,2.828000068664551,97.69999694824219,1.7790000438690186,11.84000015258789,18.881999969482422,351.25,341.0,16.315000534057617,898.25,526.25
2020-07-10,2278.0,40.54999923706055,64.70999908447266,1798.199951171875,2.88700008392334,96.1500015258789,1.8049999475479126,11.760000228881836,18.982999801635742,340.5,339.25,16.155000686645508,891.5,535.75
2020-07-13,2311.0,40.099998474121094,63.75,1811.0,2.941999912261963,97.4000015258789,1.7389999628067017,11.579999923706055,19.708999633789062,334.0,341.0,16.18000030517578,876.5,524.75
2020-07-14,2273.0,40.290000915527344,62.689998626708984,1810.5999755859375,2.9159998893737793,96.69999694824219,1.746000051498413,11.319999694824219,19.451000213623047,334.75,341.0,16.18000030517578,882.25,524.75
2020-07-15,2253.0,41.20000076293945,62.59000015258789,1811.4000244140625,2.870500087738037,95.94999694824219,1.777999997138977,11.819999694824219,19.684999465942383,326.25,276.25,11.989999771118164,886.25,550.75
2020-07-16,2279.0,40.75,62.880001068115234,1798.699951171875,2.885999917984009,97.0999984741211,1.7230000495910645,11.789999961853027,19.496999740600586,330.25,283.5,11.789999961853027,893.5,535.25
2020-07-17,2160.0,40.59000015258789,62.0099983215332,1808.300048828125,2.887500047683716,101.05000305175781,1.718000054359436,11.729999542236328,19.684999465942383,333.0,280.0,11.824999809265137,898.0,534.75
2020-07-20,2219.0,40.810001373291016,62.9900016784668,1815.9000244140625,2.8984999656677246,98.5,1.6410000324249268,11.720000267028809,20.124000549316406,328.25,278.5,11.8149995803833,903.0,522.0
2020-07-21,2176.0,41.959999084472656,62.90999984741211,1842.4000244140625,2.940999984741211,100.5,1.6749999523162842,11.670000076293945,21.496999740600586,322.75,279.0,11.805000305175781,896.5,527.75
2020-07-22,2205.0,41.900001525878906,62.7400016784668,1864.0999755859375,2.9084999561309814,108.3499984741211,1.680999994277954,11.859999656677246,23.08300018310547,327.5,280.75,11.869999885559082,899.25,534.5
2020-07-23,2202.0,41.06999969482422,61.68000030517578,1889.0999755859375,2.924499988555908,107.5,1.784999966621399,11.770000457763672,22.94499969482422,328.0,284.5,11.835000038146973,906.25,529.5
2020-07-24,2224.0,41.290000915527344,59.959999084472656,1897.300048828125,2.881999969482422,108.4000015258789,1.8079999685287476,11.489999771118164,22.808000564575195,326.25,285.5,11.805000305175781,904.75,539.5
2020-07-27,2286.0,41.599998474121094,60.689998626708984,1931.0,2.888000011444092,110.4000015258789,1.7339999675750732,12.119999885559082,24.47599983215332,325.0,286.75,11.640000343322754,906.5,527.75
2020-07-28,2291.0,41.040000915527344,60.59000015258789,1944.699951171875,2.9049999713897705,109.6500015258789,1.7999999523162842,12.010000228881836,24.266000747680664,320.0,286.0,11.425000190734863,896.75,523.5
2020-07-29,2341.0,41.27000045776367,61.029998779296875,1953.5,2.9054999351501465,111.5999984741211,1.8539999723434448,12.010000228881836,24.292999267578125,315.5,282.0,11.385000228881836,891.5,532.75
2020-07-30,2344.0,39.91999816894531,62.81999969482422,1942.300048828125,2.9045000076293945,115.3499984741211,1.8289999961853027,12.109999656677246,23.34000015258789,315.75,278.0,11.53499984741211,891.75,529.5
2020-07-31,2400.0,40.27000045776367,62.29999923706055,1962.800048828125,2.8589999675750732,118.94999694824219,1.7990000247955322,12.640000343322754,24.18899917602539,316.0,276.25,11.595000267028809,897.5,531.25
2020-08-03,2469.0,41.0099983215332,63.529998779296875,1966.0,2.9079999923706055,117.9000015258789,2.1010000705718994,12.720000267028809,24.389999389648438,317.5,276.75,11.59000015258789,897.5,521.0
2020-08-04,2449.0,41.70000076293945,63.93000030517578,2001.199951171875,2.8894999027252197,121.05000305175781,2.193000078201294,12.779999732971191,26.011999130249023,308.25,273.0,11.569999694824219,883.75,508.25
2020-08-05,2481.0,42.189998626708984,64.36000061035156,2031.0999755859375,2.9114999771118164,121.55000305175781,2.190999984741211,12.539999961853027,26.87700080871582,311.0,274.75,11.680000305175781,882.0,510.75
2020-08-06,2510.0,41.95000076293945,64.41000366210938,2051.5,2.9054999351501465,117.0,2.1649999618530273,12.9399995803833,28.386999130249023,311.25,274.5,11.479999542236328,880.75,501.25
2020-08-07,2546.0,41.220001220703125,61.880001068115234,2010.0999755859375,2.7904999256134033,115.44999694824219,2.23799991607666,12.670000076293945,27.533000946044922,307.75,274.25,11.524999618530273,870.25,495.5
2020-08-10,2495.0,41.939998626708984,62.34000015258789,2024.4000244140625,2.8585000038146973,112.5999984741211,2.1530001163482666,12.550000190734863,29.249000549316406,310.5,270.25,11.710000038146973,876.5,491.0
2020-08-11,2458.0,41.61000061035156,63.029998779296875,1932.5999755859375,2.871999979019165,111.3499984741211,2.1710000038146973,12.739999771118164,26.03700065612793,311.5,263.75,11.680000305175781,878.0,495.0
2020-08-12,2479.0,42.66999816894531,61.84000015258789,1934.9000244140625,2.88700008392334,112.05000305175781,2.1519999504089355,12.84000015258789,25.954999923706055,314.5,265.0,11.779999732971191,890.5,491.25
2020-08-13,2487.0,42.2400016784668,62.43000030517578,1956.699951171875,2.803999900817871,116.19999694824219,2.181999921798706,13.109999656677246,27.694000244140625,325.25,265.0,11.755000114440918,907.25,496.75
2020-08-14,2436.0,42.0099983215332,62.290000915527344,1937.0,2.8559999465942383,114.69999694824219,2.3559999465942383,13.100000381469727,26.065000534057617,324.5,264.25,11.890000343322754,903.5,500.0
2020-08-17,2421.0,42.88999938964844,62.619998931884766,1985.0,2.8980000019073486,115.55000305175781,2.3389999866485596,13.0600004196167,27.64299964904785,331.0,273.5,11.975000381469727,912.5,516.5
2020-08-18,2476.0,42.88999938964844,62.38999938964844,1999.4000244140625,2.9709999561309814,119.30000305175781,2.4170000553131104,12.890000343322754,28.048999786376953,327.0,272.5,11.920000076293945,912.0,507.5
2020-08-19,2446.0,42.93000030517578,63.209999084472656,1958.699951171875,3.0190000534057617,118.44999694824219,2.4260001182556152,13.239999771118164,27.315000534057617,325.0,267.75,12.039999961853027,912.5,512.0
2020-08-20,2440.0,42.58000183105469,63.91999816894531,1933.800048828125,2.9700000286102295,118.55000305175781,2.3519999980926514,13.010000228881836,27.121999740600586,324.5,271.75,12.164999961853027,903.0,519.5
2020-08-21,2459.0,42.34000015258789,63.72999954223633,1934.5999755859375,2.9135000705718994,120.0999984741211,2.447999954223633,12.829999923706055,26.707000732421875,327.0,268.5,12.300000190734863,900.75,527.25
2020-08-24,2509.0,42.619998931884766,65.16000366210938,1927.699951171875,2.922499895095825,120.25,2.513000011444092,12.710000038146973,26.58799934387207,331.75,273.75,12.260000228881836,899.75,520.75
2020-08-25,2537.0,43.349998474121094,64.9800033569336,1911.800048828125,2.930999994277954,123.19999694824219,2.489000082015991,12.760000228881836,26.253999710083008,340.75,272.25,12.020000457763672,913.75,527.25
2020-08-26,2526.0,43.38999938964844,64.9800033569336,1940.699951171875,2.9595000743865967,122.80000305175781,2.4609999656677246,12.579999923706055,27.43000030517578,340.5,263.25,12.255000114440918,919.5,532.0
2020-08-27,2589.0,43.040000915527344,64.76000213623047,1921.5999755859375,2.9649999141693115,122.94999694824219,2.5789999961853027,12.770000457763672,27.010000228881836,344.25,269.75,12.619999885559082,937.25,542.5
2020-08-28,2692.0,42.970001220703125,64.37000274658203,1964.5999755859375,2.994999885559082,127.0999984741211,2.6570000648498535,12.600000381469727,27.610000610351562,346.0,267.5,12.319999694824219,950.5,539.25
2020-08-31,2723.0,42.61000061035156,64.41000366210938,1967.5999755859375,3.0409998893737793,129.8000030517578,2.630000114440918,12.65999984741211,28.437000274658203,348.5,274.25,12.489999771118164,951.25,544.25
2020-09-01,2735.0,42.7599983215332,64.66000366210938,1968.199951171875,3.009500026702881,131.89999389648438,2.5269999504089355,12.600000381469727,28.486000061035156,349.5,278.0,12.25,955.0,555.75
2020-09-02,2750.0,41.5099983215332,64.18000030517578,1934.4000244140625,3.003000020980835,131.5,2.4860000610351562,12.4399995803833,27.249000549316406,349.75,275.0,12.390000343322754,962.5,547.75
2020-09-03,2703.0,41.369998931884766,63.560001373291016,1927.5999755859375,2.9579999446868896,131.60000610351562,2.486999988555908,12.069999694824219,26.735000610351562,344.5,271.75,12.444999694824219,968.75,543.25
2020-09-04,2664.0,39.77000045776367,64.12000274658203,1923.9000244140625,3.0464999675750732,134.8000030517578,2.5880000591278076,11.930000305175781,26.576000213623047,347.25,269.25,12.5,969.5,539.75
2020-09-08,2624.0,36.7599983215332,63.189998626708984,1933.0,3.012500047683716,132.8000030517578,2.4000000953674316,12.039999961853027,26.86400032043457,351.0,267.75,12.555000305175781,973.0,533.25
2020-09-09,2631.0,38.04999923706055,63.349998474121094,1944.699951171875,3.0399999618530273,129.64999389648438,2.4059998989105225,12.029999732971191,26.954999923706055,350.0,267.0,12.539999961853027,979.75,534.0
2020-09-10,2606.0,37.29999923706055,63.959999084472656,1954.199951171875,2.986999988555908,132.5,2.322999954223633,11.90999984741211,27.163000106811523,357.25,271.5,12.579999923706055,985.0,540.0
2020-09-11,2620.0,37.33000183105469,64.05999755859375,1937.800048828125,3.0339999198913574,133.35000610351562,2.2690000534057617,11.920000076293945,26.73900032043457,365.0,269.75,12.21500015258789,1005.5,533.75
2020-09-14,2628.0,37.2599983215332,65.45999908447266,1953.0999755859375,3.066499948501587,123.55000305175781,2.309999942779541,11.760000228881836,27.229000091552734,357.5,269.75,12.21500015258789,1019.25,548.5
2020-09-15,2766.0,38.279998779296875,65.38999938964844,1956.300048828125,3.062999963760376,122.19999694824219,2.361999988555908,12.079999923706055,27.34600067138672,366.0,269.25,12.149999618530273,991.5,538.25
2020-09-16,2602.0,40.15999984741211,64.97000122070312,1960.199951171875,3.058000087738037,120.55000305175781,2.2669999599456787,12.350000381469727,27.354999542236328,371.75,273.0,12.15999984741211,1011.25,542.0
2020-09-17,2600.0,40.970001220703125,64.3499984741211,1940.0,3.066499948501587,118.0999984741211,2.0420000553131104,12.619999885559082,26.985000610351562,375.25,272.75,12.25,1028.5,556.25
2020-09-18,2641.0,41.11000061035156,64.16000366210938,1952.0999755859375,3.1135001182556152,113.5999984741211,2.0480000972747803,12.770000457763672,27.027999877929688,378.5,283.25,12.515000343322754,1043.5,575.0
2020-09-21,2629.0,39.310001373291016,63.7400016784668,1901.199951171875,3.0295000076293945,112.0,1.8350000381469727,12.550000190734863,24.298999786376953,369.75,283.75,12.220000267028809,1022.5,554.75
2020-09-22,2556.0,39.599998474121094,63.84000015258789,1898.5999755859375,3.059000015258789,110.6500015258789,1.8339999914169312,12.890000343322754,24.441999435424805,369.25,289.25,12.520000457763672,1019.75,558.0
2020-09-23,2580.0,39.93000030517578,63.7599983215332,1859.9000244140625,2.993499994277954,110.5,2.125,12.819999694824219,23.013999938964844,368.5,287.75,12.489999771118164,1014.5,549.0
2020-09-24,2599.0,40.310001373291016,63.970001220703125,1868.300048828125,2.9690001010894775,111.1500015258789,2.247999906539917,12.84000015258789,23.118000030517578,363.5,285.75,12.5600004196167,1000.0,549.75
2020-09-25,2568.0,40.25,64.66000366210938,1857.699951171875,2.9730000495910645,113.6500015258789,2.1389999389648438,13.0,23.017000198364258,365.25,282.25,12.449999809265137,1002.5,544.25
2020-09-28,2587.0,40.599998474121094,64.4000015258789,1872.800048828125,2.989500045776367,109.55000305175781,2.1010000705718994,12.59000015258789,23.527999877929688,366.75,275.0,12.460000038146973,996.25,550.25
2020-09-29,2588.0,39.290000915527344,64.0,1894.300048828125,2.9835000038146973,109.55000305175781,2.561000108718872,12.989999771118164,24.3799991607666,364.75,277.5,12.510000228881836,993.0,549.5
2020-09-30,2546.0,40.220001220703125,64.48999786376953,1887.5,3.0285000801086426,110.94999694824219,2.5269999504089355,13.069999694824219,23.433000564575195,379.0,285.75,12.475000381469727,1023.5,578.0
2020-10-01,2508.0,38.720001220703125,64.61000061035156,1908.4000244140625,2.8635001182556152,107.05000305175781,2.5269999504089355,13.579999923706055,24.19300079345703,382.75,284.0,12.510000228881836,1023.5,570.25
2020-10-02,2482.0,37.04999923706055,64.5199966430664,1900.199951171875,2.9784998893737793,108.94999694824219,2.437999963760376,13.550000190734863,23.97100067138672,379.75,285.75,12.550000190734863,1020.75,573.25
2020-10-05,2459.0,39.220001220703125,64.7300033569336,1912.5,2.9649999141693115,107.19999694824219,2.615000009536743,13.609999656677246,24.50200080871582,379.5,287.75,12.694999694824219,1021.5,584.25
2020-10-06,2437.0,40.66999816894531,65.55999755859375,1901.0999755859375,2.9655001163482666,107.6500015258789,2.5199999809265137,13.880000114440918,23.8700008392334,385.0,290.75,12.625,1044.0,592.75
2020-10-07,2452.0,39.95000076293945,66.29000091552734,1883.5999755859375,3.0344998836517334,109.5999984741211,2.6059999465942383,14.140000343322754,23.847999572753906,388.75,294.0,12.65999984741211,1051.0,607.5
2020-10-08,2473.0,41.189998626708984,66.19000244140625,1888.5999755859375,3.0420000553131104,110.25,2.627000093460083,14.170000076293945,23.836999893188477,387.0,292.75,12.654999732971191,1050.0,595.25
2020-10-09,2432.0,40.599998474121094,67.63999938964844,1919.5,3.0794999599456787,111.55000305175781,2.740999937057495,14.229999542236328,25.069000244140625,395.0,292.25,12.46500015258789,1065.5,593.75
2020-10-12,2444.0,39.43000030517578,68.37000274658203,1922.5,3.061000108718872,109.1500015258789,2.88100004196167,13.84000015258789,25.22599983215332,389.0,283.5,12.305000305175781,1033.75,594.25
2020-10-13,2381.0,40.20000076293945,68.83000183105469,1888.5,3.0425000190734863,110.0999984741211,2.8550000190734863,14.010000228881836,24.086000442504883,391.25,284.25,12.234999656677246,1044.0,594.0
2020-10-14,2391.0,41.040000915527344,68.93000030517578,1901.300048828125,3.047499895095825,109.5999984741211,2.635999917984009,14.199999809265137,24.36400032043457,396.5,287.75,12.430000305175781,1056.25,596.75
2020-10-15,2343.0,40.959999084472656,69.22000122070312,1903.199951171875,3.0829999446868896,109.5,2.7750000953674316,14.180000305175781,24.19300079345703,403.75,293.75,12.515000343322754,1062.25,618.25
2020-10-16,2361.0,40.880001068115234,69.91999816894531,1900.800048828125,3.065000057220459,107.25,2.7730000019073486,14.430000305175781,24.368999481201172,402.0,294.5,12.375,1050.0,625.25
2020-10-19,2425.0,40.83000183105469,71.16000366210938,1906.4000244140625,3.0810000896453857,106.05000305175781,2.7950000762939453,14.720000267028809,24.656999588012695,405.25,297.5,12.449999809265137,1054.25,627.0
2020-10-20,2382.0,41.459999084472656,71.0199966430664,1910.4000244140625,3.1435000896453857,104.9000015258789,2.9130001068115234,14.539999961853027,24.937000274658203,408.75,300.0,12.239999771118164,1064.0,632.0
2020-10-21,2427.0,40.029998779296875,71.04000091552734,1924.5999755859375,3.194499969482422,104.1500015258789,3.0230000019073486,14.5,25.19700050354004,413.75,304.0,12.194999694824219,1072.0,629.75
2020-10-22,2474.0,40.63999938964844,71.94000244140625,1901.0999755859375,3.1500000953674316,106.69999694824219,3.006999969482422,14.779999732971191,24.665000915527344,416.25,303.5,12.220000267028809,1073.75,622.75
2020-10-23,2479.0,39.849998474121094,71.29000091552734,1902.0,3.125499963760376,105.5999984741211,2.9709999561309814,14.720000267028809,24.62700080871582,419.25,303.5,12.345000267028809,1083.75,632.75
2020-10-26,2497.0,38.560001373291016,72.11000061035156,1902.699951171875,3.0885000228881836,106.6500015258789,3.0239999294281006,14.770000457763672,24.375999450683594,417.75,306.5,12.289999961853027,1087.75,620.0
2020-10-27,2452.0,39.56999969482422,72.02999877929688,1908.800048828125,3.0899999141693115,106.94999694824219,3.0190000534057617,14.829999923706055,24.525999069213867,416.0,308.0,12.479999542236328,1082.25,615.75
2020-10-28,2376.0,37.38999938964844,70.16999816894531,1876.199951171875,3.056999921798706,105.0,2.996000051498413,14.890000343322754,23.323999404907227,401.5,296.0,12.470000267028809,1057.25,608.75
2020-10-29,2339.0,36.16999816894531,69.81999969482422,1865.5999755859375,3.052000045776367,104.5999984741211,3.3010001182556152,14.399999618530273,23.339000701904297,398.5,299.25,12.470000267028809,1051.75,603.75
2020-10-30,2293.0,35.790000915527344,68.91999816894531,1877.4000244140625,3.0434999465942383,104.4000015258789,3.3540000915527344,14.359999656677246,23.617000579833984,398.5,297.25,12.524999618530273,1056.5,598.5
2020-11-02,2257.0,36.810001373291016,68.7300033569336,1890.4000244140625,3.073499917984009,102.80000305175781,3.24399995803833,14.970000267028809,24.006000518798828,397.5,292.5,12.545000076293945,1050.75,607.5
2020-11-03,2290.0,37.65999984741211,70.23999786376953,1908.5,3.0869998931884766,103.44999694824219,3.059000015258789,14.720000267028809,24.30500030517578,401.0,296.0,12.489999771118164,1059.0,608.0
2020-11-04,2276.0,39.150001525878906,70.2300033569336,1894.5999755859375,3.1010000705718994,103.0,3.0460000038146973,14.649999618530273,23.86400032043457,405.25,296.75,12.520000457763672,1079.0,606.0
2020-11-05,2312.0,38.790000915527344,70.06999969482422,1945.300048828125,3.1045000553131104,105.94999694824219,2.941999912261963,14.479999542236328,25.17099952697754,409.25,302.0,12.670000076293945,1101.75,609.25
2020-11-06,2333.0,37.13999938964844,68.62000274658203,1950.300048828125,3.1489999294281006,106.94999694824219,2.888000011444092,14.90999984741211,25.645999908447266,406.75,300.5,12.414999961853027,1098.5,602.0
2020-11-09,2390.0,40.290000915527344,70.0,1853.199951171875,3.1514999866485596,106.8499984741211,2.8589999675750732,14.880000114440918,23.684999465942383,407.5,303.25,12.390000343322754,1105.0,597.5
2020-11-10,2339.0,41.36000061035156,69.8499984741211,1875.4000244140625,3.1505000591278076,107.30000305175781,2.9489998817443848,14.680000305175781,24.445999145507812,423.0,307.25,12.28499984741211,1138.25,608.5
2020-11-11,2353.0,41.45000076293945,69.27999877929688,1860.699951171875,3.128999948501587,109.0999984741211,3.0309998989105225,14.489999771118164,24.250999450683594,417.25,303.75,12.229999542236328,1143.25,598.0
2020-11-12,2340.0,41.119998931884766,68.4800033569336,1872.5999755859375,3.1429998874664307,110.0999984741211,2.9760000705718994,14.920000076293945,24.290000915527344,408.25,300.0,12.050000190734863,1137.0,588.25
2020-11-13,2365.0,40.130001068115234,68.45999908447266,1885.699951171875,3.17549991607666,109.25,2.994999885559082,14.960000038146973,24.759000778198242,410.5,295.5,12.050000190734863,1141.5,593.5
2020-11-16,2653.0,41.34000015258789,69.56999969482422,1887.300048828125,3.2200000286102295,115.6500015258789,2.697000026702881,15.470000267028809,24.785999298095703,416.25,296.25,12.279999732971191,1153.5,598.0
2020-11-17,2768.0,41.43000030517578,69.11000061035156,1884.5,3.196500062942505,116.19999694824219,2.691999912261963,15.3100004196167,24.635000228881836,420.25,296.25,12.329999923706055,1169.75,595.25
2020-11-18,2831.0,41.81999969482422,69.68000030517578,1873.5,3.197999954223633,119.75,2.7119998931884766,15.449999809265137,24.433000564575195,425.75,297.5,12.449999809265137,1175.75,597.75
2020-11-19,2915.0,41.7400016784668,69.31999969482422,1861.0999755859375,3.2035000324249268,120.6500015258789,2.5920000076293945,15.279999732971191,24.033000946044922,422.5,297.25,12.4399995803833,1177.5,591.75
2020-11-20,2962.0,42.150001525878906,70.87999725341797,1872.5999755859375,3.2934999465942383,115.5,2.6500000953674316,15.210000038146973,24.347999572753906,423.25,297.75,12.46500015258789,1181.0,593.25
2020-11-23,3022.0,43.060001373291016,72.1500015258789,1837.800048828125,3.259500026702881,114.44999694824219,2.7109999656677246,15.149999618530273,23.624000549316406,426.5,287.25,12.4399995803833,1191.5,598.75
2020-11-24,3054.0,44.90999984741211,71.52999877929688,1804.800048828125,3.299999952316284,113.1500015258789,2.7750000953674316,15.039999961853027,23.29199981689453,425.75,287.5,12.390000343322754,1191.25,611.25
2020-11-25,2993.0,45.709999084472656,70.80000305175781,1805.699951171875,3.312000036239624,114.5,2.8959999084472656,14.770000457763672,23.356000900268555,420.0,285.75,12.444999694824219,1184.0,588.25
2020-11-27,3035.0,45.529998779296875,71.68000030517578,1781.9000244140625,3.3994998931884766,121.69999694824219,2.8429999351501465,14.819999694824219,22.55299949645996,425.5,288.5,12.675000190734863,1191.75,596.5
2020-11-30,3008.0,45.34000015258789,70.58999633789062,1775.699951171875,3.4205000400543213,120.69999694824219,2.881999969482422,14.510000228881836,22.534000396728516,419.75,284.75,12.555000305175781,1168.5,580.25
2020-12-01,2960.0,44.54999923706055,70.58999633789062,1814.0999755859375,3.4679999351501465,115.6500015258789,2.880000114440918,14.510000228881836,24.033000946044922,414.75,289.75,12.529999732971191,1162.0,565.5
2020-12-02,2907.0,45.279998779296875,69.98999786376953,1825.699951171875,3.4749999046325684,116.8499984741211,2.7799999713897705,14.600000381469727,24.024999618530273,419.0,294.5,12.449999809265137,1153.0,578.0
2020-12-03,2897.0,45.63999938964844,69.41999816894531,1836.800048828125,3.4790000915527344,117.6500015258789,2.506999969482422,14.710000038146973,24.086999893188477,422.5,303.75,12.324999809265137,1168.25,571.75
2020-12-04,2878.0,46.2599983215332,69.86000061035156,1835.9000244140625,3.5139999389648438,115.3499984741211,2.575000047683716,14.4399995803833,24.202999114990234,417.0,313.25,12.225000381469727,1163.0,566.5
2020-12-07,2836.0,45.7599983215332,70.62999725341797,1861.800048828125,3.508500099182129,116.94999694824219,2.4059998989105225,14.449999809265137,24.740999221801758,419.5,325.0,12.3100004196167,1158.5,571.25
2020-12-08,2700.0,45.599998474121094,70.18000030517578,1870.800048828125,3.49399995803833,117.0999984741211,2.3989999294281006,14.390000343322754,24.68400001525879,417.0,330.25,12.329999923706055,1145.75,563.75
2020-12-09,2674.0,45.52000045776367,73.05000305175781,1834.5999755859375,3.507999897003174,114.9000015258789,2.441999912261963,14.970000267028809,23.93000030517578,422.0,334.5,12.364999771118164,1158.5,577.0
2020-12-10,2692.0,46.779998779296875,74.26000213623047,1833.5999755859375,3.570499897003174,118.55000305175781,2.552999973297119,14.65999984741211,24.0310001373291,420.25,339.0,12.399999618530273,1152.75,590.25
2020-12-11,2747.0,46.56999969482422,74.08000183105469,1839.800048828125,3.5239999294281006,119.0999984741211,2.5910000801086426,14.430000305175781,24.031999588012695,424.25,344.75,12.470000267028809,1160.5,608.25
2020-12-14,2713.0,46.9900016784668,74.66999816894531,1828.699951171875,3.5220000743865967,123.55000305175781,2.681999921798706,14.119999885559082,23.985000610351562,419.25,344.75,12.414999961853027,1169.5,593.5
2020-12-15,2665.0,47.619998931884766,75.58999633789062,1852.300048828125,3.5380001068115234,123.0999984741211,2.681999921798706,14.210000038146973,24.58099937438965,424.75,334.0,12.329999923706055,1184.25,599.75
2020-12-16,2517.0,47.81999969482422,75.6500015258789,1856.0999755859375,3.553999900817871,125.05000305175781,2.677000045776367,14.489999771118164,24.985000610351562,427.25,336.0,12.34000015258789,1183.75,598.5
2020-12-17,2541.0,48.36000061035156,77.19000244140625,1887.199951171875,3.5969998836517334,125.05000305175781,2.635999917984009,14.680000305175781,26.100000381469727,432.5,336.75,12.585000038146973,1201.25,608.75
2020-12-18,2506.0,49.099998474121094,77.16000366210938,1885.699951171875,3.628499984741211,123.69999694824219,2.700000047683716,14.4399995803833,25.948999404907227,437.5,337.75,12.579999923706055,1220.0,608.25
2020-12-21,2555.0,47.7400016784668,74.76000213623047,1879.199951171875,3.572999954223633,124.30000305175781,2.7049999237060547,14.529999732971191,26.277999877929688,440.0,337.75,12.359999656677246,1243.25,611.25
2020-12-22,2535.0,47.02000045776367,74.81999969482422,1866.5999755859375,3.5179998874664307,124.19999694824219,2.7799999713897705,14.539999961853027,25.43400001525879,443.5,336.75,12.364999771118164,1247.25,617.0
2020-12-23,2557.0,48.119998931884766,76.13999938964844,1874.699951171875,3.552000045776367,124.55000305175781,2.6080000400543213,14.829999923706055,25.823999404907227,447.25,336.25,12.390000343322754,1258.75,629.75
2020-12-24,2593.0,48.22999954223633,76.19999694824219,1879.9000244140625,3.559999942779541,125.94999694824219,2.5179998874664307,14.899999618530273,25.81100082397461,451.0,335.5,12.279999732971191,1263.5,627.0
2020-12-28,2560.0,47.619998931884766,76.3499984741211,1877.199951171875,3.569999933242798,123.3499984741211,2.305000066757202,14.979999542236328,26.459999084472656,456.5,336.75,11.994999885559082,1255.25,614.25
2020-12-29,2507.0,48.0,77.01000213623047,1879.699951171875,3.552999973297119,125.4000015258789,2.4670000076293945,15.039999961853027,26.13800048828125,466.0,339.0,12.204999923706055,1295.5,618.5
2020-12-30,2597.0,48.400001525878906,77.97000122070312,1891.0,3.5429999828338623,125.4000015258789,2.421999931335449,15.279999732971191,26.488000869750977,474.5,349.0,12.204999923706055,1303.75,640.75
2020-12-31,2603.0,48.52000045776367,78.12000274658203,1893.0999755859375,3.5139999389648438,128.25,2.5390000343322754,15.489999771118164,26.332000732421875,484.0,360.75,12.399999618530273,1315.25,640.5
2021-01-04,2552.0,47.619998931884766,78.97000122070312,1944.699951171875,3.552999973297119,126.1500015258789,2.5810000896453857,15.760000228881836,27.284000396728516,483.75,356.0,12.449999809265137,1316.5,642.0
2021-01-05,2514.0,49.93000030517578,80.3499984741211,1952.699951171875,3.640500068664551,125.0999984741211,2.7019999027252197,16.1200008392334,27.570999145507812,491.75,363.25,12.354999542236328,1350.0,654.0
2021-01-06,2486.0,50.630001068115234,80.05999755859375,1906.9000244140625,3.6500000953674316,120.9000015258789,2.7160000801086426,16.25,26.972999572753906,495.0,359.75,12.420000076293945,1365.25,647.5
2021-01-07,2547.0,50.83000183105469,79.76000213623047,1912.300048828125,3.695499897003174,121.0999984741211,2.7290000915527344,15.600000381469727,27.200000762939453,494.0,355.25,12.449999809265137,1360.5,642.25
2021-01-08,2516.0,52.2400016784668,79.7699966430664,1834.0999755859375,3.6735000610351562,123.69999694824219,2.700000047683716,15.600000381469727,24.582000732421875,496.25,357.75,12.414999961853027,1375.75,638.75
2021-01-11,2480.0,52.25,80.43000030517578,1849.5999755859375,3.563999891281128,121.44999694824219,2.746999979019165,15.670000076293945,25.23900032043457,492.25,354.75,12.34000015258789,1374.5,634.75
2021-01-12,2498.0,53.209999084472656,81.69999694824219,1842.9000244140625,3.6050000190734863,121.4000015258789,2.753000020980835,15.460000038146973,25.384000778198242,517.25,362.0,12.609999656677246,1422.0,665.0
2021-01-13,2499.0,52.90999984741211,80.91999816894531,1853.5999755859375,3.617000102996826,125.25,2.7269999980926514,15.84000015258789,25.520000457763672,524.5,361.75,12.880000114440918,1411.0,660.5
2021-01-14,2500.0,53.56999969482422,81.1500015258789,1850.300048828125,3.6679999828338623,127.3499984741211,2.6659998893737793,16.670000076293945,25.746000289916992,534.25,367.75,12.895000457763672,1436.5,670.0
2021-01-15,2527.0,52.36000061035156,80.69999694824219,1829.300048828125,3.6029999256134033,128.14999389648438,2.736999988555908,16.450000762939453,24.825000762939453,531.5,366.0,13.114999771118164,1416.75,675.5
2021-01-19,2590.0,52.97999954223633,81.1500015258789,1839.5,3.635999917984009,127.1500015258789,2.5460000038146973,16.100000381469727,25.27899932861328,526.0,362.5,13.194999694824219,1385.75,672.25
2021-01-20,2569.0,53.2400016784668,81.58999633789062,1865.9000244140625,3.6475000381469727,125.19999694824219,2.5390000343322754,16.270000457763672,25.733999252319336,522.0,364.0,13.210000038146973,1369.5,667.75
2021-01-21,2550.0,53.130001068115234,82.56999969482422,1865.300048828125,3.6554999351501465,126.44999694824219,2.490999937057495,16.049999237060547,25.82200050354004,524.25,360.5,13.244999885559082,1370.25,660.75
2021-01-22,2529.0,52.27000045776367,81.55999755859375,1855.699951171875,3.635499954223633,124.05000305175781,2.446000099182129,15.869999885559082,25.52400016784668,500.5,345.25,13.274999618530273,1311.75,634.5
2021-01-25,2508.0,52.77000045776367,82.33000183105469,1854.9000244140625,3.640500068664551,123.25,2.6019999980926514,15.739999771118164,25.454999923706055,511.5,354.5,13.234999656677246,1343.5,648.5
2021-01-26,2545.0,52.61000061035156,81.70999908447266,1850.699951171875,3.628000020980835,124.5,2.6559998989105225,15.739999771118164,25.52899932861328,532.25,354.75,13.305000305175781,1370.25,665.25
2021-01-27,2504.0,52.849998474121094,80.83999633789062,1844.9000244140625,3.571500062942505,125.5,2.759999990463257,15.800000190734863,25.375999450683594,534.0,352.5,13.454999923706055,1374.75,658.25
2021-01-28,2510.0,52.34000015258789,79.93000030517578,1837.9000244140625,3.5829999446868896,124.0,2.6640000343322754,15.59000015258789,25.909000396728516,534.5,346.75,13.390000343322754,1353.25,647.0
2021-01-29,2531.0,52.20000076293945,80.63999938964844,1847.300048828125,3.573499917984009,122.94999694824219,2.563999891281128,15.829999923706055,26.899999618530273,547.0,349.5,13.460000038146973,1370.0,663.0
2021-02-01,2547.0,53.54999923706055,80.02999877929688,1860.800048828125,3.562000036239624,125.3499984741211,2.8499999046325684,16.149999618530273,29.398000717163086,549.25,347.5,13.34000015258789,1365.25,651.0
2021-02-02,2599.0,54.7599983215332,80.69000244140625,1830.5,3.5390000343322754,123.4000015258789,2.8450000286102295,16.290000915527344,26.384000778198242,543.0,345.5,13.359999656677246,1354.75,644.75
2021-02-03,2527.0,55.689998626708984,80.98999786376953,1832.199951171875,3.5785000324249268,123.94999694824219,2.7890000343322754,16.040000915527344,26.878000259399414,552.0,349.0,13.09000015258789,1371.25,648.25
2021-02-04,2532.0,56.22999954223633,84.27999877929688,1788.9000244140625,3.565999984741211,124.05000305175781,2.934999942779541,16.049999237060547,26.222999572753906,550.0,349.75,13.024999618530273,1372.5,637.5
2021-02-05,2587.0,56.849998474121094,82.73999786376953,1810.9000244140625,3.6389999389648438,124.5,2.86299991607666,16.420000076293945,27.013999938964844,548.5,349.25,13.0,1366.75,641.25
2021-02-08,2577.0,57.970001220703125,84.27999877929688,1831.9000244140625,3.678999900817871,124.0999984741211,2.881999969482422,16.270000457763672,27.56999969482422,563.75,355.0,12.970000267028809,1387.75,655.75
2021-02-09,2581.0,58.36000061035156,86.93000030517578,1835.300048828125,3.7335000038146973,122.94999694824219,2.8350000381469727,16.440000534057617,27.395999908447266,556.25,354.0,12.914999961853027,1401.75,649.5
2021-02-10,2677.0,58.68000030517578,84.66999816894531,1840.5999755859375,3.7855000495910645,121.0999984741211,2.9110000133514404,16.709999084472656,27.073999404907227,534.5,348.25,12.880000114440918,1354.0,635.5
2021-02-11,2449.0,58.2400016784668,86.41000366210938,1824.9000244140625,3.7874999046325684,121.19999694824219,2.868000030517578,16.549999237060547,27.04199981689453,541.0,350.5,12.890000343322754,1367.5,633.5
2021-02-12,2503.0,59.470001220703125,87.2699966430664,1821.5999755859375,3.802000045776367,121.1500015258789,2.9119999408721924,16.3799991607666,27.322999954223633,538.75,350.75,12.8100004196167,1372.0,636.75
2021-02-16,2498.0,60.04999923706055,88.12000274658203,1797.199951171875,3.8480000495910645,124.3499984741211,3.128999948501587,16.729999542236328,27.319000244140625,552.25,353.25,12.71500015258789,1384.75,657.5
2021-02-17,2447.0,61.13999938964844,88.36000061035156,1771.0999755859375,3.8359999656677246,125.69999694824219,3.2190001010894775,16.959999084472656,27.31399917602539,553.0,352.75,12.744999885559082,1383.75,644.0
2021-02-18,2552.0,60.52000045776367,88.7300033569336,1773.4000244140625,3.9165000915527344,127.5999984741211,3.0820000171661377,17.510000228881836,27.07699966430664,550.25,353.25,12.729999542236328,1375.0,662.5
2021-02-19,2535.0,59.2400016784668,88.94999694824219,1775.800048828125,4.090000152587891,127.5,3.069000005722046,17.790000915527344,27.25200080871582,542.75,348.5,12.869999885559082,1377.25,650.75
2021-02-22,2582.0,61.4900016784668,90.91000366210938,1806.699951171875,4.152500152587891,133.4499969482422,2.953000068664551,18.780000686645508,28.08300018310547,551.0,351.25,12.890000343322754,1383.75,664.0
2021-02-23,2596.0,61.66999816894531,91.37000274658203,1804.4000244140625,4.1875,136.85000610351562,2.878999948501587,18.40999984741211,27.68600082397461,553.75,363.0,12.835000038146973,1406.0,665.75
2021-02-24,2650.0,63.220001220703125,92.33000183105469,1796.4000244140625,4.301000118255615,135.64999389648438,2.8540000915527344,18.15999984741211,27.85700035095215,559.25,367.25,12.869999885559082,1423.75,680.25
2021-02-25,2705.0,63.529998779296875,88.23999786376953,1774.4000244140625,4.265999794006348,139.1999969482422,2.7769999504089355,17.84000015258789,27.636999130249023,554.75,368.75,12.805000305175781,1406.0,671.75
2021-02-26,2701.0,61.5,87.81999969482422,1728.0999755859375,4.0945000648498535,136.85000610351562,2.7709999084472656,17.530000686645508,26.402000427246094,555.5,376.5,12.75,1405.25,655.0
2021-03-01,2736.0,60.63999938964844,90.26000213623047,1722.5,4.119500160217285,135.14999389648438,2.7769999504089355,16.209999084472656,26.64699935913086,547.5,373.5,12.795000076293945,1392.5,643.75
2021-03-02,2742.0,59.75,89.44000244140625,1733.0999755859375,4.231500148773193,133.1999969482422,2.8389999866485596,16.43000030517578,26.850000381469727,560.75,374.5,13.055000305175781,1414.0,663.25
2021-03-03,2754.0,61.279998779296875,86.9000015258789,1715.300048828125,4.1529998779296875,131.14999389648438,2.815999984741211,16.139999389648438,26.35700035095215,550.25,372.0,13.164999961853027,1410.75,652.0
2021-03-04,2785.0,63.83000183105469,85.58999633789062,1700.199951171875,3.990999937057495,128.39999389648438,2.746000051498413,16.260000228881836,25.43400001525879,546.25,376.0,13.074999809265137,1415.25,649.75
2021-03-05,2706.0,66.08999633789062,86.20999908447266,1698.0,4.086999893188477,128.75,2.7009999752044678,16.399999618530273,25.256999969482422,562.0,381.25,12.944999694824219,1434.25,654.0
2021-03-08,2693.0,65.05000305175781,86.7699966430664,1677.699951171875,4.103499889373779,129.0500030517578,2.6640000343322754,16.200000762939453,25.239999771118164,565.0,390.0,12.970000267028809,1437.75,646.5
2021-03-09,2713.0,64.01000213623047,82.7699966430664,1716.5999755859375,4.019499778747559,128.89999389648438,2.6619999408721924,15.899999618530273,26.148000717163086,562.0,389.25,12.914999961853027,1441.25,656.5
2021-03-10,2733.0,64.44000244140625,85.22000122070312,1721.5,4.041999816894531,129.35000610351562,2.691999912261963,15.960000038146973,26.101999282836914,547.75,381.75,12.755000114440918,1411.5,650.75
2021-03-11,2753.0,66.0199966430664,88.3499984741211,1722.300048828125,4.14300012588501,131.8000030517578,2.6679999828338623,16.360000610351562,26.16200065612793,555.0,381.75,12.770000457763672,1415.5,636.25
2021-03-12,2574.0,65.61000061035156,87.55999755859375,1719.5,4.145500183105469,132.4499969482422,2.5999999046325684,16.1299991607666,25.8799991607666,549.25,381.75,12.774999618530273,1415.75,631.75
2021-03-15,2590.0,65.38999938964844,86.72000122070312,1728.9000244140625,4.146500110626221,131.4499969482422,2.4839999675750732,16.1200008392334,26.253000259399414,549.5,376.5,12.9399995803833,1419.5,645.0
2021-03-16,2512.0,64.80000305175781,86.91999816894531,1730.5999755859375,4.078999996185303,133.8000030517578,2.562000036239624,16.299999237060547,25.974000930786133,554.25,374.0,13.010000228881836,1423.25,647.0
2021-03-17,2521.0,64.5999984741211,86.51000213623047,1726.800048828125,4.127999782562256,132.85000610351562,2.5280001163482666,15.989999771118164,26.030000686645508,558.0,371.5,13.21500015258789,1417.75,640.0
2021-03-18,2542.0,60.0,85.44999694824219,1732.199951171875,4.117000102996826,126.4000015258789,2.4809999465942383,15.890000343322754,26.320999145507812,546.5,366.25,13.029999732971191,1392.25,630.5
2021-03-19,2493.0,61.41999816894531,84.68000030517578,1741.4000244140625,4.123499870300293,125.44999694824219,2.5350000858306885,15.760000228881836,26.29199981689453,557.75,366.0,13.145000457763672,1416.25,627.0
2021-03-22,2505.0,61.54999923706055,84.62000274658203,1737.800048828125,4.14900016784668,130.10000610351562,2.5820000171661377,15.529999732971191,25.740999221801758,549.0,368.5,13.21500015258789,1417.5,627.25
2021-03-23,2447.0,57.7599983215332,83.52999877929688,1724.699951171875,4.0879998207092285,127.5999984741211,2.507999897003174,15.430000305175781,25.200000762939453,551.25,378.25,13.210000038146973,1423.25,634.75
2021-03-24,2435.0,61.18000030517578,82.44000244140625,1732.9000244140625,4.071499824523926,126.5,2.5179998874664307,15.630000114440918,25.201000213623047,553.25,381.5,13.395000457763672,1432.75,624.75
2021-03-25,2456.0,58.560001373291016,78.44000244140625,1724.9000244140625,3.984999895095825,126.5999984741211,2.569999933242798,15.09000015258789,25.02199935913086,546.5,374.25,13.149999618530273,1414.25,612.5
2021-03-26,2458.0,60.970001220703125,80.37999725341797,1732.199951171875,4.078499794006348,128.5,2.556999921798706,15.1899995803833,25.091999053955078,552.5,375.0,13.085000038146973,1400.5,613.25
2021-03-29,2436.0,61.560001373291016,80.48999786376953,1712.0999755859375,4.043000221252441,127.05000305175781,2.5859999656677246,14.920000076293945,24.746999740600586,546.75,373.5,13.265000343322754,1393.0,616.75
2021-03-30,2347.0,60.54999923706055,80.63999938964844,1683.9000244140625,3.9830000400543213,122.5999984741211,2.622999906539917,14.920000076293945,24.121000289916992,539.25,368.5,13.220000267028809,1366.75,601.75
2021-03-31,2348.0,59.15999984741211,80.87999725341797,1713.800048828125,4.002999782562256,123.5,2.6080000400543213,14.770000457763672,24.517000198364258,564.25,378.75,13.180000305175781,1436.75,618.0
2021-04-01,2392.0,61.45000076293945,77.94999694824219,1726.5,4.003499984741211,121.5999984741211,2.6389999389648438,14.710000038146973,24.934999465942383,559.75,372.0,13.114999771118164,1402.0,611.0
2021-04-05,2336.0,58.650001525878906,77.87999725341797,1727.0,4.14900016784668,122.0999984741211,2.510999917984009,14.84000015258789,24.76300048828125,553.25,373.0,13.15999984741211,1412.75,618.0
2021-04-06,2406.0,59.33000183105469,79.22000122070312,1741.5,4.126500129699707,126.8499984741211,2.4560000896453857,15.15999984741211,25.211999893188477,554.25,374.0,13.130000114440918,1418.75,615.5
2021-04-07,2389.0,59.77000045776367,79.5,1740.0999755859375,4.064000129699707,126.75,2.5199999809265137,15.140000343322754,25.232999801635742,560.5,371.5,13.170000076293945,1408.75,616.25
2021-04-08,2355.0,59.599998474121094,81.41000366210938,1756.800048828125,4.103499889373779,127.8499984741211,2.5220000743865967,15.180000305175781,25.569000244140625,579.75,376.75,13.109999656677246,1415.25,628.75
2021-04-09,2354.0,59.31999969482422,82.4000015258789,1743.300048828125,4.05049991607666,127.25,2.5260000228881836,15.460000038146973,25.31100082397461,577.25,373.75,13.09000015258789,1403.0,638.75
2021-04-12,2367.0,59.70000076293945,80.13999938964844,1731.199951171875,4.03000020980835,128.10000610351562,2.561000108718872,15.350000381469727,24.85300064086914,569.0,372.25,13.100000381469727,1382.0,628.0
2021-04-13,2408.0,60.18000030517578,81.81999969482422,1746.199951171875,4.043000221252441,130.0500030517578,2.61899995803833,15.430000305175781,25.41699981689453,580.0,375.5,13.130000114440918,1389.5,629.75
2021-04-14,2421.0,63.150001525878906,84.19999694824219,1734.9000244140625,4.139999866485596,132.10000610351562,2.618000030517578,15.859999656677246,25.514999389648438,594.0,382.5,13.164999961853027,1410.0,648.0
2021-04-15,2413.0,63.459999084472656,85.0199966430664,1765.4000244140625,4.230500221252441,132.6999969482422,2.6579999923706055,16.3799991607666,25.95599937438965,590.0,382.0,13.050000190734863,1418.25,653.75
2021-04-16,2408.0,63.130001068115234,83.70999908447266,1779.0,4.179999828338623,129.14999389648438,2.680000066757202,16.719999313354492,26.099000930786133,585.5,380.75,12.880000114440918,1433.25,652.5
2021-04-19,2437.0,63.380001068115234,83.26000213623047,1769.4000244140625,4.25,129.85000610351562,2.749000072479248,16.290000915527344,25.83099937438965,592.0,380.75,12.845000267028809,1449.75,652.25
2021-04-20,2379.0,62.439998626708984,83.7699966430664,1777.300048828125,4.223999977111816,132.4499969482422,2.7269999980926514,16.770000457763672,25.834999084472656,606.5,385.25,12.84000015258789,1472.0,659.75
2021-04-21,2399.0,61.349998474121094,84.83000183105469,1792.300048828125,4.286499977111816,132.1999969482422,2.691999912261963,16.940000534057617,26.565000534057617,625.5,391.75,12.864999771118164,1497.25,673.25
2021-04-22,2402.0,61.43000030517578,84.63999938964844,1781.199951171875,4.2804999351501465,134.3000030517578,2.749000072479248,16.920000076293945,26.173999786376953,650.5,402.25,13.359999656677246,1533.25,710.25
2021-04-23,2410.0,62.13999938964844,87.51000213623047,1777.0,4.3429999351501465,136.85000610351562,2.7300000190734863,16.90999984741211,26.07699966430664,655.5,399.0,13.430000305175781,1539.75,710.25
2021-04-26,2447.0,61.90999984741211,87.86000061035156,1779.199951171875,4.447999954223633,141.75,2.7899999618530273,17.170000076293945,26.211000442504883,680.5,405.75,13.220000267028809,1569.0,739.5
2021-04-27,2438.0,62.939998626708984,90.06999969482422,1778.0,4.743000030517578,144.35000610351562,2.872999906539917,17.940000534057617,26.41200065612793,695.5,403.5,13.135000228881836,1549.75,733.75
2021-04-28,2432.0,63.86000061035156,88.73999786376953,1773.199951171875,4.5370001792907715,144.3000030517578,2.924999952316284,17.299999237060547,26.08099937438965,686.25,398.75,13.164999961853027,1557.75,725.25
2021-04-29,2459.0,65.01000213623047,85.88999938964844,1768.0999755859375,4.493000030517578,141.39999389648438,2.9110000133514404,17.079999923706055,26.05299949645996,702.0,396.25,13.369999885559082,1542.5,737.5
2021-04-30,2342.0,63.58000183105469,87.43000030517578,1767.300048828125,4.479000091552734,139.9499969482422,2.930999994277954,17.440000534057617,25.85300064086914,740.0,401.0,13.385000228881836,1571.0,742.5
2021-05-03,2328.0,64.48999786376953,87.20999908447266,1791.4000244140625,4.543000221252441,138.75,2.9660000801086426,16.729999542236328,26.94300079345703,732.25,399.25,13.430000305175781,1560.25,725.5
2021-05-04,2283.0,65.69000244140625,86.16999816894531,1775.800048828125,4.535999774932861,138.89999389648438,2.9670000076293945,17.1200008392334,26.538999557495117,744.75,401.5,13.84000015258789,1577.0,737.0
2021-05-05,2354.0,65.62999725341797,86.2300033569336,1784.0999755859375,4.539000034332275,148.5,2.937999963760376,17.530000686645508,26.50200080871582,753.25,406.75,14.125,1582.0,755.75
2021-05-06,2372.0,64.70999908447266,89.4800033569336,1815.5,4.61899995803833,153.5,2.927999973297119,17.549999237060547,27.461999893188477,759.5,409.25,13.904999732971191,1605.5,764.25
2021-05-07,2422.0,64.9000015258789,89.66000366210938,1831.0999755859375,4.765999794006348,152.3000030517578,2.9579999446868896,17.489999771118164,27.461999893188477,772.75,405.5,14.1899995803833,1621.0,773.5
2021-05-10,2473.0,64.91999816894531,88.47000122070312,1837.5,4.733500003814697,147.60000610351562,2.931999921798706,17.489999771118164,27.479000091552734,748.0,403.0,13.880000114440918,1620.0,742.5
2021-05-11,2425.0,65.27999877929688,87.75,1835.9000244140625,4.778500080108643,147.89999389648438,2.9549999237060547,18.100000381469727,27.656999588012695,759.5,400.25,13.739999771118164,1637.5,759.75
2021-05-12,2476.0,66.08000183105469,88.2300033569336,1822.5999755859375,4.752500057220459,145.75,2.9690001010894775,17.84000015258789,27.231000900268555,757.5,380.75,13.725000381469727,1660.5,754.75
2021-05-13,2461.0,63.81999969482422,84.9800033569336,1823.800048828125,4.70550012588501,145.64999389648438,2.9730000495910645,17.110000610351562,27.04400062561035,719.0,363.75,13.359999656677246,1612.25,726.5
2021-05-14,2474.0,65.37000274658203,82.43000030517578,1837.9000244140625,4.664000034332275,144.25,2.9609999656677246,16.959999084472656,27.35300064086914,685.0,363.75,13.329999923706055,1603.75,727.25
2021-05-17,2539.0,66.2699966430664,82.31999969482422,1867.5,4.721499919891357,145.0,3.1089999675750732,16.989999771118164,28.260000228881836,652.5,360.5,13.454999923706055,1587.5,699.75
2021-05-18,2504.0,65.48999786376953,84.01000213623047,1867.800048828125,4.735499858856201,151.8000030517578,3.01200008392334,17.209999084472656,28.31399917602539,658.25,356.5,13.350000381469727,1574.25,698.0
2021-05-19,2469.0,63.36000061035156,82.91999816894531,1881.300048828125,4.5894999504089355,150.9499969482422,2.9639999866485596,16.950000762939453,28.007999420166016,658.25,353.75,13.364999771118164,1538.25,679.25
2021-05-20,2444.0,62.04999923706055,81.52999877929688,1881.800048828125,4.581999778747559,150.9499969482422,2.924999952316284,17.040000915527344,28.052000045776367,664.5,358.25,13.279999732971191,1533.25,675.25
2021-05-21,2456.0,63.58000183105469,82.81999969482422,1876.699951171875,4.495999813079834,150.10000610351562,2.9059998989105225,16.670000076293945,27.472999572753906,659.5,356.0,13.1850004196167,1526.25,674.25
2021-05-24,2389.0,66.05000305175781,82.81999969482422,1884.5999755859375,4.541500091552734,149.0,2.885999917984009,16.829999923706055,27.886999130249023,657.25,357.25,13.149999618530273,1522.75,662.25
2021-05-25,2380.0,66.06999969482422,82.70999908447266,1898.0999755859375,4.521999835968018,150.5,2.9130001068115234,17.040000915527344,28.03700065612793,620.25,360.75,13.199999809265137,1511.75,656.5
2021-05-26,2422.0,66.20999908447266,82.44000244140625,1901.300048828125,4.5329999923706055,155.6999969482422,2.9839999675750732,16.780000686645508,27.85300064086914,624.5,364.75,13.1899995803833,1503.5,648.5
2021-05-27,2430.0,66.8499984741211,82.61000061035156,1895.699951171875,4.666500091552734,155.35000610351562,2.9579999446868896,17.1200008392334,27.91900062561035,664.5,372.75,13.234999656677246,1537.0,676.25
2021-05-28,2412.0,66.31999969482422,82.12000274658203,1902.5,4.682499885559082,162.35000610351562,2.9860000610351562,17.360000610351562,27.993000030517578,656.75,377.5,13.300000190734863,1530.5,663.5
2021-06-01,2431.0,67.72000122070312,84.25,1902.9000244140625,4.6620001792907715,161.0500030517578,3.1040000915527344,17.690000534057617,28.08300018310547,688.75,384.75,13.28499984741211,1548.5,693.5
2021-06-02,2426.0,68.83000183105469,83.7699966430664,1907.5,4.599999904632568,161.14999389648438,3.075000047683716,17.68000030517578,28.18600082397461,675.0,384.0,13.3100004196167,1562.5,687.5
2021-06-03,2415.0,68.80999755859375,84.20999908447266,1871.199951171875,4.471499919891357,157.60000610351562,3.0409998893737793,17.43000030517578,27.459999084472656,662.0,380.0,13.295000076293945,1549.25,676.25
2021-06-04,2409.0,69.62000274658203,85.80000305175781,1889.800048828125,4.537499904632568,161.64999389648438,3.0969998836517334,17.709999084472656,27.878999710083008,682.75,394.75,13.3100004196167,1583.75,687.75
2021-06-07,2350.0,69.2300033569336,84.36000061035156,1896.800048828125,4.534999847412109,160.14999389648438,3.069999933242798,17.3799991607666,28.000999450683594,679.25,402.25,13.270000457763672,1560.25,680.0
2021-06-08,2375.0,70.05000305175781,85.13999938964844,1892.199951171875,4.563000202178955,157.6999969482422,3.128000020980835,17.709999084472656,27.71500015258789,680.0,408.0,13.140000343322754,1580.0,685.0
2021-06-09,2348.0,69.95999908447266,86.62000274658203,1893.199951171875,4.536499977111816,157.1999969482422,3.128999948501587,17.729999542236328,27.985000610351562,690.75,396.0,13.085000038146973,1562.5,682.25
2021-06-10,2383.0,70.29000091552734,87.36000061035156,1894.199951171875,4.489999771118164,158.6999969482422,3.1489999294281006,17.65999984741211,28.014999389648438,699.0,388.25,12.930000305175781,1544.0,683.75
2021-06-11,2350.0,70.91000366210938,87.0,1877.4000244140625,4.541500091552734,157.4499969482422,3.2960000038146973,17.540000915527344,28.131000518798828,684.5,381.25,12.850000381469727,1508.5,680.75
2021-06-14,2396.0,70.87999725341797,84.94999694824219,1864.0,4.5320000648498535,154.10000610351562,3.3519999980926514,17.290000915527344,28.02400016784668,659.25,368.75,12.505000114440918,1472.25,674.5
2021-06-15,2373.0,72.12000274658203,85.27999877929688,1854.5,4.340000152587891,151.1999969482422,3.240000009536743,17.049999237060547,27.679000854492188,667.5,365.5,12.3100004196167,1465.75,661.5
2021-06-16,2347.0,72.1500015258789,85.33000183105469,1859.5,4.392499923706055,153.35000610351562,3.250999927520752,17.040000915527344,27.799999237060547,673.0,375.25,12.359999656677246,1448.5,662.75
2021-06-17,2311.0,71.04000091552734,84.16999816894531,1773.800048828125,4.184500217437744,149.5500030517578,3.253000020980835,16.549999237060547,25.8439998626709,633.0,365.75,12.229999542236328,1329.75,639.0
2021-06-18,2302.0,71.63999938964844,84.41999816894531,1767.9000244140625,4.162499904632568,149.89999389648438,3.2149999141693115,16.43000030517578,25.95800018310547,655.25,370.0,12.609999656677246,1396.0,662.75
2021-06-21,2308.0,73.66000366210938,84.08999633789062,1781.800048828125,4.1875,152.35000610351562,3.190999984741211,16.780000686645508,26.014999389648438,659.25,363.5,12.720000267028809,1415.0,661.5
2021-06-22,2326.0,73.05999755859375,84.22000122070312,1776.300048828125,4.234499931335449,151.25,3.257999897003174,16.43000030517578,25.847999572753906,659.75,360.25,13.149999618530273,1394.5,651.0
2021-06-23,2297.0,73.08000183105469,86.45999908447266,1782.300048828125,4.330999851226807,153.14999389648438,3.3329999446868896,16.690000534057617,26.107999801635742,664.25,365.5,13.345000267028809,1385.0,661.25
2021-06-24,2315.0,73.30000305175781,86.02999877929688,1775.5999755859375,4.311500072479248,152.39999389648438,3.4179999828338623,16.93000030517578,26.047000885009766,653.25,376.5,13.234999656677246,1371.25,651.25
2021-06-25,2351.0,74.05000305175781,86.43000030517578,1776.5999755859375,4.298999786376953,157.25,3.496000051498413,16.899999618530273,26.082000732421875,636.5,377.5,13.149999618530273,1329.75,637.0
2021-06-28,2351.0,72.91000366210938,86.66000366210938,1779.5999755859375,4.2779998779296875,162.25,3.617000102996826,17.229999542236328,26.218000411987305,675.5,385.25,13.154999732971191,1357.0,646.0
2021-06-29,2361.0,72.9800033569336,86.48999786376953,1762.800048828125,4.276500225067139,159.6999969482422,3.630000114440918,17.229999542236328,25.871999740600586,694.5,377.25,13.25,1359.75,639.75
2021-06-30,2360.0,73.47000122070312,84.02999877929688,1770.800048828125,4.296500205993652,159.35000610351562,3.6500000953674316,17.6299991607666,26.165000915527344,720.0,384.0,13.175000190734863,1450.0,671.5
2021-07-01,2325.0,75.2300033569336,85.01000213623047,1775.9000244140625,4.242000102996826,156.0,3.6610000133514404,17.940000534057617,26.075000762939453,719.75,393.5,13.154999732971191,1446.75,658.5
2021-07-02,2290.0,75.16000366210938,86.02999877929688,1782.5999755859375,4.2820000648498535,152.5500030517578,3.700000047683716,18.149999618530273,26.481000900268555,697.25,394.5,12.84000015258789,1451.75,645.75
2021-07-06,2269.0,73.37000274658203,86.37999725341797,1793.5,4.257999897003174,147.89999389648438,3.63700008392334,17.8700008392334,26.15399932861328,656.0,378.25,12.520000457763672,1363.75,620.0
2021-07-07,2267.0,72.19999694824219,86.62999725341797,1801.5,4.328999996185303,149.75,3.5959999561309814,17.75,26.110000610351562,652.5,381.0,12.604999542236328,1386.5,614.75
2021-07-08,2266.0,72.94000244140625,85.87999725341797,1799.5999755859375,4.271500110626221,152.0500030517578,3.687999963760376,17.450000762939453,25.966999053955078,638.0,385.75,12.484999656677246,1390.25,612.25
2021-07-09,2318.0,74.55999755859375,87.98999786376953,1810.0,4.352499961853027,151.3000030517578,3.6740000247955322,17.280000686645508,26.211000442504883,629.75,396.25,12.600000381469727,1404.0,608.5
2021-07-12,2401.0,74.0999984741211,88.47000122070312,1805.5,4.322999954223633,153.85000610351562,3.749000072479248,16.989999771118164,26.216999053955078,669.25,409.0,12.65999984741211,1432.5,635.0
2021-07-13,2370.0,75.25,88.7699966430664,1809.4000244140625,4.314499855041504,152.10000610351562,3.696000099182129,17.079999923706055,26.114999771118164,677.0,425.25,12.829999923706055,1438.0,628.75
2021-07-14,2373.0,73.12999725341797,90.56999969482422,1824.300048828125,4.2769999504089355,156.4499969482422,3.6600000858306885,16.93000030517578,26.246000289916992,683.0,425.25,12.829999923706055,1467.75,645.0
2021-07-15,2340.0,71.6500015258789,89.83999633789062,1828.4000244140625,4.333000183105469,156.89999389648438,3.614000082015991,17.329999923706055,26.375,564.25,439.5,13.21500015258789,1447.5,672.0
2021-07-16,2320.0,71.80999755859375,90.69999694824219,1814.5,4.332499980926514,161.1999969482422,3.6740000247955322,17.709999084472656,25.777000427246094,556.0,436.0,13.229999542236328,1454.75,692.5
2021-07-19,2239.0,66.41999816894531,87.11000061035156,1808.699951171875,4.2104997634887695,155.25,3.7790000438690186,17.06999969482422,25.125999450683594,556.0,431.75,13.039999961853027,1428.0,697.75
2021-07-20,2257.0,67.41999816894531,88.87000274658203,1810.9000244140625,4.273499965667725,165.64999389648438,3.875999927520752,17.40999984741211,24.976999282836914,571.75,450.75,13.1899995803833,1443.5,700.5
2021-07-21,2265.0,70.30000305175781,89.08999633789062,1802.9000244140625,4.28249979019165,176.0,3.9590001106262207,17.670000076293945,25.238000869750977,571.75,454.75,13.3100004196167,1439.25,710.75
2021-07-22,2317.0,71.91000366210938,90.2699966430664,1805.0,4.3480000495910645,193.64999389648438,4.002999782562256,17.6200008392334,25.364999771118164,564.5,454.5,13.539999961853027,1416.25,692.25
2021-07-23,2321.0,72.06999969482422,90.31999969482422,1801.4000244140625,4.406499862670898,189.0,4.059999942779541,18.170000076293945,25.218000411987305,547.25,461.5,13.614999771118164,1401.0,684.0
2021-07-26,2392.0,71.91000366210938,90.29000091552734,1798.699951171875,4.589000225067139,207.8000030517578,4.1020002365112305,18.420000076293945,25.295000076293945,549.75,462.0,13.545000076293945,1412.75,677.0
2021-07-27,2393.0,71.6500015258789,90.73999786376953,1799.5,4.546000003814697,201.75,3.9709999561309814,18.350000381469727,24.631999969482422,548.75,465.75,13.479999542236328,1418.25,674.5
2021-07-28,2427.0,72.38999938964844,90.91000366210938,1799.5,4.479000091552734,200.4499969482422,4.044000148773193,18.610000610351562,24.856000900268555,549.25,466.25,13.65999984741211,1432.0,688.75
2021-07-29,2435.0,73.62000274658203,90.76000213623047,1831.199951171875,4.519999980926514,196.5,4.059000015258789,18.299999237060547,25.763999938964844,558.0,463.75,13.680000305175781,1434.25,705.25
2021-07-30,2366.0,73.94999694824219,89.83000183105469,1812.5999755859375,4.480500221252441,179.5500030517578,3.9140000343322754,17.90999984741211,25.527999877929688,547.0,446.75,13.680000305175781,1414.75,703.75
2021-08-02,2363.0,71.26000213623047,90.06999969482422,1818.0999755859375,4.432000160217285,172.8000030517578,3.934999942779541,17.950000762939453,25.55699920654297,558.75,447.0,13.494999885559082,1418.75,729.5
2021-08-03,2426.0,70.55999755859375,90.30000305175781,1810.0999755859375,4.382999897003174,174.85000610351562,4.0269999504089355,17.979999542236328,25.56599998474121,550.5,445.0,13.399999618530273,1392.25,724.5
2021-08-04,2393.0,68.1500015258789,90.72000122070312,1810.5,4.329999923706055,175.64999389648438,4.1579999923706055,17.93000030517578,25.445999145507812,545.75,444.0,13.194999694824219,1403.5,717.25
2021-08-05,2405.0,69.08999633789062,91.16999816894531,1805.0999755859375,4.3454999923706055,176.89999389648438,4.139999866485596,18.6200008392334,25.277000427246094,555.75,460.5,13.28499984741211,1402.5,712.75
2021-08-06,2417.0,68.27999877929688,92.41999816894531,1760.0,4.3454999923706055,176.0,4.139999866485596,18.68000030517578,24.312000274658203,555.0,467.25,13.319999694824219,1422.25,719.0
2021-08-09,2411.0,66.4800033569336,91.30000305175781,1723.4000244140625,4.2870001792907715,179.35000610351562,4.059999942779541,18.469999313354492,23.2549991607666,550.25,468.75,13.390000343322754,1433.75,711.25
2021-08-10,2468.0,68.29000091552734,92.73999786376953,1728.800048828125,4.351500034332275,182.0,4.089000225067139,19.59000015258789,23.37700080871582,549.25,467.25,13.484999656677246,1447.5,727.0
2021-08-11,2509.0,69.25,91.63999938964844,1750.4000244140625,4.363999843597412,183.85000610351562,4.059000015258789,19.469999313354492,23.474000930786133,556.25,460.5,13.430000305175781,1405.5,727.0
2021-08-12,2507.0,69.08999633789062,93.7699966430664,1749.0,4.355999946594238,186.5500030517578,3.933000087738037,19.540000915527344,23.104999542236328,567.0,469.25,13.524999618530273,1401.5,753.5
2021-08-13,2547.0,68.44000244140625,95.20999908447266,1775.199951171875,4.38700008392334,182.75,3.8610000610351562,19.950000762939453,23.76799964904785,568.25,494.25,13.529999732971191,1424.25,762.25
2021-08-16,2544.0,67.29000091552734,94.8499984741211,1786.9000244140625,4.322000026702881,183.1999969482422,3.946000099182129,20.030000686645508,23.780000686645508,564.75,500.0,13.550000190734863,1376.0,760.5
2021-08-17,2607.0,66.58999633789062,95.69999694824219,1785.0,4.199999809265137,178.9499969482422,3.8369998931884766,20.020000457763672,23.648000717163086,558.25,507.5,13.444999694824219,1369.0,734.5
2021-08-18,2630.0,65.45999908447266,95.5199966430664,1781.5999755859375,4.116000175476074,179.6999969482422,3.8519999980926514,20.170000076293945,23.41200065612793,561.75,494.25,13.28499984741211,1358.25,737.25
2021-08-19,2641.0,63.689998626708984,93.47000122070312,1780.199951171875,4.03849983215332,178.1999969482422,3.8299999237060547,19.790000915527344,23.219999313354492,550.0,492.25,13.194999694824219,1323.0,727.5
2021-08-20,2580.0,62.31999969482422,93.9000015258789,1781.0,4.134500026702881,178.25,3.8510000705718994,19.579999923706055,23.104999542236328,538.75,495.0,13.270000457763672,1293.75,714.25
2021-08-23,2574.0,65.63999938964844,94.54000091552734,1803.199951171875,4.234499931335449,179.9499969482422,3.944999933242798,19.579999923706055,23.64900016784668,538.0,509.5,13.390000343322754,1294.0,719.75
2021-08-24,2590.0,67.54000091552734,95.76000213623047,1805.5999755859375,4.255000114440918,183.3000030517578,3.8959999084472656,19.579999923706055,23.889999389648438,544.5,509.0,13.375,1337.0,718.0
2021-08-25,2632.0,68.36000061035156,95.94999694824219,1788.199951171875,4.264999866485596,184.0500030517578,3.8970000743865967,19.729999542236328,23.770999908447266,551.25,515.75,13.354999542236328,1346.0,711.25
2021-08-26,2643.0,67.41999816894531,95.36000061035156,1792.199951171875,4.245999813079834,185.64999389648438,4.184000015258789,19.68000030517578,23.54599952697754,552.75,509.25,13.3100004196167,1367.5,725.25
2021-08-27,2602.0,68.73999786376953,96.2699966430664,1816.5999755859375,4.316500186920166,189.5,4.369999885559082,20.040000915527344,24.059999465942383,558.0,518.0,13.229999542236328,1359.25,718.5
2021-08-30,2617.0,69.20999908447266,95.61000061035156,1809.0,4.361000061035156,197.39999389648438,4.304999828338623,20.219999313354492,23.959999084472656,540.25,509.25,13.15999984741211,1304.75,708.75
2021-08-31,2560.0,68.5,93.91000366210938,1815.0,4.360000133514404,193.4499969482422,4.376999855041504,19.84000015258789,23.959999084472656,534.0,496.25,13.130000114440918,1298.75,706.75
2021-09-01,2558.0,68.58999633789062,94.1500015258789,1813.0999755859375,4.263000011444092,193.1999969482422,4.614999771118164,19.670000076293945,24.177000045776367,515.5,501.25,12.975000381469727,1277.75,701.0
2021-09-02,2631.0,69.98999786376953,95.13999938964844,1808.699951171875,4.289999961853027,191.89999389648438,4.640999794006348,19.899999618530273,23.875,516.25,506.75,13.055000305175781,1279.25,704.0
2021-09-03,2674.0,69.29000091552734,95.62000274658203,1830.9000244140625,4.325500011444092,190.5500030517578,4.711999893188477,19.6200008392334,24.761999130249023,508.0,506.5,13.069999694824219,1283.0,714.5
2021-09-07,2753.0,68.3499984741211,95.41000366210938,1795.9000244140625,4.277500152587891,191.5,4.567999839782715,19.479999542236328,24.333999633789062,495.75,495.5,13.100000381469727,1268.75,708.75
2021-09-08,2727.0,69.30000305175781,95.19999694824219,1790.699951171875,4.23199987411499,187.75,4.914000034332275,19.489999771118164,24.011999130249023,498.25,495.0,13.100000381469727,1270.75,698.25
2021-09-09,2713.0,68.13999938964844,94.55999755859375,1797.4000244140625,4.2835001945495605,185.0,5.031000137329102,19.239999771118164,24.132999420166016,496.0,483.75,13.085000038146973,1258.75,681.5
2021-09-10,2643.0,69.72000122070312,95.2300033569336,1789.5999755859375,4.447999954223633,185.60000610351562,4.938000202178955,18.790000915527344,23.854999542236328,502.75,487.5,13.260000228881836,1275.25,675.0
2021-09-13,2677.0,70.44999694824219,94.41000366210938,1792.0,4.363500118255615,184.35000610351562,5.230999946594238,18.979999542236328,23.753000259399414,496.75,492.25,13.324999809265137,1272.5,674.5
2021-09-14,2696.0,70.45999908447266,94.95999908447266,1804.699951171875,4.317999839782715,183.0,5.260000228881836,18.959999084472656,23.841999053955078,503.0,506.0,13.4350004196167,1276.5,685.0
2021-09-15,2703.0,72.61000061035156,94.66999816894531,1792.4000244140625,4.403500080108643,187.0,5.460000038146973,19.520000457763672,23.759000778198242,533.5,539.25,13.789999961853027,1294.5,712.25
2021-09-16,2657.0,72.61000061035156,93.41000366210938,1754.5999755859375,4.278500080108643,187.8000030517578,5.335000038146973,19.489999771118164,22.75200080871582,529.5,551.5,13.6850004196167,1296.0,713.0
2021-09-17,2665.0,71.97000122070312,93.31999969482422,1749.4000244140625,4.245500087738037,187.3000030517578,5.105000019073486,19.18000030517578,22.295000076293945,527.25,542.75,13.779999732971191,1284.0,708.75
2021-09-20,2593.0,70.29000091552734,89.88999938964844,1761.800048828125,4.117000102996826,183.5,4.985000133514404,18.860000610351562,22.163000106811523,521.75,532.25,13.725000381469727,1262.5,700.75
2021-09-21,2605.0,70.55999755859375,91.18000030517578,1776.0,4.127999782562256,183.35000610351562,4.804999828338623,18.969999313354492,22.572999954223633,517.0,532.75,13.850000381469727,1274.0,690.25
2021-09-22,2652.0,72.2300033569336,91.83000183105469,1776.699951171875,4.252500057220459,184.85000610351562,4.804999828338623,19.329999923706055,22.868999481201172,525.5,557.75,13.885000228881836,1282.75,705.75
2021-09-23,2612.0,73.30000305175781,93.30999755859375,1747.699951171875,4.230999946594238,190.60000610351562,4.97599983215332,19.489999771118164,22.642000198364258,529.25,580.0,13.829999923706055,1284.25,717.75
2021-09-24,2591.0,73.9800033569336,96.8499984741211,1749.699951171875,4.287499904632568,194.35000610351562,5.139999866485596,19.100000381469727,22.38800048828125,526.75,575.25,13.899999618530273,1285.0,723.75
2021-09-27,2546.0,75.44999694824219,98.91000366210938,1750.0,4.293499946594238,193.64999389648438,5.705999851226807,18.729999542236328,22.656999588012695,539.5,587.0,13.994999885559082,1287.5,722.25
2021-09-28,2555.0,75.29000091552734,100.91000366210938,1735.800048828125,4.244999885559082,198.60000610351562,5.841000080108643,18.979999542236328,22.43000030517578,532.5,583.25,13.930000305175781,1277.0,706.5
2021-09-29,2589.0,74.83000183105469,103.94000244140625,1721.5,4.199999809265137,193.39999389648438,5.4770002365112305,18.940000534057617,21.458999633789062,539.0,584.25,13.805000305175781,1283.75,710.25
2021-09-30,2652.0,75.02999877929688,107.80000305175781,1755.300048828125,4.090000152587891,194.0,5.867000102996826,19.829999923706055,22.020999908447266,536.75,582.25,13.71500015258789,1256.0,725.5
2021-10-01,2710.0,75.87999725341797,106.52999877929688,1757.0,4.19350004196167,204.0500030517578,5.61899995803833,20.059999465942383,22.510000228881836,541.5,591.0,13.614999771118164,1246.5,755.25
2021-10-04,2752.0,77.62000274658203,106.93000030517578,1766.199951171875,4.246500015258789,200.35000610351562,5.765999794006348,19.690000534057617,22.618000030517578,540.75,601.0,13.539999961853027,1235.75,756.5
2021-10-05,2755.0,78.93000030517578,110.93000030517578,1759.5999755859375,4.202000141143799,191.89999389648438,6.311999797821045,19.850000381469727,22.582000732421875,537.5,594.75,13.524999618530273,1250.5,744.75
2021-10-06,2715.0,77.43000030517578,113.0999984741211,1760.5,4.1570000648498535,193.4499969482422,5.675000190734863,19.770000457763672,22.506000518798828,532.25,597.75,13.609999656677246,1242.0,746.0
2021-10-07,2726.0,78.30000305175781,113.6500015258789,1757.9000244140625,4.250999927520752,197.89999389648438,5.677000045776367,19.84000015258789,22.631999969482422,534.0,622.75,13.84000015258789,1247.25,741.25
2021-10-08,2750.0,79.3499984741211,110.5999984741211,1756.300048828125,4.2829999923706055,201.35000610351562,5.565000057220459,20.290000915527344,22.679000854492188,530.5,653.75,13.734999656677246,1243.0,734.0
2021-10-11,2682.0,80.5199966430664,109.79000091552734,1754.5999755859375,4.374499797821045,204.25,5.34499979019165,20.329999923706055,22.639999389648438,533.0,673.0,13.779999732971191,1228.25,731.75
2021-10-12,2675.0,80.63999938964844,106.37999725341797,1758.300048828125,4.328999996185303,213.14999389648438,5.505000114440918,20.06999969482422,22.490999221801758,522.5,648.0,13.704999923706055,1198.25,734.0
2021-10-13,2602.0,80.44000244140625,103.86000061035156,1793.699951171875,4.520500183105469,208.64999389648438,5.590000152587891,19.860000610351562,23.14900016784668,512.25,632.25,13.805000305175781,1195.25,718.75
2021-10-14,2584.0,81.30999755859375,107.0999984741211,1796.699951171875,4.631499767303467,209.25,5.686999797821045,19.59000015258789,23.45599937438965,516.75,635.25,13.869999885559082,1206.25,724.75
2021-10-15,2607.0,82.27999877929688,107.33000183105469,1767.199951171875,4.734000205993652,203.39999389648438,5.409999847412109,19.799999237060547,23.327999114990234,525.75,660.25,13.854999542236328,1217.75,734.0
2021-10-18,2610.0,82.44000244140625,107.04000091552734,1764.800048828125,4.730500221252441,201.60000610351562,4.988999843597412,19.350000381469727,23.243000030517578,532.75,662.0,13.850000381469727,1221.5,736.25
2021-10-19,2559.0,82.95999908447266,107.83000183105469,1769.699951171875,4.714000225067139,204.25,5.0879998207092285,18.8700008392334,23.86199951171875,530.25,656.0,13.720000267028809,1228.0,736.0
2021-10-20,2505.0,83.87000274658203,110.7300033569336,1784.0999755859375,4.75600004196167,205.5500030517578,5.170000076293945,18.969999313354492,24.423999786376953,539.25,667.0,13.609999656677246,1245.5,749.25
2021-10-21,2555.0,82.5,106.13999938964844,1781.199951171875,4.58650016784668,203.3000030517578,5.114999771118164,18.940000534057617,24.149999618530273,532.25,660.0,13.569999694824219,1224.0,741.25
2021-10-22,2583.0,83.76000213623047,108.26000213623047,1795.5,4.526000022888184,199.85000610351562,5.28000020980835,19.079999923706055,24.429000854492188,538.0,667.25,13.505000114440918,1220.5,756.0
2021-10-25,2616.0,83.76000213623047,108.54000091552734,1806.0,4.551499843597412,202.5500030517578,5.8979997634887695,19.389999389648438,24.57200050354004,538.0,692.25,13.399999618530273,1237.25,759.5
2021-10-26,2581.0,84.6500015258789,108.70999908447266,1792.699951171875,4.486499786376953,208.10000610351562,5.881999969482422,19.65999984741211,24.086000442504883,543.5,706.5,13.279999732971191,1238.0,752.25
2021-10-27,2603.0,82.66000366210938,110.5199966430664,1797.9000244140625,4.38700008392334,201.35000610351562,6.202000141143799,19.700000762939453,24.18899917602539,557.25,711.0,13.295000076293945,1239.25,759.75
2021-10-28,2571.0,82.80999755859375,113.7300033569336,1801.5999755859375,4.4375,199.9499969482422,5.7820000648498535,19.6200008392334,24.117000579833984,562.75,710.5,13.279999732971191,1233.75,772.5
2021-10-29,2544.0,83.56999969482422,114.8499984741211,1783.0,4.375500202178955,203.9499969482422,5.426000118255615,19.270000457763672,23.94499969482422,568.25,729.75,13.279999732971191,1235.75,772.75
2021-11-01,2564.0,84.05000305175781,119.83999633789062,1795.0999755859375,4.4019999504089355,208.6999969482422,5.185999870300293,19.3700008392334,24.06399917602539,579.0,750.75,13.204999923706055,1236.75,797.25
2021-11-02,2457.0,83.91000366210938,117.25,1788.699951171875,4.374000072479248,208.0500030517578,5.541999816894531,19.540000915527344,23.5,573.0,760.25,13.015000343322754,1244.0,791.5
2021-11-03,2424.0,80.86000061035156,118.81999969482422,1763.5999755859375,4.326000213623047,209.3000030517578,5.670000076293945,19.3799991607666,23.22599983215332,564.0,746.5,13.015000343322754,1231.5,781.0
2021-11-04,2440.0,78.80999755859375,116.45999908447266,1793.0,4.326000213623047,208.60000610351562,5.716000080108643,19.6299991607666,23.9060001373291,559.25,741.0,13.1850004196167,1209.25,773.75
2021-11-05,2397.0,81.2699966430664,116.87000274658203,1816.4000244140625,4.348999977111816,203.5500030517578,5.515999794006348,19.940000534057617,24.152000427246094,553.0,749.0,13.289999961853027,1192.25,766.5
2021-11-08,2433.0,81.93000030517578,116.55000305175781,1827.4000244140625,4.40500020980835,199.64999389648438,5.427000045776367,19.920000076293945,24.53700065612793,551.5,723.5,13.335000038146973,1178.0,768.0
2021-11-09,2433.0,84.1500015258789,119.37999725341797,1830.199951171875,4.380000114440918,205.89999389648438,4.979000091552734,19.899999618530273,24.312999725341797,554.75,716.25,13.545000076293945,1199.5,778.5
2021-11-10,2473.0,81.33999633789062,118.68000030517578,1847.5999755859375,4.328000068664551,204.0,4.880000114440918,19.600000381469727,24.767000198364258,569.25,740.0,13.645000457763672,1203.5,803.0
2021-11-11,2485.0,81.58999633789062,118.54000091552734,1863.199951171875,4.4045000076293945,210.89999389648438,5.14900016784668,20.1200008392334,25.301000595092773,569.5,725.0,13.835000038146973,1212.25,812.5
2021-11-12,2470.0,80.79000091552734,117.69000244140625,1867.9000244140625,4.45550012588501,219.6999969482422,4.790999889373779,20.010000228881836,25.3439998626709,577.25,734.0,13.904999732971191,1234.0,817.0
2021-11-15,2458.0,80.87999725341797,117.62000274658203,1866.0999755859375,4.4070000648498535,222.75,5.017000198364258,19.739999771118164,25.10700035095215,576.5,723.25,14.149999618530273,1257.25,826.25
2021-11-16,2505.0,80.76000213623047,117.9800033569336,1853.5999755859375,4.358500003814697,222.0500030517578,5.177000045776367,19.989999771118164,24.944000244140625,571.0,730.5,14.1850004196167,1251.25,810.25
2021-11-17,2514.0,78.36000061035156,119.69999694824219,1869.699951171875,4.2729997634887695,232.60000610351562,4.815999984741211,20.420000076293945,25.16699981689453,575.25,739.5,14.369999885559082,1277.0,822.25
2021-11-18,2552.0,79.01000213623047,117.58999633789062,1861.0,4.309999942779541,228.9499969482422,4.9019999504089355,20.18000030517578,24.900999069213867,573.0,756.5,14.59000015258789,1265.25,820.0
2021-11-19,2493.0,76.0999984741211,119.22000122070312,1851.199951171875,4.4085001945495605,233.3000030517578,5.065000057220459,19.989999771118164,24.780000686645508,570.75,764.5,14.5649995803833,1263.25,823.0
2021-11-22,2498.0,76.75,117.70999908447266,1806.0,4.395500183105469,231.35000610351562,4.789000034332275,19.760000228881836,24.297000885009766,576.75,751.0,14.545000076293945,1274.25,845.75
2021-11-23,2478.0,78.5,120.36000061035156,1783.5,4.423500061035156,242.5500030517578,4.9670000076293945,20.110000610351562,23.434999465942383,580.5,747.25,14.414999961853027,1273.0,856.0
2021-11-24,2456.0,78.38999938964844,120.37999725341797,1784.0999755859375,4.458000183105469,246.3000030517578,5.067999839782715,19.93000030517578,23.496000289916992,579.75,750.5,14.460000038146973,1266.5,836.75
2021-11-26,2340.0,68.1500015258789,116.5999984741211,1785.300048828125,4.281499862670898,243.85000610351562,5.447000026702881,19.350000381469727,23.10700035095215,586.75,755.0,14.289999961853027,1252.75,825.5
2021-11-29,2322.0,69.94999694824219,116.6500015258789,1782.300048828125,4.336999893188477,233.85000610351562,4.854000091552734,19.190000534057617,22.798999786376953,581.0,746.75,14.295000076293945,1241.5,807.5
2021-11-30,2314.0,66.18000030517578,111.6500015258789,1773.5999755859375,4.2779998779296875,233.25,4.566999912261963,18.600000381469727,22.764999389648438,567.0,723.0,14.03499984741211,1217.25,773.75
2021-12-01,2320.0,65.56999969482422,109.38999938964844,1781.5999755859375,4.247499942779541,234.1999969482422,4.257999897003174,18.600000381469727,22.298999786376953,572.0,710.0,13.949999809265137,1228.25,778.5
2021-12-02,2421.0,66.5,108.9000015258789,1760.699951171875,4.298999786376953,237.4499969482422,4.056000232696533,18.6200008392334,22.280000686645508,577.0,740.75,14.020000457763672,1244.25,806.5
2021-12-03,2435.0,66.26000213623047,109.30000305175781,1782.0,4.266499996185303,244.0500030517578,4.131999969482422,18.75,22.44499969482422,586.0,725.0,14.0649995803833,1267.25,794.5
2021-12-06,2428.0,69.48999786376953,112.01000213623047,1777.5,4.336999893188477,250.1999969482422,3.6570000648498535,19.15999984741211,22.22800064086914,583.5,735.0,14.024999618530273,1261.5,797.0
2021-12-07,2453.0,72.05000305175781,111.2699966430664,1782.5999755859375,4.3379998207092285,243.89999389648438,3.7079999446868896,19.479999542236328,22.48699951171875,586.25,737.25,13.914999961853027,1250.25,799.25
2021-12-08,2466.0,72.36000061035156,111.55000305175781,1783.4000244140625,4.390999794006348,244.75,3.815000057220459,19.81999969482422,22.389999389648438,584.75,732.0,13.819999694824219,1261.0,791.25
2021-12-09,2447.0,70.94000244140625,106.58999633789062,1774.5999755859375,4.329999923706055,240.35000610351562,3.813999891281128,19.690000534057617,21.974000930786133,588.5,719.5,13.800000190734863,1264.5,773.5
2021-12-10,2462.0,71.66999816894531,106.2300033569336,1782.9000244140625,4.2829999923706055,232.6999969482422,3.924999952316284,19.709999084472656,22.15999984741211,588.5,718.0,13.824999809265137,1267.75,782.0
2021-12-13,2528.0,71.29000091552734,106.80999755859375,1786.300048828125,4.28000020980835,236.6999969482422,3.7939999103546143,19.639999389648438,22.290000915527344,584.25,711.25,13.774999618530273,1244.0,785.5
2021-12-14,2584.0,70.7300033569336,105.9000015258789,1770.4000244140625,4.254000186920166,237.14999389648438,3.746999979019165,19.649999618530273,21.886999130249023,588.75,711.25,13.720000267028809,1259.5,785.5
2021-12-15,2627.0,70.87000274658203,105.79000091552734,1762.5999755859375,4.179500102996826,237.39999389648438,3.802000045776367,19.290000915527344,21.507999420166016,585.75,711.0,13.609999656677246,1262.5,756.0
2021-12-16,2547.0,72.37999725341797,109.68000030517578,1796.5999755859375,4.30049991607666,236.9499969482422,3.7660000324249268,19.399999618530273,22.454999923706055,591.25,711.75,13.744999885559082,1277.25,770.5
2021-12-17,2497.0,70.86000061035156,107.30000305175781,1803.800048828125,4.290999889373779,235.89999389648438,3.690000057220459,19.110000610351562,22.506999969482422,593.25,702.25,13.729999542236328,1285.25,775.0
2021-12-20,2423.0,68.2300033569336,105.54000091552734,1793.699951171875,4.288000106811523,224.39999389648438,3.8340001106262207,18.59000015258789,22.274999618530273,591.0,662.25,13.65999984741211,1292.25,777.75
2021-12-21,2460.0,71.12000274658203,107.2699966430664,1787.9000244140625,4.3379998207092285,228.25,3.86899995803833,18.739999771118164,22.50200080871582,598.25,666.75,13.654999732971191,1308.0,799.0
2021-12-22,2466.0,72.76000213623047,108.83000183105469,1801.5999755859375,4.389500141143799,233.5500030517578,3.9760000705718994,19.260000228881836,22.79199981689453,602.5,693.5,13.914999961853027,1328.75,814.0
2021-12-23,2473.0,73.79000091552734,109.12000274658203,1811.199951171875,4.38700008392334,231.1999969482422,3.7309999465942383,19.239999771118164,22.930999755859375,605.75,707.0,14.050000190734863,1332.0,814.75
2021-12-27,2461.0,75.56999969482422,112.27999877929688,1808.0999755859375,4.465000152587891,227.0500030517578,4.059999942779541,19.209999084472656,22.979000091552734,614.75,724.0,14.34000015258789,1362.5,804.0
2021-12-28,2485.0,75.9800033569336,110.05000305175781,1810.199951171875,4.420000076293945,225.60000610351562,4.054999828338623,18.959999084472656,23.111000061035156,604.75,702.5,14.46500015258789,1359.25,783.5
2021-12-29,2515.0,76.55999755859375,112.98999786376953,1805.0999755859375,4.4019999504089355,228.89999389648438,4.02400016784668,19.100000381469727,22.847999572753906,605.5,695.25,14.550000190734863,1356.5,787.75
2021-12-30,2559.0,76.98999786376953,114.33999633789062,1812.699951171875,4.384500026702881,228.85000610351562,3.561000108718872,18.780000686645508,23.027999877929688,596.0,686.5,14.574999809265137,1327.75,779.75
2021-12-31,2520.0,75.20999908447266,112.5999984741211,1827.5,4.454999923706055,226.10000610351562,3.7300000190734863,18.8799991607666,23.327999114990234,593.25,683.0,14.630000114440918,1328.75,770.75
2022-01-03,2499.0,76.08000183105469,113.2300033569336,1799.4000244140625,4.4145002365112305,223.3000030517578,3.815000057220459,18.739999771118164,22.790000915527344,589.25,680.75,14.4350004196167,1344.0,758.0
2022-01-04,2462.0,76.98999786376953,116.38999938964844,1814.0,4.466000080108643,231.75,3.7170000076293945,18.75,23.038000106811523,609.5,692.0,14.460000038146973,1378.75,770.0
2022-01-05,2457.0,77.8499984741211,116.27999877929688,1824.5999755859375,4.4045000076293945,231.75,3.881999969482422,18.34000015258789,23.149999618530273,602.25,685.0,14.444999694824219,1384.25,760.75
2022-01-06,2423.0,79.45999908447266,114.72000122070312,1788.699951171875,4.3480000495910645,231.6999969482422,3.812000036239624,18.190000534057617,22.173999786376953,603.75,670.5,14.484999656677246,1377.25,746.0
2022-01-07,2521.0,78.9000015258789,115.12000274658203,1797.0,4.4029998779296875,238.4499969482422,3.9159998893737793,18.049999237060547,22.393999099731445,606.75,668.25,14.550000190734863,1401.5,758.5
2022-01-10,2521.0,78.2300033569336,115.22000122070312,1798.4000244140625,4.3445000648498535,234.89999389648438,4.078999996185303,17.829999923706055,22.445999145507812,599.75,664.0,14.369999885559082,1374.75,762.0
2022-01-11,2588.0,81.22000122070312,116.0199966430664,1818.5999755859375,4.420499801635742,237.0500030517578,4.249000072479248,18.110000610351562,22.805999755859375,601.0,656.0,14.050000190734863,1376.75,770.25
2022-01-12,2559.0,82.63999938964844,117.63999938964844,1827.199951171875,4.564000129699707,240.85000610351562,4.85699987411499,18.34000015258789,23.200000762939453,599.0,646.0,14.0649995803833,1391.25,757.75
2022-01-13,2609.0,82.12000274658203,116.83999633789062,1821.199951171875,4.533999919891357,237.0,4.269999980926514,18.09000015258789,23.155000686645508,587.5,623.0,14.0649995803833,1365.25,746.75
2022-01-14,2659.0,83.81999969482422,119.69999694824219,1816.5,4.411499977111816,239.64999389648438,4.26200008392334,18.309999465942383,22.910999298095703,596.25,609.0,14.1899995803833,1356.75,741.5
2022-01-18,2631.0,85.43000030517578,121.08000183105469,1812.300048828125,4.375999927520752,239.60000610351562,4.2829999923706055,18.65999984741211,23.48699951171875,599.5,646.75,14.520000457763672,1361.25,769.0
2022-01-19,2657.0,86.95999908447266,123.94999694824219,1843.0999755859375,4.462500095367432,244.4499969482422,4.031000137329102,19.06999969482422,24.22599983215332,610.5,655.5,14.654999732971191,1391.25,796.5
2022-01-20,2660.0,86.9000015258789,122.87000274658203,1842.5,4.576499938964844,243.64999389648438,3.802000045776367,18.93000030517578,24.711000442504883,611.0,641.0,14.770000457763672,1425.75,790.25
2022-01-21,2576.0,85.13999938964844,120.75,1831.800048828125,4.512499809265137,237.89999389648438,3.999000072479248,18.899999618530273,24.31399917602539,616.25,623.0,14.850000381469727,1414.25,780.0
2022-01-24,2493.0,83.30999755859375,120.37999725341797,1841.699951171875,4.4029998779296875,232.9499969482422,4.0269999504089355,18.809999465942383,23.795000076293945,621.0,631.25,14.979999542236328,1403.0,800.5
2022-01-25,2503.0,85.5999984741211,120.91999816894531,1852.699951171875,4.442999839782715,237.89999389648438,4.052999973297119,18.780000686645508,23.895999908447266,620.0,652.5,14.970000267028809,1407.25,818.0
2022-01-26,2513.0,87.3499984741211,122.33000183105469,1829.9000244140625,4.504499912261963,238.89999389648438,4.2769999504089355,18.489999771118164,23.80699920654297,627.0,657.25,15.069999694824219,1440.0,795.0
2022-01-27,2451.0,86.61000061035156,121.62999725341797,1793.300048828125,4.413000106811523,232.0500030517578,6.264999866485596,18.40999984741211,22.67300033569336,625.25,655.0,14.960000038146973,1448.25,777.0
2022-01-28,2494.0,86.81999969482422,123.76000213623047,1784.9000244140625,4.302999973297119,235.89999389648438,4.638999938964844,18.200000762939453,22.302000045776367,636.0,675.5,14.975000381469727,1470.0,786.25
2022-01-31,2528.0,88.1500015258789,127.56999969482422,1795.0,4.317999839782715,235.10000610351562,4.874000072479248,18.219999313354492,22.395000457763672,626.0,695.5,15.0600004196167,1490.5,761.25
2022-02-01,2613.0,88.19999694824219,127.33000183105469,1800.300048828125,4.428999900817871,236.6999969482422,4.750999927520752,18.479999542236328,22.59600067138672,634.75,715.0,15.164999961853027,1528.5,769.0
2022-02-02,2617.0,88.26000213623047,126.33000183105469,1809.199951171875,4.491000175476074,238.8000030517578,5.500999927520752,17.93000030517578,22.711000442504883,622.5,725.0,15.4350004196167,1545.25,755.0
2022-02-03,2634.0,90.2699966430664,127.62000274658203,1803.0,4.4664998054504395,243.89999389648438,4.888000011444092,17.989999771118164,22.375,616.75,728.25,15.375,1544.25,751.75
2022-02-04,2668.0,92.30999755859375,126.73999786376953,1806.5999755859375,4.483500003814697,241.85000610351562,4.572000026702881,18.229999542236328,22.475000381469727,620.5,731.0,15.274999618530273,1553.5,763.25
2022-02-07,2624.0,91.31999969482422,125.56999969482422,1820.5999755859375,4.46150016784668,241.64999389648438,4.23199987411499,18.049999237060547,23.076000213623047,635.25,736.0,15.449999809265137,1581.75,768.75
2022-02-08,2669.0,89.36000061035156,127.1500015258789,1826.5999755859375,4.459499835968018,248.9499969482422,4.248000144958496,18.079999923706055,23.19499969482422,632.25,745.75,15.260000228881836,1569.0,778.75
2022-02-09,2756.0,89.66000366210938,126.43000030517578,1835.199951171875,4.600500106811523,258.3500061035156,4.008999824523926,18.479999542236328,23.336000442504883,646.75,772.25,15.085000038146973,1594.75,785.0
2022-02-10,2786.0,89.87999725341797,125.66000366210938,1836.199951171875,4.65749979019165,255.1999969482422,3.9590001106262207,18.299999237060547,23.518999099731445,641.75,756.25,14.795000076293945,1574.25,771.5
2022-02-11,2766.0,93.0999984741211,125.27999877929688,1840.800048828125,4.505000114440918,251.64999389648438,3.940999984741211,18.260000228881836,23.365999221801758,651.0,749.75,15.210000038146973,1583.0,797.75
2022-02-14,2677.0,95.45999908447266,122.93000030517578,1868.0,4.507500171661377,247.5500030517578,4.195000171661377,18.1200008392334,23.844999313354492,655.75,745.5,15.050000190734863,1570.0,799.25
2022-02-15,2667.0,92.06999969482422,123.04000091552734,1854.800048828125,4.531499862670898,251.85000610351562,4.306000232696533,18.06999969482422,23.33799934387207,638.0,719.25,14.8100004196167,1551.25,779.75
2022-02-16,2611.0,93.66000366210938,121.91000366210938,1870.199951171875,4.540500164031982,252.25,4.7170000076293945,18.06999969482422,23.60099983215332,647.0,719.25,14.880000114440918,1587.5,780.5
2022-02-17,2589.0,91.76000213623047,121.93000030517578,1900.699951171875,4.525000095367432,251.5,4.486000061035156,18.280000686645508,23.874000549316406,650.0,715.0,14.90999984741211,1592.0,798.0
2022-02-18,2573.0,91.06999969482422,122.98999786376953,1898.5999755859375,4.519499778747559,246.85000610351562,4.431000232696533,18.200000762939453,23.990999221801758,654.25,689.5,14.899999618530273,1601.5,797.0
2022-02-22,2611.0,92.3499984741211,121.11000061035156,1906.0999755859375,4.510000228881836,248.4499969482422,4.498000144958496,18.479999542236328,24.31100082397461,674.75,680.25,15.119999885559082,1635.0,844.25
2022-02-23,2626.0,92.0999984741211,122.4000015258789,1909.199951171875,4.481500148773193,248.60000610351562,4.623000144958496,18.530000686645508,24.55500030517578,683.75,678.75,15.0600004196167,1675.0,876.0
2022-02-24,2578.0,92.80999755859375,122.58999633789062,1925.0999755859375,4.453999996185303,239.35000610351562,4.567999839782715,18.31999969482422,24.68600082397461,695.0,656.0,15.119999885559082,1661.5,926.0
2022-02-25,2576.0,91.58999633789062,122.12000274658203,1886.5,4.4720001220703125,240.0500030517578,4.46999979019165,17.989999771118164,23.996999740600586,659.5,644.25,15.109999656677246,1590.25,843.0
2022-02-28,2491.0,95.72000122070312,122.56999969482422,1899.4000244140625,4.444499969482422,234.25,4.4019999504089355,18.0,24.361000061035156,697.5,695.75,15.364999771118164,1644.25,928.0
2022-03-01,2483.0,103.41000366210938,126.3499984741211,1942.4000244140625,4.58650016784668,237.25,4.572999954223633,18.34000015258789,25.534000396728516,739.75,731.0,15.859999656677246,1705.5,1001.75
2022-03-02,2491.0,110.5999984741211,122.04000091552734,1920.9000244140625,4.6554999351501465,230.4499969482422,4.76200008392334,18.639999389648438,25.183000564575195,739.0,716.0,15.890000343322754,1677.5,1058.5
2022-03-03,2524.0,107.66999816894531,123.55000305175781,1934.4000244140625,4.771500110626221,224.14999389648438,4.7220001220703125,18.93000030517578,25.204999923706055,751.25,726.25,16.030000686645508,1680.25,1289.0
2022-03-04,2582.0,115.68000030517578,120.19999694824219,1965.0999755859375,4.928999900817871,224.14999389648438,5.015999794006348,19.350000381469727,25.781999588012695,756.5,725.25,16.1200008392334,1676.25,1348.0
2022-03-07,2597.0,119.4000015258789,120.66000366210938,1993.9000244140625,4.7220001220703125,225.5,4.833000183105469,19.270000457763672,25.71299934387207,749.25,702.0,15.920000076293945,1674.25,1425.25
2022-03-08,2597.0,123.69999694824219,122.16999816894531,2040.0999755859375,4.700500011444092,234.0500030517578,4.5269999504089355,19.43000030517578,26.88800048828125,754.5,702.75,15.670000076293945,1704.5,1273.0
2022-03-09,2624.0,108.69999694824219,121.66999816894531,1985.9000244140625,4.564000129699707,230.4499969482422,4.526000022888184,18.940000534057617,25.756999969482422,735.0,695.5,15.524999618530273,1686.5,1199.5
2022-03-10,2643.0,106.0199966430664,116.86000061035156,1998.0999755859375,4.643499851226807,225.1999969482422,4.63100004196167,19.100000381469727,26.20199966430664,757.75,717.75,15.569999694824219,1700.0,1073.75
2022-03-11,2580.0,109.33000183105469,121.02999877929688,1982.699951171875,4.616000175476074,222.9499969482422,4.724999904632568,19.239999771118164,26.106000900268555,764.5,722.0,15.510000228881836,1690.75,1090.0
2022-03-14,2571.0,103.01000213623047,118.7699966430664,1959.5999755859375,4.512499809265137,219.64999389648438,4.6579999923706055,19.1299991607666,25.243999481201172,728.25,722.0,15.579999923706055,1687.25,1090.0
2022-03-15,2461.0,96.44000244140625,118.5999984741211,1928.5,4.501500129699707,212.3000030517578,4.567999839782715,18.729999542236328,25.12299919128418,758.0,661.5,16.18000030517578,1658.75,1154.25
2022-03-16,2471.0,95.04000091552734,119.80000305175781,1908.0,4.5879998207092285,218.60000610351562,4.748000144958496,18.559999465942383,24.670000076293945,730.0,664.75,15.864999771118164,1649.25,1069.25
2022-03-17,2504.0,102.9800033569336,121.86000061035156,1942.0999755859375,4.690499782562256,217.3000030517578,4.989999771118164,18.690000534057617,25.583999633789062,754.5,680.25,15.710000038146973,1668.5,1098.0
2022-03-18,2537.0,104.69999694824219,126.86000061035156,1928.199951171875,4.730500221252441,220.3000030517578,4.86299991607666,18.93000030517578,25.05500030517578,741.75,695.0,15.625,1668.0,1063.75
2022-03-21,2521.0,112.12000274658203,130.00999450683594,1928.5999755859375,4.701499938964844,225.85000610351562,4.900000095367432,19.280000686645508,25.281999588012695,756.25,727.0,15.930000305175781,1691.0,1119.25
2022-03-22,2586.0,111.76000213623047,130.0399932861328,1920.699951171875,4.689000129699707,225.0500030517578,5.186999797821045,19.149999618530273,24.885000228881836,753.0,724.0,16.024999618530273,1696.5,1118.25
2022-03-23,2631.0,114.93000030517578,130.02999877929688,1936.5999755859375,4.762499809265137,225.3000030517578,5.23199987411499,19.239999771118164,25.170000076293945,757.75,722.0,15.989999771118164,1718.75,1105.75
2022-03-24,2583.0,112.33999633789062,130.89999389648438,1961.5999755859375,4.729000091552734,221.85000610351562,5.401000022888184,19.260000228881836,25.899999618530273,748.25,703.25,16.010000228881836,1700.75,1085.75
2022-03-25,2562.0,113.9000015258789,135.89999389648438,1953.800048828125,4.685999870300293,221.85000610351562,5.571000099182129,19.610000610351562,25.594999313354492,754.0,738.0,16.2549991607666,1710.25,1102.25
2022-03-28,2602.0,105.95999908447266,139.07000732421875,1939.5999755859375,4.714000225067139,214.5500030517578,5.507999897003174,19.59000015258789,25.176000595092773,748.5,756.0,15.960000038146973,1664.25,1057.0
2022-03-29,2639.0,104.23999786376953,136.80999755859375,1912.0,4.7164998054504395,215.6999969482422,5.335999965667725,19.110000610351562,24.715999603271484,726.25,719.0,15.729999542236328,1643.0,1014.25
2022-03-30,2651.0,107.81999969482422,139.83999633789062,1933.5,4.739500045776367,221.85000610351562,5.605000019073486,19.469999313354492,25.10300064086914,738.0,730.0,15.914999961853027,1664.0,1027.25
2022-03-31,2650.0,100.27999877929688,135.69000244140625,1949.199951171875,4.743000030517578,226.39999389648438,5.642000198364258,19.489999771118164,25.121000289916992,748.75,727.5,16.010000228881836,1618.25,1006.0
2022-04-01,2599.0,99.2699966430664,134.5500030517578,1919.0999755859375,4.682499885559082,228.39999389648438,5.71999979019165,19.3700008392334,24.642000198364258,735.0,740.0,16.0049991607666,1582.75,984.5
2022-04-04,2562.0,103.27999877929688,137.94000244140625,1929.199951171875,4.776500225067139,230.60000610351562,5.711999893188477,19.610000610351562,24.583999633789062,750.5,730.5,15.96500015258789,1602.25,1010.25
2022-04-05,2534.0,101.95999908447266,137.52999877929688,1922.9000244140625,4.790999889373779,231.3000030517578,6.0320000648498535,19.649999618530273,24.527999877929688,759.75,745.25,16.03499984741211,1631.0,1045.25
2022-04-06,2549.0,96.2300033569336,135.69000244140625,1918.4000244140625,4.733500003814697,227.60000610351562,6.0289998054504395,19.59000015258789,24.454999923706055,756.5,752.5,15.904999732971191,1619.5,1038.25
2022-04-07,2574.0,96.02999877929688,133.1999969482422,1933.800048828125,4.695000171661377,226.14999389648438,6.359000205993652,19.84000015258789,24.732999801635742,757.75,767.25,15.8149995803833,1645.5,1020.0
2022-04-08,2620.0,98.26000213623047,132.41000366210938,1941.5999755859375,4.71999979019165,231.64999389648438,6.2779998779296875,20.40999984741211,24.819000244140625,768.75,794.5,15.779999732971191,1689.0,1051.5
2022-04-11,2616.0,94.29000091552734,135.2899932861328,1944.300048828125,4.628499984741211,236.60000610351562,6.64300012588501,20.309999465942383,24.97800064086914,764.5,803.0,15.625,1655.25,1081.25
2022-04-12,2583.0,100.5999984741211,138.50999450683594,1972.0999755859375,4.703999996185303,233.60000610351562,6.679999828338623,20.219999313354492,25.725000381469727,776.25,807.0,15.710000038146973,1670.25,1103.75
2022-04-13,2583.0,104.25,142.77000427246094,1981.0,4.706999778747559,225.0500030517578,6.997000217437744,20.100000381469727,26.020000457763672,783.5,796.75,15.760000228881836,1676.0,1113.5
2022-04-14,2583.0,106.94999694824219,141.97999572753906,1970.9000244140625,4.7170000076293945,223.60000610351562,7.300000190734863,20.059999465942383,25.690000534057617,790.25,757.0,16.19499969482422,1682.25,1096.5
2022-04-18,2525.0,108.20999908447266,144.74000549316406,1982.9000244140625,4.796000003814697,223.5,7.820000171661377,20.260000228881836,26.139999389648438,813.25,761.25,16.549999237060547,1714.75,1120.5
2022-04-19,2525.0,102.55999755859375,139.67999267578125,1955.699951171875,4.714000225067139,221.3000030517578,7.176000118255615,19.739999771118164,25.391000747680664,804.0,746.5,16.065000534057617,1716.5,1099.0
2022-04-20,2536.0,102.75,140.38999938964844,1952.300048828125,4.649499893188477,218.8000030517578,6.936999797821045,19.6200008392334,25.270000457763672,815.75,723.5,16.05500030517578,1746.75,1088.0
2022-04-21,2540.0,103.79000091552734,138.58999633789062,1944.9000244140625,4.703499794006348,228.14999389648438,6.956999778747559,19.8700008392334,24.621000289916992,799.25,711.5,16.229999542236328,1748.25,1068.0
2022-04-22,2506.0,102.06999969482422,139.4600067138672,1931.0,4.582499980926514,227.3000030517578,6.533999919891357,19.239999771118164,24.256999969482422,793.0,721.25,16.204999923706055,1716.0,1065.5
2022-04-25,2432.0,98.54000091552734,141.41000366210938,1893.199951171875,4.448999881744385,220.8000030517578,6.669000148773193,18.950000762939453,23.667999267578125,800.25,715.25,16.299999237060547,1703.5,1062.0
2022-04-26,2557.0,101.69999694824219,142.52999877929688,1901.4000244140625,4.440000057220459,221.39999389648438,6.849999904632568,18.989999771118164,23.54199981689453,803.25,694.0,16.75,1705.25,1083.25
2022-04-27,2572.0,102.0199966430664,146.0800018310547,1885.9000244140625,4.454500198364258,215.9499969482422,7.267000198364258,19.020000457763672,23.45800018310547,815.5,671.25,16.65999984741211,1726.5,1080.0
2022-04-28,2601.0,105.36000061035156,153.0800018310547,1888.699951171875,4.41349983215332,217.89999389648438,6.888000011444092,19.420000076293945,23.128999710083008,816.0,693.0,16.774999618530273,1706.5,1074.0
2022-04-29,2597.0,104.69000244140625,152.3300018310547,1909.300048828125,4.394999980926514,222.5500030517578,7.24399995803833,19.350000381469727,23.040000915527344,818.25,675.5,17.09000015258789,1708.25,1043.75
2022-05-02,2632.0,105.16999816894531,157.16000366210938,1861.800048828125,4.255499839782715,216.39999389648438,7.474999904632568,18.850000381469727,22.54400062561035,813.0,684.0,16.774999618530273,1674.0,1043.5
2022-05-03,2615.0,102.41000366210938,153.3300018310547,1868.800048828125,4.270999908447266,218.1999969482422,7.953999996185303,18.6200008392334,22.621000289916992,800.75,702.5,16.645000457763672,1659.0,1033.75
2022-05-04,2588.0,107.80999755859375,158.02000427246094,1867.0,4.328499794006348,221.1999969482422,8.414999961853027,18.6200008392334,22.36199951171875,798.5,708.75,16.71500015258789,1669.75,1066.0
2022-05-05,2519.0,108.26000213623047,152.02000427246094,1874.0,4.284999847412109,218.39999389648438,8.782999992370605,18.780000686645508,22.399999618530273,803.75,689.5,16.700000762939453,1678.5,1096.0
2022-05-06,2500.0,109.7699966430664,146.8699951171875,1881.199951171875,4.261499881744385,211.60000610351562,8.043000221252441,19.15999984741211,22.325000762939453,792.25,657.5,16.6200008392334,1655.5,1097.0
2022-05-09,2483.0,103.08999633789062,142.92999267578125,1857.0999755859375,4.192999839782715,206.3000030517578,7.026000022888184,18.65999984741211,21.781999588012695,784.5,645.5,16.4950008392334,1621.0,1083.25
2022-05-10,2473.0,99.76000213623047,142.94000244140625,1839.9000244140625,4.1545000076293945,204.0,7.385000228881836,18.540000915527344,21.389999389648438,786.5,629.25,16.584999084472656,1630.0,1083.25
2022-05-11,2517.0,105.70999908447266,143.60000610351562,1852.5999755859375,4.212500095367432,220.10000610351562,7.639999866485596,18.549999237060547,21.549999237060547,802.25,633.25,16.684999465942383,1650.25,1108.75
2022-05-12,2461.0,106.12999725341797,145.52999877929688,1823.800048828125,4.105000019073486,215.0,7.738999843597412,18.639999389648438,20.756999969482422,813.5,654.5,16.934999465942383,1660.25,1174.5
2022-05-13,2483.0,110.48999786376953,145.1999969482422,1807.4000244140625,4.180500030517578,212.89999389648438,7.663000106811523,19.170000076293945,20.983999252319336,794.5,654.5,17.149999618530273,1723.25,1167.25
2022-05-16,2505.0,114.19999694824219,150.64999389648438,1813.5,4.196499824523926,225.8000030517578,7.955999851226807,19.68000030517578,21.53499984741211,809.5,639.5,17.825000762939453,1656.5,1247.5
2022-05-17,2513.0,112.4000015258789,148.4600067138672,1818.199951171875,4.239500045776367,228.1999969482422,8.303999900817871,20.0,21.73699951171875,800.75,653.75,17.165000915527344,1678.0,1277.5
2022-05-18,2470.0,109.58999633789062,144.47000122070312,1815.9000244140625,4.182000160217285,218.60000610351562,8.368000030517578,19.829999923706055,21.533000946044922,781.5,641.75,16.809999465942383,1662.75,1230.75
2022-05-19,2457.0,112.20999908447266,147.6999969482422,1841.199951171875,4.284999847412109,218.6999969482422,8.307999610900879,19.770000457763672,21.898000717163086,783.25,627.75,16.985000610351562,1690.5,1200.5
2022-05-20,2429.0,113.2300033569336,142.27000427246094,1841.800048828125,4.281000137329102,215.85000610351562,8.083000183105469,19.950000762939453,21.66900062561035,778.75,612.75,17.165000915527344,1705.25,1168.75
2022-05-23,2451.0,110.29000091552734,142.75,1847.800048828125,4.347499847412109,215.75,8.744000434875488,19.770000457763672,21.722999572753906,786.25,629.75,17.270000457763672,1687.0,1190.0
2022-05-24,2441.0,109.7699966430664,141.5399932861328,1865.0999755859375,4.325500011444092,213.64999389648438,8.795999526977539,19.75,22.062999725341797,771.75,674.25,17.165000915527344,1693.0,1154.75
2022-05-25,2407.0,110.33000183105469,145.16000366210938,1846.199951171875,4.2769999504089355,217.0500030517578,8.970999717712402,19.68000030517578,21.860000610351562,772.25,680.75,17.075000762939453,1681.0,1148.25
2022-05-26,2464.0,114.08999633789062,140.61000061035156,1847.4000244140625,4.255000114440918,226.60000610351562,8.907999992370605,19.540000915527344,21.94099998474121,765.0,685.25,17.274999618530273,1726.5,1143.25
2022-05-27,2462.0,115.06999969482422,139.4199981689453,1851.300048828125,4.303999900817871,229.4499969482422,8.72700023651123,19.610000610351562,22.059999465942383,777.25,703.75,17.469999313354492,1732.25,1157.5
2022-05-31,2496.0,114.66999816894531,138.97999572753906,1842.699951171875,4.295000076293945,231.25,8.145000457763672,19.399999618530273,21.650999069213867,753.5,669.75,17.545000076293945,1683.25,1087.5
2022-06-01,2524.0,115.26000213623047,136.05999755859375,1843.300048828125,4.329999923706055,239.4499969482422,8.696000099182129,19.440000534057617,21.884000778198242,731.25,646.5,17.135000228881836,1690.25,1041.25
2022-06-02,2485.0,116.87000274658203,139.11000061035156,1866.5,4.553999900817871,238.25,8.484999656677246,19.350000381469727,22.253999710083008,730.25,653.5,16.975000381469727,1729.25,1058.25
2022-06-03,2469.0,118.87000274658203,138.17999267578125,1845.4000244140625,4.477499961853027,232.39999389648438,8.52299976348877,19.290000915527344,21.889999389648438,727.0,690.5,16.795000076293945,1697.75,1040.0
2022-06-06,2488.0,118.5,137.74000549316406,1839.199951171875,4.439499855041504,237.5500030517578,9.321999549865723,19.559999465942383,22.073999404907227,742.5,680.25,17.229999542236328,1699.25,1093.0
2022-06-07,2475.0,119.41000366210938,136.9499969482422,1847.5,4.439499855041504,232.14999389648438,9.293000221252441,18.969999313354492,22.159000396728516,757.0,668.0,16.940000534057617,1728.25,1071.75
2022-06-08,2458.0,122.11000061035156,140.6199951171875,1851.9000244140625,4.458499908447266,231.85000610351562,8.699000358581543,18.979999542236328,22.073999404907227,764.5,661.5,16.920000076293945,1740.0,1074.75
2022-06-09,2428.0,121.51000213623047,146.50999450683594,1848.800048828125,4.388999938964844,234.64999389648438,8.963000297546387,19.290000915527344,21.797000885009766,773.0,667.5,16.635000228881836,1769.0,1071.25
2022-06-10,2385.0,120.66999816894531,145.05999755859375,1871.5,4.301000118255615,228.89999389648438,8.850000381469727,18.8700008392334,21.913000106811523,773.25,651.25,16.25,1745.5,1070.75
2022-06-13,2334.0,120.93000030517578,145.66000366210938,1828.0,4.2164998054504395,223.35000610351562,8.609000205993652,18.709999084472656,21.236000061035156,769.25,659.75,16.3799991607666,1707.5,1071.0
2022-06-14,2326.0,118.93000030517578,143.47999572753906,1809.5,4.161499977111816,226.9499969482422,7.189000129699707,18.700000762939453,20.93600082397461,768.25,666.75,16.55500030517578,1698.5,1050.25
2022-06-15,2332.0,115.30999755859375,143.17999267578125,1815.300048828125,4.167500019073486,228.5,7.420000076293945,18.459999084472656,21.402000427246094,774.0,661.25,16.454999923706055,1693.75,1050.0
2022-06-16,2329.0,117.58999633789062,143.52999877929688,1845.699951171875,4.111999988555908,231.9499969482422,7.464000225067139,18.579999923706055,21.867000579833984,788.25,658.25,16.354999542236328,1709.5,1078.25
2022-06-17,2387.0,109.55999755859375,143.4499969482422,1835.5999755859375,4.017499923706055,227.64999389648438,6.943999767303467,18.600000381469727,21.572999954223633,784.5,664.5,16.219999313354492,1702.0,1034.25
2022-06-21,2416.0,110.6500015258789,143.50999450683594,1834.5999755859375,4.043000221252441,233.10000610351562,6.808000087738037,18.65999984741211,21.753999710083008,760.75,636.5,16.125,1681.0,975.25
2022-06-22,2399.0,106.19000244140625,143.32000732421875,1834.300048828125,3.9514999389648438,238.60000610351562,6.857999801635742,18.450000762939453,21.406999588012695,768.0,621.75,16.315000534057617,1652.75,976.5
2022-06-23,2379.0,104.2699966430664,136.32000732421875,1825.699951171875,3.758500099182129,232.4499969482422,6.238999843597412,18.3799991607666,21.031999588012695,746.75,598.25,16.114999771118164,1593.25,937.25
2022-06-24,2381.0,107.62000274658203,103.76000213623047,1826.5,3.759999990463257,226.60000610351562,6.21999979019165,18.3700008392334,21.115999221801758,750.25,597.0,16.05500030517578,1610.75,923.75
2022-06-27,2361.0,109.56999969482422,100.3499984741211,1820.9000244140625,3.7790000438690186,226.0,6.500999927520752,18.299999237060547,21.159000396728516,744.25,619.0,16.079999923706055,1630.5,904.0
2022-06-28,2353.0,111.76000213623047,100.12000274658203,1817.5,3.7839999198913574,221.89999389648438,6.551000118255615,18.530000686645508,20.797000885009766,759.5,629.75,16.209999084472656,1663.75,921.25
2022-06-29,2317.0,109.77999877929688,104.27999877929688,1813.699951171875,3.7790000438690186,232.64999389648438,6.498000144958496,18.549999237060547,20.667999267578125,770.25,664.0,16.450000762939453,1674.25,915.5
2022-06-30,2291.0,105.76000213623047,103.94000244140625,1804.0999755859375,3.7144999504089355,233.60000610351562,5.423999786376953,18.829999923706055,20.281999588012695,743.75,661.25,16.424999237060547,1675.0,868.75
2022-07-01,2265.0,108.43000030517578,103.68000030517578,1798.9000244140625,3.61899995803833,228.4499969482422,5.730000019073486,18.06999969482422,19.597000122070312,754.5,650.25,16.1200008392334,1626.0,831.25
2022-07-05,2266.0,99.5,99.68000030517578,1761.800048828125,3.424999952316284,224.64999389648438,5.5229997634887695,17.799999237060547,19.052000045776367,736.0,654.0,15.829999923706055,1575.25,793.75
2022-07-06,2307.0,98.52999877929688,94.69000244140625,1734.9000244140625,3.4179999828338623,222.5,5.510000228881836,17.989999771118164,19.084999084472656,744.25,666.5,15.925000190734863,1580.25,792.25
2022-07-07,2305.0,102.7300033569336,98.12000274658203,1737.9000244140625,3.5820000171661377,222.1999969482422,6.296999931335449,18.520000457763672,19.121999740600586,747.0,660.5,16.135000228881836,1591.25,824.5
2022-07-08,2269.0,104.79000091552734,102.61000061035156,1740.5999755859375,3.5320000648498535,222.89999389648438,6.033999919891357,19.020000457763672,19.16699981689453,778.25,686.75,16.200000762939453,1630.25,879.25
2022-07-11,2324.0,104.08999633789062,102.44000244140625,1730.0,3.4375,216.89999389648438,6.426000118255615,18.860000610351562,19.066999435424805,781.25,686.25,16.30500030517578,1641.0,843.75
2022-07-12,2305.0,95.83999633789062,98.44000244140625,1723.300048828125,3.2964999675750732,209.25,6.163000106811523,18.690000534057617,18.89900016784668,732.75,654.0,16.204999923706055,1592.75,801.5
2022-07-13,2254.0,96.30000305175781,95.41000366210938,1734.199951171875,3.325500011444092,211.25,6.689000129699707,19.139999389648438,19.13800048828125,740.0,654.25,16.21500015258789,1588.25,798.25
2022-07-14,2198.0,95.77999877929688,91.41000366210938,1704.5,3.2105000019073486,199.1999969482422,6.599999904632568,18.969999313354492,18.16900062561035,695.0,654.25,16.139999389648438,1610.0,794.25
2022-07-15,2321.0,97.58999633789062,96.41000366210938,1702.4000244140625,3.234499931335449,203.6999969482422,7.015999794006348,19.25,18.54800033569336,604.25,464.75,16.524999618530273,1466.0,776.75
2022-07-18,2329.0,102.5999984741211,100.41999816894531,1709.199951171875,3.3480000495910645,219.10000610351562,7.479000091552734,19.40999984741211,18.791000366210938,612.25,480.0,17.06999969482422,1497.25,812.75
2022-07-19,2347.0,104.22000122070312,100.19999694824219,1710.0,3.2915000915527344,220.39999389648438,7.263999938964844,18.84000015258789,18.670000076293945,596.75,479.25,17.15999984741211,1477.25,812.25
2022-07-20,2368.0,102.26000213623047,100.37999725341797,1699.5,3.3294999599456787,218.14999389648438,8.006999969482422,18.670000076293945,18.638999938964844,592.25,477.5,16.94499969482422,1449.0,819.5
2022-07-21,2304.0,96.3499984741211,99.5999984741211,1712.699951171875,3.302000045776367,215.85000610351562,7.932000160217285,18.350000381469727,18.687000274658203,575.75,473.5,16.985000610351562,1418.5,806.25
2022-07-22,2297.0,94.69999694824219,99.43000030517578,1727.0999755859375,3.3485000133514404,206.6999969482422,8.298999786376953,17.889999389648438,18.584999084472656,564.25,452.5,16.864999771118164,1434.5,759.0
2022-07-25,2376.0,96.69999694824219,97.5199966430664,1719.0,3.3510000705718994,210.0500030517578,8.72700023651123,17.469999313354492,18.29400062561035,580.0,442.5,16.93000030517578,1473.0,770.0
2022-07-26,2400.0,94.9800033569336,99.69000244140625,1717.699951171875,3.382499933242798,213.1999969482422,8.993000030517578,17.469999313354492,18.48699951171875,597.0,451.5,17.094999313354492,1532.75,803.75
2022-07-27,2355.0,97.26000213623047,99.83000183105469,1719.0999755859375,3.429500102996826,219.10000610351562,8.687000274658203,17.399999618530273,18.55299949645996,600.25,440.5,17.084999084472656,1578.75,790.25
2022-07-28,2317.0,96.41999816894531,102.37000274658203,1750.300048828125,3.4749999046325684,218.39999389648438,8.133999824523926,17.719999313354492,19.82699966430664,615.0,448.0,17.020000457763672,1609.25,817.0
2022-07-29,2323.0,98.62000274658203,103.12999725341797,1762.9000244140625,3.5840001106262207,217.1999969482422,8.229000091552734,17.540000915527344,20.1560001373291,616.25,448.0,16.885000228881836,1637.0,807.75
2022-08-01,2339.0,93.88999938964844,100.29000091552734,1769.0,3.552000045776367,213.1999969482422,8.282999992370605,17.600000381469727,20.32200050354004,607.0,440.5,16.65999984741211,1594.25,800.25
2022-08-02,2340.0,94.41999816894531,100.87000274658203,1771.0999755859375,3.5244998931884766,209.89999389648438,7.705999851226807,17.690000534057617,20.104999542236328,591.25,421.0,16.774999618530273,1569.25,774.75
2022-08-03,2281.0,90.66000366210938,100.36000061035156,1758.0,3.4695000648498535,214.64999389648438,8.265999794006348,17.770000457763672,19.864999771118164,591.5,410.5,17.059999465942383,1558.0,763.75
2022-08-04,2349.0,88.54000091552734,100.12000274658203,1788.5,3.4830000400543213,219.3000030517578,8.121999740600586,17.549999237060547,20.099000930786133,602.25,416.0,17.325000762939453,1615.0,782.5
2022-08-05,2305.0,89.01000213623047,101.68000030517578,1772.9000244140625,3.552999973297119,209.4499969482422,8.064000129699707,17.940000534057617,19.819000244140625,610.25,422.5,17.34000015258789,1614.75,775.75
2022-08-08,2340.0,90.76000213623047,101.58000183105469,1786.800048828125,3.5875000953674316,211.85000610351562,7.589000225067139,17.959999084472656,20.591999053955078,608.5,461.0,17.19499969482422,1619.5,779.75
2022-08-09,2363.0,90.5,104.54000091552734,1794.0,3.5924999713897705,212.75,7.833000183105469,17.979999542236328,20.45800018310547,615.5,440.0,17.0,1693.25,781.5
2022-08-10,2398.0,91.93000030517578,106.75,1795.5999755859375,3.6554999351501465,220.4499969482422,8.20199966430664,18.280000686645508,20.718000411987305,621.25,428.25,16.94499969482422,1688.75,799.75
2022-08-11,2409.0,94.33999633789062,110.44000244140625,1789.699951171875,3.7105000019073486,223.9499969482422,8.87399959564209,18.489999771118164,20.326000213623047,629.25,454.75,17.079999923706055,1709.5,810.75
2022-08-12,2352.0,92.08999633789062,114.44000244140625,1798.5999755859375,3.6760001182556152,226.60000610351562,8.767999649047852,18.600000381469727,20.677000045776367,639.75,458.25,17.155000686645508,1669.25,806.0
2022-08-15,2360.0,89.41000366210938,119.44000244140625,1781.4000244140625,3.628999948501587,225.5,8.727999687194824,18.540000915527344,20.250999450683594,626.75,460.25,17.075000762939453,1494.0,800.75
2022-08-16,2333.0,86.52999877929688,122.25,1773.199951171875,3.6364998817443848,219.35000610351562,9.329000473022461,18.270000457763672,20.065000534057617,611.0,441.75,16.899999618530273,1454.25,786.0
2022-08-17,2400.0,88.11000061035156,118.31999969482422,1760.300048828125,3.5980000495910645,217.4499969482422,9.244000434875488,18.239999771118164,19.711000442504883,615.0,431.75,16.665000915527344,1475.25,763.25
2022-08-18,2402.0,90.5,117.12000274658203,1755.300048828125,3.6465001106262207,214.6999969482422,9.187999725341797,17.770000457763672,19.447999954223633,619.75,412.75,16.55500030517578,1495.5,731.5
2022-08-19,2362.0,90.7699966430664,119.75,1747.5999755859375,3.683500051498413,215.9499969482422,9.336000442504883,18.09000015258789,19.058000564575195,626.0,418.75,17.084999084472656,1488.75,753.25
2022-08-22,2348.0,90.2300033569336,117.88999938964844,1734.0,3.6705000400543213,224.3000030517578,9.680000305175781,17.940000534057617,18.87299919128418,633.5,412.75,17.125,1527.0,770.5
2022-08-23,2300.0,93.73999786376953,116.26000213623047,1746.800048828125,3.7044999599456787,230.64999389648438,9.192999839782715,17.889999389648438,19.011999130249023,660.0,412.75,17.290000915527344,1566.75,782.75
2022-08-24,2402.0,94.88999938964844,117.56999969482422,1747.800048828125,3.6605000495910645,242.9499969482422,9.329999923706055,18.040000915527344,18.895000457763672,665.75,424.0,17.2450008392334,1560.75,795.0
2022-08-25,2418.0,92.5199966430664,117.18000030517578,1757.699951171875,3.7105000019073486,243.39999389648438,9.375,17.899999618530273,19.111000061035156,657.5,415.0,17.15999984741211,1552.5,769.75
2022-08-26,2414.0,93.05999755859375,122.12000274658203,1736.0999755859375,3.7114999294281006,242.0,9.295999526977539,18.469999313354492,18.739999771118164,668.75,417.75,17.315000534057617,1605.25,784.75
2022-08-29,2429.0,97.01000213623047,122.0199966430664,1736.5999755859375,3.626499891281128,240.5,9.352999687194824,18.440000534057617,18.55500030517578,683.75,416.25,17.280000686645508,1534.75,820.0
2022-08-30,2422.0,91.63999938964844,117.47000122070312,1723.199951171875,3.5450000762939453,239.14999389648438,9.041999816894531,18.100000381469727,18.159000396728516,679.75,402.5,17.43000030517578,1513.0,798.25
2022-08-31,2427.0,89.55000305175781,118.29000091552734,1712.800048828125,3.5185000896453857,239.10000610351562,9.126999855041504,17.889999389648438,17.761999130249023,673.75,404.75,17.5049991607666,1507.5,809.0
2022-09-01,2382.0,86.61000061035156,113.29000091552734,1696.5999755859375,3.4144999980926514,236.35000610351562,9.26200008392334,17.989999771118164,17.551000595092773,658.25,386.0,17.385000228881836,1472.75,775.5
2022-09-02,2430.0,86.87000274658203,108.38999938964844,1709.800048828125,3.4214999675750732,232.64999389648438,8.78600025177002,18.149999618530273,17.775999069213867,669.0,394.25,17.3799991607666,1510.5,793.0
2022-09-06,2383.0,86.87999725341797,108.29000091552734,1700.4000244140625,3.4690001010894775,233.89999389648438,8.145000457763672,17.979999542236328,17.795000076293945,680.75,398.25,16.850000381469727,1490.0,800.0
2022-09-07,2308.0,81.94000244140625,106.0999984741211,1715.300048828125,3.437999963760376,226.89999389648438,7.8420000076293945,18.049999237060547,18.136999130249023,676.75,391.0,16.780000686645508,1466.75,826.5
2022-09-08,2286.0,83.54000091552734,108.31999969482422,1708.0,3.5360000133514404,225.85000610351562,7.914999961853027,17.93000030517578,18.329999923706055,674.5,390.75,16.969999313354492,1470.5,810.5
2022-09-09,2360.0,86.79000091552734,109.5199966430664,1716.199951171875,3.5810000896453857,231.5,7.995999813079834,18.219999313354492,18.658000946044922,698.5,407.75,17.31999969482422,1489.25,853.25
2022-09-12,2386.0,87.77999877929688,110.20999908447266,1728.0999755859375,3.625499963760376,227.75,8.24899959564209,18.350000381469727,19.7549991607666,712.25,424.5,17.43000030517578,1549.75,841.25
2022-09-13,2350.0,87.30999755859375,106.31999969482422,1705.0,3.5810000896453857,223.9499969482422,8.284000396728516,18.3799991607666,19.389999389648438,709.0,416.5,17.520000457763672,1534.25,842.75
2022-09-14,2347.0,88.4800033569336,107.08999633789062,1696.5,3.5455000400543213,217.60000610351562,9.11400032043457,18.270000457763672,19.47100067138672,709.0,416.25,17.549999237060547,1503.75,853.75
2022-09-15,2412.0,85.0999984741211,105.23999786376953,1665.4000244140625,3.5234999656677246,219.14999389648438,8.324000358581543,18.18000030517578,19.174999237060547,677.5,394.25,17.81999969482422,1451.5,845.0
2022-09-16,2360.0,85.11000061035156,101.23999786376953,1671.699951171875,3.561000108718872,218.0500030517578,7.763999938964844,17.8799991607666,19.29599952697754,677.25,396.0,17.825000762939453,1448.5,859.75
2022-09-19,2369.0,85.7300033569336,97.54000091552734,1666.199951171875,3.557499885559082,224.0500030517578,7.751999855041504,17.690000534057617,19.273000717163086,678.25,402.25,17.635000228881836,1461.25,830.5
2022-09-20,2355.0,84.44999694824219,93.54000091552734,1659.699951171875,3.5480000972747803,228.10000610351562,7.7170000076293945,18.190000534057617,19.101999282836914,692.0,413.25,17.725000381469727,1478.75,893.75
2022-09-21,2352.0,82.94000244140625,97.25,1664.5999755859375,3.51200008392334,221.3000030517578,7.7789998054504395,18.219999313354492,19.410999298095703,685.5,417.75,17.625,1461.25,903.75
2022-09-22,2321.0,83.48999786376953,96.83000183105469,1670.800048828125,3.498500108718872,223.5500030517578,7.089000225067139,18.489999771118164,19.54800033569336,688.25,417.0,17.385000228881836,1457.0,910.75
2022-09-23,2247.0,78.73999786376953,94.48999786376953,1645.300048828125,3.371500015258789,220.4499969482422,6.828000068664551,18.280000686645508,18.840999603271484,676.75,395.0,17.3799991607666,1425.75,880.5
2022-09-26,2243.0,76.70999908447266,90.31999969482422,1623.300048828125,3.313499927520752,223.8000030517578,6.9029998779296875,18.350000381469727,18.4060001373291,666.25,378.5,17.350000381469727,1411.25,858.0
2022-09-27,2286.0,78.5,90.04000091552734,1626.699951171875,3.322999954223633,224.35000610351562,6.651000022888184,18.190000534057617,18.256999969482422,667.5,370.0,17.315000534057617,1408.0,871.5
2022-09-28,2282.0,82.1500015258789,90.44000244140625,1660.4000244140625,3.381999969482422,228.6999969482422,6.868000030517578,18.290000915527344,18.79599952697754,670.5,378.0,17.360000610351562,1408.75,903.25
2022-09-29,2327.0,81.2300033569336,87.11000061035156,1658.5,3.440000057220459,225.6999969482422,6.874000072479248,18.440000534057617,18.611000061035156,669.5,382.75,17.350000381469727,1410.75,896.25
2022-09-30,2354.0,79.48999786376953,93.22000122070312,1662.4000244140625,3.441999912261963,221.5500030517578,6.765999794006348,18.420000076293945,18.959999084472656,677.5,390.0,17.170000076293945,1364.75,921.5
2022-10-03,2337.0,83.62999725341797,92.13999938964844,1692.9000244140625,3.4579999446868896,215.75,6.46999979019165,17.420000076293945,20.518999099731445,680.75,400.5,16.934999465942383,1374.0,912.0
2022-10-04,2360.0,86.5199966430664,96.13999938964844,1721.0999755859375,3.5179998874664307,219.3000030517578,6.836999893188477,17.90999984741211,21.03700065612793,683.0,403.5,16.96500015258789,1383.5,903.0
2022-10-05,2392.0,87.76000213623047,91.2300033569336,1711.4000244140625,3.5325000286102295,224.64999389648438,6.929999828338623,17.950000762939453,20.479000091552734,684.0,402.5,16.969999313354492,1369.75,902.0
2022-10-06,2373.0,88.44999694824219,90.9000015258789,1711.699951171875,3.4749999046325684,217.6999969482422,6.9720001220703125,18.459999084472656,20.594999313354492,675.5,397.0,16.889999389648438,1358.0,879.0
2022-10-07,2396.0,92.63999938964844,92.2300033569336,1700.5,3.4124999046325684,218.10000610351562,6.748000144958496,18.68000030517578,20.191999435424805,683.25,379.0,16.825000762939453,1367.0,880.25
2022-10-10,2358.0,91.12999725341797,88.2300033569336,1667.300048828125,3.4535000324249268,217.4499969482422,6.434999942779541,18.610000610351562,19.555999755859375,698.25,384.75,16.71500015258789,1374.0,938.0
2022-10-11,2347.0,89.3499984741211,88.86000061035156,1678.699951171875,3.4779999256134033,217.85000610351562,6.5960001945495605,18.739999771118164,19.427000045776367,693.0,392.25,16.719999313354492,1376.25,901.0
2022-10-12,2318.0,87.2699966430664,84.91999816894531,1670.300048828125,3.444499969482422,209.75,6.434999942779541,18.68000030517578,18.878000259399414,693.0,402.5,16.809999465942383,1396.0,882.25
2022-10-13,2385.0,89.11000061035156,84.79000091552734,1670.0,3.4674999713897705,202.14999389648438,6.741000175476074,18.809999465942383,18.857999801635742,697.75,407.5,16.760000228881836,1395.75,892.25
2022-10-14,2377.0,85.61000061035156,83.1500015258789,1641.699951171875,3.450500011444092,196.6999969482422,6.453000068664551,18.84000015258789,18.014999389648438,689.75,397.75,16.735000610351562,1383.75,859.75
2022-10-17,2340.0,85.45999908447266,83.08999633789062,1657.0,3.4554998874664307,195.5500030517578,5.999000072479248,18.770000457763672,18.673999786376953,683.5,389.0,16.670000076293945,1385.25,861.0
2022-10-18,2305.0,82.81999969482422,82.29000091552734,1649.0,3.4065001010894775,195.10000610351562,5.744999885559082,18.670000076293945,18.570999145507812,681.0,387.25,16.540000915527344,1372.0,849.5
2022-10-19,2308.0,85.55000305175781,78.29000091552734,1627.5,3.3605000972747803,192.3000030517578,5.461999893188477,18.649999618530273,18.336000442504883,678.25,374.75,16.485000610351562,1372.5,841.25
2022-10-20,2328.0,85.9800033569336,77.4000015258789,1630.800048828125,3.4509999752044678,191.0500030517578,5.357999801635742,18.389999389648438,18.666000366210938,684.0,375.5,16.450000762939453,1391.5,849.25
2022-10-21,2306.0,85.05000305175781,79.12999725341797,1651.0,3.5230000019073486,190.89999389648438,4.959000110626221,18.3799991607666,19.042999267578125,684.25,376.25,16.360000610351562,1395.5,850.75
2022-10-24,2337.0,84.58000183105469,76.12999725341797,1648.699951171875,3.4795000553131104,190.39999389648438,5.198999881744385,18.1299991607666,19.173999786376953,681.5,362.25,16.235000610351562,1372.0,838.75
2022-10-25,2296.0,85.31999969482422,78.47000122070312,1652.800048828125,3.450500011444092,185.8000030517578,5.61299991607666,18.110000610351562,19.339000701904297,686.25,357.5,16.184999465942383,1382.0,834.75
2022-10-26,2278.0,87.91000366210938,77.81999969482422,1664.0,3.629499912261963,179.75,5.605999946594238,17.860000610351562,19.479999542236328,685.0,356.5,16.030000686645508,1381.75,840.5
2022-10-27,2314.0,89.08000183105469,75.11000061035156,1660.699951171875,3.625499963760376,178.85000610351562,5.185999870300293,17.709999084472656,19.47800064086914,682.25,358.5,16.010000228881836,1382.25,838.5
2022-10-28,2302.0,87.9000015258789,72.11000061035156,1639.5999755859375,3.4660000801086426,169.8000030517578,5.684000015258789,17.579999923706055,19.14699935913086,680.75,366.5,16.125,1387.75,829.25
2022-10-31,2335.0,86.52999877929688,72.0,1635.9000244140625,3.4135000705718994,177.6999969482422,6.355000019073486,17.969999313354492,19.125,691.5,389.0,16.559999465942383,1407.0,882.25
2022-11-01,2348.0,88.37000274658203,75.0,1645.0,3.509500026702881,174.60000610351562,5.714000225067139,18.43000030517578,19.67300033569336,697.75,399.5,17.225000381469727,1435.75,902.5
2022-11-02,2379.0,90.0,79.0,1645.699951171875,3.505500078201294,182.14999389648438,6.26800012588501,18.469999313354492,19.600000381469727,687.5,391.0,17.184999465942383,1440.0,846.0
2022-11-03,2372.0,88.16999816894531,83.0,1627.300048828125,3.4565000534057617,172.1999969482422,5.974999904632568,18.469999313354492,19.43600082397461,679.25,384.5,17.184999465942383,1426.75,840.5
2022-11-04,2434.0,92.61000061035156,86.93000030517578,1672.5,3.7144999504089355,175.75,6.400000095367432,18.709999084472656,20.790000915527344,681.0,390.75,17.309999465942383,1451.5,847.75
2022-11-07,2506.0,91.79000091552734,87.48999786376953,1676.5,3.629499912261963,170.5500030517578,6.943999767303467,18.68000030517578,20.898000717163086,675.75,385.25,17.420000076293945,1440.0,845.75
2022-11-08,2537.0,88.91000366210938,87.68000030517578,1712.0999755859375,3.7054998874664307,166.4499969482422,6.138000011444092,19.0,21.476999282836914,667.5,380.75,17.575000762939453,1444.0,827.75
2022-11-09,2532.0,85.83000183105469,86.5,1710.0999755859375,3.741499900817871,165.14999389648438,5.864999771118164,19.3799991607666,21.29800033569336,664.5,380.5,17.649999618530273,1459.75,806.5
2022-11-10,2558.0,86.47000122070312,86.37999725341797,1750.300048828125,3.7960000038146973,171.0,6.238999843597412,19.40999984741211,21.677000045776367,653.25,378.25,17.674999237060547,1430.5,803.5
2022-11-11,2520.0,88.95999908447266,88.19999694824219,1766.0,3.9509999752044678,170.10000610351562,5.879000186920166,19.639999389648438,21.645999908447266,658.0,387.0,17.6200008392334,1455.5,813.75
2022-11-14,2497.0,85.87000274658203,85.27999877929688,1773.5999755859375,3.8550000190734863,166.1999969482422,5.933000087738037,19.829999923706055,22.091999053955078,657.25,394.25,17.6299991607666,1441.75,818.5
2022-11-15,2500.0,86.91999816894531,88.73999786376953,1773.800048828125,3.8394999504089355,156.75,6.033999919891357,20.290000915527344,21.499000549316406,666.75,398.0,17.780000686645508,1457.25,828.25
2022-11-16,2503.0,85.58999633789062,88.44000244140625,1773.0,3.7880001068115234,155.4499969482422,6.199999809265137,20.270000457763672,21.503999710083008,665.25,395.5,17.739999771118164,1429.25,817.5
2022-11-17,2428.0,81.63999938964844,87.04000091552734,1760.800048828125,3.689500093460083,152.6999969482422,6.36899995803833,19.729999542236328,20.954999923706055,667.5,394.5,17.729999542236328,1417.0,806.75
2022-11-18,2412.0,80.08000183105469,85.16000366210938,1751.9000244140625,3.631999969482422,151.3000030517578,6.302999973297119,20.049999237060547,20.97599983215332,667.75,396.25,17.795000076293945,1428.25,803.25
2022-11-21,2387.0,79.7300033569336,81.16000366210938,1737.4000244140625,3.571500062942505,157.5,6.776000022888184,19.860000610351562,20.849000930786133,659.5,398.75,17.809999465942383,1436.75,799.25
2022-11-22,2381.0,80.94999694824219,83.22000122070312,1738.300048828125,3.614500045776367,161.8000030517578,6.7789998054504395,19.739999771118164,21.034000396728516,656.75,399.75,17.94499969482422,1429.75,791.5
2022-11-23,2397.0,77.94000244140625,83.94000244140625,1744.9000244140625,3.617500066757202,160.10000610351562,7.308000087738037,19.549999237060547,21.35700035095215,663.25,394.75,18.010000228881836,1436.0,793.5
2022-11-25,2437.0,76.27999877929688,81.33999633789062,1753.300048828125,3.626499891281128,163.5500030517578,7.02400016784668,19.329999923706055,21.424999237060547,668.0,390.25,18.1200008392334,1436.25,775.5
2022-11-28,2438.0,77.23999786376953,80.19999694824219,1740.0999755859375,3.6105000972747803,160.64999389648438,6.711999893188477,19.3799991607666,20.90999984741211,668.75,387.5,17.93000030517578,1457.25,756.75
2022-11-29,2433.0,78.19999694824219,81.5999984741211,1748.4000244140625,3.630000114440918,166.6999969482422,7.235000133514404,19.530000686645508,21.20400047302246,665.75,392.0,17.895000457763672,1459.5,757.75
2022-11-30,2451.0,80.55000305175781,86.05000305175781,1746.0,3.7295000553131104,167.6999969482422,6.929999828338623,19.6299991607666,21.549999237060547,662.0,393.5,17.809999465942383,1469.5,771.5
2022-12-01,2472.0,81.22000122070312,85.93000030517578,1801.0999755859375,3.813999891281128,163.35000610351562,6.73799991607666,19.6200008392334,22.636999130249023,650.0,378.75,17.795000076293945,1429.75,758.75
2022-12-02,2489.0,79.9800033569336,84.27999877929688,1795.9000244140625,3.8480000495910645,160.14999389648438,6.281000137329102,19.479999542236328,23.038000106811523,635.0,361.25,17.635000228881836,1438.5,737.25
2022-12-05,2432.0,76.93000030517578,84.94000244140625,1767.4000244140625,3.7894999980926514,160.14999389648438,5.577000141143799,19.549999237060547,22.198999404907227,628.75,339.25,17.03499984741211,1437.75,715.5
2022-12-06,2437.0,74.25,85.38999938964844,1769.300048828125,3.811500072479248,161.0500030517578,5.468999862670898,19.389999389648438,22.12299919128418,625.5,340.5,16.844999313354492,1455.0,705.5
2022-12-07,2442.0,72.01000213623047,82.61000061035156,1785.5,3.8554999828338623,157.6999969482422,5.7230000495910645,19.479999542236328,22.709999084472656,627.75,336.25,16.709999084472656,1472.0,727.0
2022-12-08,2492.0,71.45999908447266,80.8499984741211,1788.699951171875,3.880500078201294,156.89999389648438,5.961999893188477,19.68000030517578,23.062999725341797,632.0,333.5,16.7549991607666,1486.25,724.25
2022-12-09,2454.0,71.0199966430664,80.94999694824219,1798.0999755859375,3.875999927520752,157.75,6.244999885559082,19.600000381469727,23.53499984741211,634.75,354.5,16.71500015258789,1483.75,712.75
2022-12-12,2452.0,73.16999816894531,79.38999938964844,1780.5,3.7985000610351562,166.35000610351562,6.586999893188477,19.3799991607666,23.219999313354492,641.25,361.25,16.704999923706055,1460.5,733.0
2022-12-13,2491.0,75.38999938964844,81.62999725341797,1813.9000244140625,3.8394999504089355,167.14999389648438,6.934999942779541,19.760000228881836,23.801000595092773,643.75,361.25,16.764999389648438,1479.75,728.75
2022-12-14,2474.0,77.27999877929688,81.37000274658203,1807.5,3.875,168.3000030517578,6.429999828338623,20.290000915527344,23.945999145507812,639.0,410.0,16.7549991607666,1482.25,728.25
2022-12-15,2517.0,76.11000061035156,81.02999877929688,1777.199951171875,3.763000011444092,171.5,6.96999979019165,19.979999542236328,23.128000259399414,653.5,341.0,16.635000228881836,1473.5,757.25
2022-12-16,2475.0,74.29000091552734,81.91999816894531,1790.0,3.7614998817443848,164.14999389648438,6.599999904632568,20.09000015258789,23.150999069213867,653.0,338.5,16.684999465942383,1480.0,753.5
2022-12-19,2499.0,75.19000244140625,84.08000183105469,1787.699951171875,3.7829999923706055,164.0500030517578,5.85099983215332,20.139999389648438,23.02899932861328,647.25,333.25,17.1200008392334,1460.75,748.5
2022-12-20,2498.0,76.08999633789062,87.83999633789062,1815.9000244140625,3.797499895095825,167.8000030517578,5.326000213623047,20.579999923706055,24.0939998626709,652.0,336.5,17.780000686645508,1478.5,750.5
2022-12-21,2529.0,78.29000091552734,88.30000305175781,1815.9000244140625,3.805999994277954,169.35000610351562,5.331999778747559,20.75,24.03499984741211,662.25,346.25,17.84000015258789,1481.0,767.75
2022-12-22,2606.0,77.48999786376953,84.30000305175781,1787.0,3.751499891281128,168.89999389648438,4.999000072479248,20.889999389648438,23.47599983215332,660.5,354.5,17.954999923706055,1467.75,762.25
2022-12-23,2628.0,79.55999755859375,85.20999908447266,1795.9000244140625,3.802999973297119,172.0,5.078999996185303,20.979999542236328,23.763999938964844,666.25,363.5,18.014999389648438,1479.0,776.0
2022-12-27,2633.0,79.52999877929688,84.23999786376953,1814.800048828125,3.8334999084472656,166.9499969482422,5.2820000648498535,20.31999969482422,24.040000915527344,674.75,370.5,17.934999465942383,1482.25,774.5
2022-12-28,2621.0,78.95999908447266,83.26000213623047,1807.9000244140625,3.8320000171661377,173.5500030517578,4.709000110626221,20.15999984741211,23.663000106811523,682.75,376.5,17.729999542236328,1506.5,785.5
2022-12-29,2578.0,78.4000015258789,82.63999938964844,1819.5,3.821000099182129,170.0500030517578,4.559000015258789,20.290000915527344,24.077999114990234,679.5,370.0,17.895000457763672,1508.75,774.0
2022-12-30,2600.0,80.26000213623047,83.37000274658203,1819.699951171875,3.805500030517578,167.3000030517578,4.474999904632568,20.040000915527344,23.86199951171875,678.5,367.25,18.049999237060547,1519.25,792.0
2023-01-03,2572.0,76.93000030517578,83.13999938964844,1839.699951171875,3.7660000324249268,166.3000030517578,3.98799991607666,19.700000762939453,24.05900001525879,670.5,363.5,18.075000762939453,1487.25,775.5
2023-01-04,2603.0,72.83999633789062,80.44000244140625,1852.800048828125,3.739500045776367,161.3000030517578,4.171999931335449,19.540000915527344,23.79199981689453,653.75,357.75,17.5,1478.25,745.5
2023-01-05,2617.0,73.66999816894531,82.58000183105469,1834.800048828125,3.818000078201294,160.5500030517578,3.7200000286102295,19.34000015258789,23.257999420166016,652.75,345.75,17.375,1466.75,746.75
2023-01-06,2605.0,73.7699966430664,85.68000030517578,1864.199951171875,3.9084999561309814,158.3000030517578,3.7100000381469727,18.959999084472656,23.82200050354004,654.0,344.25,17.4950008392334,1501.5,743.5
2023-01-09,2690.0,74.62999725341797,86.22000122070312,1872.699951171875,4.018499851226807,158.0500030517578,3.9100000858306885,19.170000076293945,23.711999893188477,652.75,339.0,17.639999389648438,1503.5,741.5
2023-01-10,2604.0,75.12000274658203,84.76000213623047,1871.5999755859375,4.066999912261963,150.89999389648438,3.6389999389648438,19.639999389648438,23.506999969482422,655.0,341.0,17.709999084472656,1510.0,731.0
2023-01-11,2633.0,77.41000366210938,84.26000213623047,1874.5999755859375,4.1545000076293945,143.89999389648438,3.6710000038146973,19.649999618530273,23.32699966430664,656.0,349.25,17.469999313354492,1515.0,740.0
2023-01-12,2640.0,78.38999938964844,82.04000091552734,1895.5,4.185999870300293,149.39999389648438,3.694999933242798,19.59000015258789,23.863000869750977,671.0,361.25,17.780000686645508,1529.5,742.75
2023-01-13,2651.0,79.86000061035156,82.29000091552734,1918.4000244140625,4.207499980926514,151.6999969482422,3.4189999103546143,19.729999542236328,24.231000900268555,675.0,364.0,17.8700008392334,1538.25,743.75
2023-01-17,2641.0,80.18000030517578,82.81999969482422,1907.199951171875,4.215000152587891,151.10000610351562,3.5859999656677246,20.139999389648438,23.944000244140625,685.25,371.5,17.934999465942383,1539.75,751.75
2023-01-18,2620.0,79.4800033569336,84.80999755859375,1904.4000244140625,4.228499889373779,155.0,3.311000108718872,19.81999969482422,23.530000686645508,681.25,370.5,17.969999313354492,1524.5,742.5
2023-01-19,2570.0,80.33000183105469,83.38999938964844,1922.0999755859375,4.226500034332275,154.60000610351562,3.2750000953674316,19.68000030517578,23.753999710083008,677.25,368.25,17.90999984741211,1514.75,734.5
2023-01-20,2569.0,81.30999755859375,86.69999694824219,1926.4000244140625,4.248499870300293,154.8000030517578,3.1740000247955322,19.719999313354492,23.829999923706055,676.25,371.0,18.110000610351562,1506.5,741.5
2023-01-23,2608.0,81.62000274658203,87.38999938964844,1927.0999755859375,4.254000186920166,158.5500030517578,3.447000026702881,19.700000762939453,23.45199966430664,666.25,370.75,18.225000381469727,1490.25,720.0
2023-01-24,2585.0,80.12999725341797,86.23999786376953,1933.9000244140625,4.245500087738037,159.85000610351562,3.257999897003174,19.8799991607666,23.64900016784668,677.0,375.0,18.225000381469727,1488.5,734.5
2023-01-25,2592.0,80.1500015258789,86.66000366210938,1941.199951171875,4.239999771118164,162.4499969482422,3.066999912261963,20.110000610351562,23.839000701904297,674.75,378.0,18.15999984741211,1502.5,741.25
2023-01-26,2629.0,81.01000213623047,87.5,1929.0999755859375,4.267000198364258,167.14999389648438,2.944000005722046,20.68000030517578,23.93000030517578,682.5,386.25,18.309999465942383,1523.5,752.5
2023-01-27,2627.0,79.68000030517578,86.88999938964844,1928.5999755859375,4.223999977111816,169.89999389648438,3.1089999675750732,20.959999084472656,23.527000427246094,683.0,388.25,18.309999465942383,1509.5,750.0
2023-01-30,2611.0,77.9000015258789,85.0999984741211,1922.9000244140625,4.203499794006348,170.39999389648438,2.677000045776367,21.209999084472656,23.645000457763672,683.75,391.5,18.1200008392334,1535.25,752.5
2023-01-31,2581.0,78.87000274658203,86.22000122070312,1929.5,4.228499889373779,181.75,2.684000015258789,21.760000228881836,23.74799919128418,679.75,394.0,17.825000762939453,1538.0,761.25
2023-02-01,2592.0,76.41000366210938,85.61000061035156,1927.800048828125,4.111000061035156,175.89999389648438,2.4679999351501465,21.3700008392334,23.520999908447266,681.0,393.0,17.844999313354492,1520.25,759.75
2023-02-02,2583.0,75.87999725341797,86.38999938964844,1916.300048828125,4.093999862670898,177.89999389648438,2.4560000896453857,21.65999984741211,23.534000396728516,675.25,389.25,17.780000686645508,1534.25,761.0
2023-02-03,2569.0,73.38999938964844,85.43000030517578,1862.9000244140625,4.063000202178955,172.8000030517578,2.4100000858306885,21.239999771118164,22.333999633789062,677.5,383.5,17.739999771118164,1532.0,756.75
2023-02-06,2577.0,74.11000061035156,83.2699966430664,1866.199951171875,4.043499946594238,175.6999969482422,2.4570000171661377,20.65999984741211,22.177000045776367,679.0,383.75,17.545000076293945,1521.25,750.25
2023-02-07,2581.0,77.13999938964844,85.62999725341797,1871.699951171875,4.088500022888184,177.0500030517578,2.5840001106262207,20.84000015258789,22.117000579833984,674.0,384.75,17.475000381469727,1515.25,749.75
2023-02-08,2579.0,78.47000122070312,85.37000274658203,1877.4000244140625,4.043499946594238,175.60000610351562,2.3959999084472656,21.200000762939453,22.367000579833984,678.5,386.5,17.899999618530273,1519.75,764.75
2023-02-09,2578.0,78.05999755859375,85.5,1866.199951171875,4.105500221252441,173.64999389648438,2.430000066757202,21.450000762939453,22.097000122070312,670.75,381.0,18.114999771118164,1519.25,757.25
2023-02-10,2564.0,79.72000122070312,85.2699966430664,1862.800048828125,4.027500152587891,174.75,2.5139999389648438,21.579999923706055,22.034000396728516,680.5,376.75,18.084999084472656,1542.5,786.0
2023-02-13,2621.0,80.13999938964844,85.63999938964844,1851.9000244140625,4.086999893188477,177.0500030517578,2.4049999713897705,21.200000762939453,21.81800079345703,685.0,373.25,17.90999984741211,1542.75,792.0
2023-02-14,2621.0,79.05999755859375,85.4000015258789,1854.0,4.110000133514404,183.5500030517578,2.566999912261963,21.56999969482422,21.841999053955078,682.25,365.75,17.709999084472656,1537.5,786.0
2023-02-15,2692.0,78.58999633789062,82.55000305175781,1834.199951171875,4.052000045776367,176.85000610351562,2.4709999561309814,21.3799991607666,21.54599952697754,676.25,357.0,17.549999237060547,1525.75,769.25
2023-02-16,2700.0,78.48999786376953,81.25,1842.0,4.165500164031982,180.6999969482422,2.3889999389648438,21.450000762939453,21.68400001525879,676.0,363.0,17.55500030517578,1526.5,765.0
2023-02-17,2722.0,76.33999633789062,80.25,1840.4000244140625,4.113999843597412,188.6999969482422,2.2750000953674316,21.40999984741211,21.694000244140625,677.75,363.75,17.514999389648438,1527.25,765.5
2023-02-21,2732.0,76.16000366210938,80.91999816894531,1833.0,4.234499931335449,194.4499969482422,2.072999954223633,21.329999923706055,21.868999481201172,680.5,364.25,17.270000457763672,1548.75,750.5
2023-02-22,2738.0,73.94999694824219,82.25,1832.0,4.202499866485596,199.5,2.1740000247955322,21.290000915527344,21.660999298095703,674.0,364.25,17.024999618530273,1539.5,736.5
2023-02-23,2729.0,75.38999938964844,82.41000366210938,1818.0,4.072999954223633,193.64999389648438,2.313999891281128,21.579999923706055,21.298999786376953,660.25,371.25,16.809999465942383,1534.25,738.25
2023-02-24,2707.0,76.31999969482422,85.12999725341797,1808.800048828125,3.9549999237060547,191.1999969482422,2.4509999752044678,21.280000686645508,20.805999755859375,650.0,379.0,16.799999237060547,1529.0,708.25
2023-02-27,2715.0,75.68000030517578,85.0,1817.0,4.008999824523926,190.6999969482422,2.7309999465942383,22.09000015258789,20.670000076293945,642.75,378.25,16.989999771118164,1518.25,696.0
2023-02-28,2748.0,77.05000305175781,84.19000244140625,1828.9000244140625,4.097499847412109,190.39999389648438,2.746999979019165,22.079999923706055,20.961000442504883,629.5,359.75,16.969999313354492,1490.5,691.5
2023-03-01,2800.0,77.69000244140625,84.56999969482422,1837.699951171875,4.168000221252441,185.3000030517578,2.811000108718872,20.56999969482422,20.958999633789062,640.5,353.0,17.165000915527344,1504.25,697.0
2023-03-02,2760.0,78.16000366210938,82.8499984741211,1833.5,4.084000110626221,183.9499969482422,2.765000104904175,20.309999465942383,20.766000747680664,637.75,338.25,17.239999771118164,1519.75,701.25
2023-03-03,2730.0,79.68000030517578,84.37000274658203,1847.699951171875,4.078000068664551,180.8000030517578,3.009000062942505,20.920000076293945,21.093000411987305,645.25,336.5,16.9950008392334,1530.5,695.75
2023-03-06,2761.0,80.45999908447266,84.86000061035156,1847.9000244140625,4.100500106811523,182.4499969482422,2.572000026702881,20.8700008392334,20.983999252319336,644.5,321.25,16.594999313354492,1541.0,682.5
2023-03-07,2726.0,77.58000183105469,82.88999938964844,1813.9000244140625,3.9865000247955322,184.5500030517578,2.687000036239624,21.020000457763672,20.054000854492188,642.0,337.75,16.325000762939453,1525.25,684.75
2023-03-08,2699.0,76.66000366210938,82.73999786376953,1812.699951171875,4.041500091552734,179.5500030517578,2.5510001182556152,20.8799991607666,20.0049991607666,634.5,345.25,15.979999542236328,1526.75,674.5
2023-03-09,2702.0,75.72000122070312,82.30000305175781,1829.300048828125,4.054500102996826,178.0,2.5429999828338623,21.149999618530273,20.024999618530273,618.5,344.75,16.010000228881836,1520.0,653.5
2023-03-10,2674.0,76.68000030517578,78.18000030517578,1862.0,4.045499801635742,182.25,2.430000066757202,21.15999984741211,20.375,624.25,343.0,16.03499984741211,1513.0,666.75
2023-03-13,2613.0,74.80000305175781,81.18000030517578,1911.699951171875,4.069499969482422,183.1999969482422,2.6059999465942383,20.799999237060547,21.792999267578125,624.5,345.75,16.350000381469727,1500.0,672.25
2023-03-14,2628.0,71.33000183105469,81.37000274658203,1906.199951171875,4.010499954223633,180.89999389648438,2.572999954223633,20.68000030517578,21.929000854492188,627.5,340.25,16.729999542236328,1499.75,686.5
2023-03-15,2586.0,67.61000061035156,79.11000061035156,1926.5999755859375,3.8564999103546143,178.0500030517578,2.438999891281128,20.5,21.77400016784668,626.5,347.5,17.270000457763672,1489.25,702.75
2023-03-16,2658.0,68.3499984741211,79.16000366210938,1919.0,3.885499954223633,185.5,2.5139999389648438,20.760000228881836,21.58799934387207,632.75,346.5,17.290000915527344,1491.5,699.0
2023-03-17,2738.0,66.73999786376953,77.83000183105469,1969.800048828125,3.9135000705718994,183.0,2.3380000591278076,20.670000076293945,22.35099983215332,634.25,348.0,17.200000762939453,1476.5,710.5
2023-03-20,2785.0,67.63999938964844,77.22000122070312,1979.199951171875,3.9755001068115234,184.89999389648438,2.2230000495910645,20.479999542236328,22.533000946044922,633.0,355.75,17.30500030517578,1486.0,700.75
2023-03-21,2817.0,69.33000183105469,77.8499984741211,1938.0,4.018499851226807,186.6999969482422,2.3480000495910645,20.799999237060547,22.323999404907227,630.0,359.0,17.264999389648438,1467.0,683.25
2023-03-22,2874.0,70.9000015258789,78.27999877929688,1946.800048828125,4.06850004196167,178.0,2.1710000038146973,21.139999389648438,22.674999237060547,633.5,362.5,17.2549991607666,1448.5,663.5
2023-03-23,2868.0,69.95999908447266,77.58000183105469,1993.800048828125,4.145999908447266,174.3000030517578,2.1540000438690186,20.889999389648438,23.143999099731445,631.75,361.5,17.559999465942383,1419.5,662.0
2023-03-24,2884.0,69.26000213623047,76.54000091552734,1982.0999755859375,4.101500034332275,179.25,2.2160000801086426,20.81999969482422,23.246999740600586,643.0,368.5,17.8799991607666,1428.25,688.5
2023-03-27,2902.0,72.80999755859375,79.5199966430664,1952.4000244140625,4.104499816894531,176.89999389648438,2.0880000591278076,20.93000030517578,23.054000854492188,648.25,377.25,17.834999084472656,1442.25,698.0
2023-03-28,2901.0,73.19999694824219,82.5199966430664,1972.4000244140625,4.111999988555908,173.75,2.0299999713897705,21.309999465942383,23.323999404907227,647.25,379.25,17.7450008392334,1467.75,699.75
2023-03-29,2880.0,72.97000122070312,82.76000213623047,1966.0999755859375,4.114999771118164,169.6999969482422,1.9910000562667847,21.25,23.375999450683594,650.5,376.0,17.704999923706055,1477.25,704.75
2023-03-30,2917.0,74.37000274658203,83.5,1980.300048828125,4.0904998779296875,169.8000030517578,2.1040000915527344,21.959999084472656,23.902000427246094,649.5,372.75,17.600000381469727,1474.5,692.25
2023-03-31,2933.0,75.66999816894531,82.77999877929688,1969.0,4.104499816894531,170.5,2.2160000801086426,22.25,24.076000213623047,660.5,364.25,17.415000915527344,1505.5,692.25
2023-04-03,2868.0,80.41999816894531,82.37999725341797,1983.9000244140625,4.059500217437744,176.25,2.0969998836517334,22.399999618530273,23.94099998474121,657.75,348.25,17.079999923706055,1522.0,693.5
2023-04-04,2914.0,80.70999908447266,81.05000305175781,2022.199951171875,3.9835000038146973,174.85000610351562,2.1059999465942383,22.469999313354492,25.02199935913086,653.75,341.0,16.790000915527344,1517.5,691.5
2023-04-05,2903.0,80.61000061035156,81.06999969482422,2020.9000244140625,3.997999906539917,180.14999389648438,2.1549999713897705,22.950000762939453,24.96299934387207,652.75,338.0,16.829999923706055,1511.0,682.0
2023-04-06,2919.0,80.69999694824219,83.19999694824219,2011.9000244140625,4.026000022888184,183.60000610351562,2.010999917984009,23.610000610351562,25.024999618530273,643.5,340.25,16.635000228881836,1492.5,675.5
2023-04-10,2922.0,79.73999786376953,82.44999694824219,1989.0999755859375,3.9865000247955322,182.60000610351562,2.171999931335449,23.559999465942383,24.84600067138672,654.0,340.5,16.40999984741211,1487.25,678.5
2023-04-11,2985.0,81.52999877929688,82.75,2004.800048828125,4.024499893188477,190.5,2.186000108718872,24.3700008392334,25.131000518798828,651.0,340.25,16.954999923706055,1497.25,674.0
2023-04-12,2954.0,83.26000213623047,82.44999694824219,2010.9000244140625,4.084499835968018,190.25,2.0929999351501465,24.049999237060547,25.40399932861328,656.0,335.75,17.549999237060547,1504.25,679.5
2023-04-13,3002.0,82.16000366210938,83.3499984741211,2041.300048828125,4.124000072479248,196.10000610351562,2.006999969482422,24.040000915527344,25.874000549316406,652.25,332.25,17.545000076293945,1501.0,667.0
2023-04-14,2984.0,82.5199966430664,82.86000061035156,2002.199951171875,4.107500076293945,193.39999389648438,2.114000082015991,24.100000381469727,25.423999786376953,666.25,336.0,17.385000228881836,1500.5,682.5
2023-04-17,3003.0,80.83000183105469,83.30000305175781,1994.199951171875,4.065999984741211,201.0,2.2750000953674316,24.440000534057617,25.05299949645996,676.5,342.0,17.329999923706055,1517.0,696.5
2023-04-18,3054.0,80.86000061035156,84.55000305175781,2007.4000244140625,4.0894999504089355,205.25,2.365999937057495,24.540000915527344,25.24799919128418,677.5,347.5,17.34000015258789,1519.25,698.0
2023-04-19,3079.0,79.16000366210938,83.23999786376953,1995.199951171875,4.072000026702881,202.5500030517578,2.2219998836517334,24.3700008392334,25.365999221801758,672.25,347.25,17.1200008392334,1506.5,681.75
2023-04-20,3087.0,77.29000091552734,79.23999786376953,2007.5999755859375,4.021999835968018,195.89999389648438,2.249000072479248,25.25,25.368000030517578,663.75,342.5,16.780000686645508,1497.5,667.75
2023-04-21,3171.0,77.87000274658203,78.41000366210938,1979.5,3.9800000190734863,194.1999969482422,2.2330000400543213,24.829999923706055,25.05299949645996,663.25,333.5,16.915000915527344,1483.5,661.75
2023-04-24,3203.0,78.76000213623047,78.9800033569336,1989.0999755859375,3.953000068664551,196.75,2.2730000019073486,25.90999984741211,25.305999755859375,651.25,328.75,16.940000534057617,1465.25,643.5
2023-04-25,3149.0,77.06999969482422,77.0,1994.0,3.8459999561309814,192.4499969482422,2.306999921798706,26.649999618530273,24.87700080871582,646.5,330.25,16.899999618530273,1445.25,638.75
2023-04-26,3176.0,74.30000305175781,76.51000213623047,1985.699951171875,3.8499999046325684,195.85000610351562,2.117000102996826,26.510000228881836,24.871000289916992,641.5,322.5,16.93000030517578,1436.0,627.25
2023-04-27,3150.0,74.76000213623047,78.62999725341797,1989.9000244140625,3.864500045776367,192.10000610351562,2.3550000190734863,26.989999771118164,24.982999801635742,627.0,306.25,16.860000610351562,1426.75,614.75
2023-04-28,3174.0,76.77999877929688,79.02999877929688,1990.0999755859375,3.869999885559082,189.85000610351562,2.4100000858306885,26.989999771118164,24.999000549316406,636.0,302.0,17.385000228881836,1444.25,619.75
2023-05-01,3171.0,75.66000366210938,79.54000091552734,1983.4000244140625,3.9170000553131104,189.25,2.318000078201294,25.540000915527344,25.009000778198242,639.5,294.75,17.5,1454.75,603.75
2023-05-02,3130.0,71.66000366210938,78.5999984741211,2014.300048828125,3.8480000495910645,190.64999389648438,2.2139999866485596,25.139999389648438,25.40399932861328,638.0,291.5,17.645000457763672,1439.5,595.5
2023-05-03,3014.0,68.5999984741211,76.98999786376953,2028.5999755859375,3.8315000534057617,189.1999969482422,2.1700000762939453,25.170000076293945,25.47599983215332,645.25,299.25,17.729999542236328,1448.0,626.25
2023-05-04,3052.0,68.55999755859375,79.98999786376953,2048.0,3.8499999046325684,186.39999389648438,2.1010000705718994,25.520000457763672,26.03499984741211,646.5,311.75,17.780000686645508,1448.5,631.5
2023-05-05,3109.0,71.33999633789062,82.12999725341797,2017.4000244140625,3.871500015258789,191.0,2.13700008392334,26.31999969482422,25.743000030517578,653.25,319.75,18.06999969482422,1469.0,647.0
2023-05-08,3179.0,73.16000366210938,81.52999877929688,2026.300048828125,3.9179999828338623,186.89999389648438,2.23799991607666,26.09000015258789,25.63599967956543,656.5,330.5,18.149999618530273,1468.75,641.0
2023-05-09,3229.0,73.70999908447266,80.98999786376953,2036.199951171875,3.8889999389648438,188.0,2.2669999599456787,26.190000534057617,25.697999954223633,642.25,329.0,18.0049991607666,1451.75,630.5
2023-05-10,3260.0,72.55999755859375,80.76000213623047,2030.5,3.828000068664551,187.4499969482422,2.190999984741211,26.65999984741211,25.461000442504883,645.5,331.75,18.145000457763672,1436.5,628.25
2023-05-11,3242.0,70.87000274658203,79.62000274658203,2014.699951171875,3.697499990463257,185.8000030517578,2.190000057220459,26.020000457763672,24.2549991607666,632.5,328.25,18.094999313354492,1443.25,614.25
2023-05-12,3226.0,70.04000091552734,80.52999877929688,2014.5,3.7165000438690186,186.0,2.2660000324249268,26.219999313354492,23.992000579833984,633.25,328.25,18.274999618530273,1435.0,624.5
2023-05-15,3160.0,71.11000061035156,82.37000274658203,2018.0,3.737499952316284,193.0500030517578,2.375,26.290000915527344,24.12700080871582,592.5,340.75,17.854999542236328,1400.75,660.75
2023-05-16,2995.0,70.86000061035156,83.37999725341797,1988.4000244140625,3.6545000076293945,190.35000610351562,2.375999927520752,26.06999969482422,23.73699951171875,581.25,345.0,17.40999984741211,1364.0,647.5
2023-05-17,3000.0,72.83000183105469,86.94000244140625,1980.699951171875,3.743000030517578,189.85000610351562,2.365000009536743,25.90999984741211,23.75200080871582,561.5,343.0,17.510000228881836,1337.0,625.5
2023-05-18,2991.0,71.86000061035156,86.66000366210938,1956.5,3.68149995803833,190.4499969482422,2.5920000076293945,25.610000610351562,23.4950008392334,555.25,337.75,17.334999084472656,1333.25,611.75
2023-05-19,3068.0,71.55000305175781,86.72000122070312,1978.699951171875,3.7225000858306885,192.0,2.5850000381469727,25.780000686645508,23.920000076293945,554.5,322.25,17.065000534057617,1307.25,605.0
2023-05-22,3023.0,71.98999786376953,85.31999969482422,1974.800048828125,3.6740000247955322,189.1999969482422,2.4000000953674316,25.989999771118164,23.71500015258789,571.0,314.5,16.834999084472656,1341.25,606.25
2023-05-23,3016.0,72.91000366210938,84.3499984741211,1972.4000244140625,3.6414999961853027,187.4499969482422,2.321000099182129,25.809999465942383,23.474000930786133,577.5,321.5,16.690000534057617,1322.5,622.25
2023-05-24,3010.0,74.33999633789062,81.72000122070312,1962.800048828125,3.553499937057495,188.0,2.3980000019073486,25.489999771118164,23.114999771118164,587.25,329.75,16.614999771118164,1324.5,606.25
2023-05-25,3017.0,71.83000183105469,80.12000274658203,1943.0999755859375,3.5804998874664307,182.6999969482422,2.306999921798706,24.829999923706055,22.785999298095703,590.75,336.0,16.600000381469727,1324.0,604.25
2023-05-26,2991.0,72.66999816894531,83.3499984741211,1944.0999755859375,3.6735000610351562,181.60000610351562,2.180999994277954,25.3700008392334,23.239999771118164,604.0,343.5,17.06999969482422,1337.25,616.0
2023-05-30,3005.0,69.45999908447266,83.98999786376953,1958.0,3.6579999923706055,177.10000610351562,2.3269999027252197,25.329999923706055,23.125,594.0,346.0,17.030000686645508,1296.5,591.0
2023-05-31,3007.0,68.08999633789062,83.4800033569336,1963.9000244140625,3.63100004196167,178.64999389648438,2.2660000324249268,25.059999465942383,23.474000930786133,594.0,339.0,17.290000915527344,1299.75,594.25
2023-06-01,3008.0,70.0999984741211,86.41999816894531,1978.0,3.7065000534057617,183.0500030517578,2.1579999923706055,24.8799991607666,23.875,592.5,339.0,17.479999542236328,1329.5,610.75
2023-06-02,3026.0,71.73999786376953,86.05000305175781,1952.4000244140625,3.7225000858306885,180.3000030517578,2.171999931335449,24.729999542236328,23.64299964904785,609.0,337.5,17.690000534057617,1352.5,619.0
2023-06-05,3056.0,72.1500015258789,84.79000091552734,1958.0,3.762500047683716,183.10000610351562,2.244999885559082,24.399999618530273,23.534000396728516,597.5,343.0,17.934999465942383,1350.0,624.0
2023-06-06,3045.0,71.73999786376953,85.33999633789062,1965.5,3.7669999599456787,182.60000610351562,2.26200008392334,24.579999923706055,23.573999404907227,608.0,346.75,18.125,1353.25,627.75
2023-06-07,3103.0,72.52999877929688,85.01000213623047,1942.699951171875,3.754499912261963,185.39999389648438,2.3289999961853027,24.5,23.43899917602539,604.25,344.25,18.309999465942383,1360.75,616.75
2023-06-08,3149.0,71.29000091552734,84.30999755859375,1963.5999755859375,3.7964999675750732,194.85000610351562,2.3519999980926514,25.479999542236328,24.263999938964844,610.25,356.25,18.780000686645508,1363.25,626.25
2023-06-09,3180.0,70.16999816894531,84.04000091552734,1962.199951171875,3.7890000343322754,190.64999389648438,2.253999948501587,25.3799991607666,24.333999633789062,604.25,358.5,19.024999618530273,1386.5,630.25
2023-06-12,3136.0,67.12000274658203,83.48999786376953,1955.300048828125,3.750499963760376,185.5500030517578,2.2660000324249268,25.469999313354492,23.985000610351562,617.25,366.0,19.665000915527344,1372.75,633.75
2023-06-13,3186.0,69.41999816894531,82.72000122070312,1944.5999755859375,3.8285000324249268,182.75,2.3399999141693115,25.15999984741211,23.756000518798828,612.5,377.0,18.46500015258789,1399.25,636.25
2023-06-14,3189.0,68.2699966430664,81.79000091552734,1955.300048828125,3.865999937057495,184.39999389648438,2.3420000076293945,25.84000015258789,24.04400062561035,607.75,389.25,17.625,1388.25,630.25
2023-06-15,3226.0,70.62000274658203,80.63999938964844,1957.800048828125,3.8965001106262207,187.0,2.5329999923706055,26.0,23.891000747680664,623.25,403.25,17.739999771118164,1428.25,661.5
2023-06-16,3188.0,71.77999877929688,81.45999908447266,1958.4000244140625,3.884500026702881,184.89999389648438,2.631999969482422,26.43000030517578,24.076000213623047,640.25,404.5,17.795000076293945,1466.5,688.0
2023-06-20,3142.0,70.5,80.66000366210938,1935.5,3.878499984741211,177.4499969482422,2.492000102996826,26.219999313354492,23.19300079345703,643.75,397.0,17.190000534057617,1477.25,695.75
2023-06-21,3164.0,72.52999877929688,79.30999755859375,1933.300048828125,3.9110000133514404,172.0,2.5969998836517334,25.8799991607666,22.77400016784668,671.0,397.75,17.450000762939453,1514.75,734.5
2023-06-22,3138.0,69.51000213623047,79.29000091552734,1912.699951171875,3.8884999752044678,171.6999969482422,2.6080000400543213,24.93000030517578,22.43600082397461,660.5,397.0,17.610000610351562,1500.5,739.0
2023-06-23,3123.0,69.16000366210938,78.05999755859375,1919.0999755859375,3.805999994277954,168.0500030517578,2.7290000915527344,24.18000030517578,22.327999114990234,630.75,385.5,17.700000762939453,1494.5,733.25
2023-06-26,3206.0,69.37000274658203,77.06999969482422,1923.699951171875,3.7864999771118164,167.9499969482422,2.7909998893737793,23.719999313354492,22.80500030517578,637.25,391.25,17.940000534057617,1521.0,724.25
2023-06-27,3212.0,67.69999694824219,77.63999938964844,1914.0,3.7815001010894775,169.4499969482422,2.763000011444092,23.030000686645508,22.93899917602539,623.0,385.0,17.674999237060547,1495.0,685.0
2023-06-28,3292.0,69.55999755859375,80.12000274658203,1912.300048828125,3.7204999923706055,165.64999389648438,2.6029999256134033,22.56999969482422,22.868000030517578,590.0,377.0,17.485000610351562,1451.0,655.75
2023-06-29,3218.0,69.86000061035156,81.25,1909.199951171875,3.677500009536743,163.60000610351562,2.7009999752044678,22.06999969482422,22.590999603271484,581.0,367.75,17.704999923706055,1483.0,653.0
2023-06-30,3318.0,70.63999938964844,82.83999633789062,1921.0999755859375,3.740999937057495,161.0,2.7980000972747803,22.889999389648438,22.809999465942383,554.5,377.25,18.05500030517578,1557.25,636.25
2023-07-03,3364.0,69.79000091552734,83.43000030517578,1921.699951171875,3.7790000438690186,162.5,2.7090001106262207,23.31999969482422,22.895999908447266,557.25,379.25,18.045000076293945,1562.0,628.5
2023-07-05,3334.0,71.79000091552734,82.44999694824219,1919.5999755859375,3.753499984741211,161.0500030517578,2.6570000648498535,23.530000686645508,23.19700050354004,548.25,402.5,18.270000457763672,1547.25,662.0
2023-07-06,3277.0,71.80000305175781,82.87999725341797,1908.699951171875,3.7200000286102295,162.35000610351562,2.6089999675750732,23.25,22.68600082397461,566.75,416.75,18.639999389648438,1525.75,647.0
2023-07-07,3274.0,73.86000061035156,81.19999694824219,1926.199951171875,3.7669999599456787,162.8000030517578,2.5820000171661377,23.530000686645508,23.091999053955078,560.5,406.25,18.684999465942383,1485.5,639.5
2023-07-10,3299.0,72.98999786376953,79.94999694824219,1925.0,3.7715001106262207,161.75,2.6689999103546143,23.440000534057617,23.150999069213867,570.75,414.0,19.100000381469727,1508.0,636.25
2023-07-11,3296.0,74.83000183105469,82.94999694824219,1931.300048828125,3.753499984741211,159.3000030517578,2.7309999465942383,23.530000686645508,23.086000442504883,571.75,414.75,19.15999984741211,1520.5,649.5
2023-07-12,3299.0,75.75,82.51000213623047,1956.199951171875,3.8420000076293945,158.75,2.631999969482422,23.90999984741211,24.118999481201172,549.75,394.75,19.19499969482422,1488.5,621.25
2023-07-13,3232.0,76.88999938964844,82.79000091552734,1959.199951171875,3.929500102996826,159.35000610351562,2.5450000762939453,24.010000228881836,24.76799964904785,593.5,394.75,18.899999618530273,1518.0,627.5
2023-07-14,3307.0,75.41999816894531,82.66000366210938,1960.0999755859375,3.921999931335449,161.9499969482422,2.5390000343322754,24.31999969482422,25.013999938964844,599.75,391.0,17.725000381469727,1495.75,641.5
2023-07-17,3359.0,74.1500015258789,83.48999786376953,1952.4000244140625,3.8320000171661377,154.75,2.51200008392334,23.799999237060547,24.8439998626709,499.25,406.5,15.364999771118164,1484.0,653.75
2023-07-18,3407.0,75.75,83.77999877929688,1977.199951171875,3.815999984741211,155.25,2.628999948501587,23.860000610351562,25.083999633789062,528.75,431.5,15.574999809265137,1492.0,670.75
2023-07-19,3433.0,75.3499984741211,85.62000274658203,1977.5,3.799499988555908,152.4499969482422,2.6029999256134033,24.209999084472656,25.2189998626709,545.5,439.75,15.645000457763672,1491.5,727.75
2023-07-20,3388.0,75.62999725341797,85.93000030517578,1968.300048828125,3.817500114440918,158.0500030517578,2.756999969482422,24.670000076293945,24.80500030517578,537.25,443.75,15.885000228881836,1495.0,727.0
2023-07-21,3415.0,77.06999969482422,85.08000183105469,1964.300048828125,3.802999973297119,161.85000610351562,2.7130000591278076,25.010000228881836,24.697999954223633,527.0,438.5,15.899999618530273,1501.0,697.5
2023-07-24,3417.0,78.73999786376953,85.58000183105469,1960.300048828125,3.8405001163482666,163.0,2.684999942779541,24.920000076293945,24.43600082397461,560.5,450.25,16.19499969482422,1523.25,757.5
2023-07-25,3470.0,79.62999725341797,88.55000305175781,1962.0999755859375,3.9019999504089355,161.85000610351562,2.7300000190734863,24.690000534057617,24.68000030517578,557.5,439.0,15.930000305175781,1515.5,760.25
2023-07-26,3552.0,78.77999877929688,89.9800033569336,1968.9000244140625,3.890500068664551,163.14999389648438,2.6649999618530273,24.389999389648438,24.825000762939453,540.25,427.0,15.845000267028809,1546.25,720.0
2023-07-27,3529.0,80.08999633789062,86.62000274658203,1945.4000244140625,3.8635001182556152,161.4499969482422,2.492000102996826,24.43000030517578,24.236000061035156,533.25,425.5,15.789999961853027,1532.0,712.75
2023-07-28,3525.0,80.58000183105469,85.05999755859375,1960.4000244140625,3.9170000553131104,157.89999389648438,2.638000011444092,23.920000076293945,24.3700008392334,521.0,424.75,15.625,1486.75,704.25
2023-07-31,3548.0,81.80000305175781,85.44000244140625,1970.5,3.994499921798706,164.64999389648438,2.634000062942505,24.110000610351562,24.854000091552734,504.0,436.25,15.470000267028809,1445.75,665.75
2023-08-01,3543.0,81.37000274658203,86.87000274658203,1940.699951171875,3.8935000896453857,164.5500030517578,2.559999942779541,24.389999389648438,24.20800018310547,497.0,435.5,15.845000267028809,1446.75,652.25
2023-08-02,3562.0,79.48999786376953,85.08000183105469,1937.4000244140625,3.827500104904175,166.9499969482422,2.4769999980926514,24.200000762939453,23.753999710083008,488.25,434.25,15.9350004196167,1429.75,640.0
2023-08-03,3491.0,81.55000305175781,85.27999877929688,1932.0,3.875999927520752,164.75,2.565000057220459,24.020000457763672,23.586000442504883,480.75,424.5,16.079999923706055,1428.75,627.0
2023-08-04,3510.0,82.81999969482422,85.2699966430664,1939.5999755859375,3.8450000286102295,161.35000610351562,2.5769999027252197,23.690000534057617,23.617000579833984,484.25,419.75,15.949999809265137,1444.0,633.0
2023-08-07,3476.0,81.94000244140625,86.37999725341797,1933.5,3.812999963760376,163.9499969482422,2.7249999046325684,23.739999771118164,23.142000198364258,482.25,407.25,15.920000076293945,1414.5,657.5
2023-08-08,3333.0,82.91999816894531,86.19999694824219,1924.0999755859375,3.747999906539917,161.35000610351562,2.7769999504089355,23.450000762939453,22.716999053955078,485.75,410.75,15.890000343322754,1430.0,656.25
2023-08-09,3319.0,84.4000015258789,86.11000061035156,1915.4000244140625,3.7674999237060547,160.75,2.9590001106262207,23.709999084472656,22.649999618530273,481.0,414.5,16.06999969482422,1431.5,635.0
2023-08-10,3282.0,82.81999969482422,87.29000091552734,1914.4000244140625,3.750999927520752,159.89999389648438,2.763000011444092,23.950000762939453,22.746000289916992,483.25,415.75,16.03499984741211,1412.0,637.75
2023-08-11,3297.0,83.19000244140625,89.29000091552734,1912.9000244140625,3.7144999504089355,157.8000030517578,2.7699999809265137,24.329999923706055,22.673999786376953,474.5,419.0,15.989999771118164,1401.25,626.75
2023-08-14,3321.0,82.51000213623047,87.6500015258789,1910.5999755859375,3.7244999408721924,151.10000610351562,2.7950000762939453,24.049999237060547,22.643999099731445,475.75,427.0,15.635000228881836,1391.0,616.0
2023-08-15,3340.0,80.98999786376953,86.19999694824219,1902.5,3.6614999771118164,149.25,2.6589999198913574,23.770000457763672,22.594999313354492,464.0,429.5,15.585000038146973,1323.25,598.5
2023-08-16,3372.0,79.37999725341797,85.31999969482422,1896.0999755859375,3.6514999866485596,148.89999389648438,2.5920000076293945,24.190000534057617,22.479999542236328,469.5,440.75,15.550000190734863,1334.75,597.75
2023-08-17,3413.0,80.38999938964844,84.36000061035156,1884.0999755859375,3.685499906539917,147.0,2.621000051498413,24.0,22.670000076293945,473.0,437.75,15.53499984741211,1336.75,589.5
2023-08-18,3366.0,81.25,84.31999969482422,1886.0999755859375,3.6989998817443848,147.4499969482422,2.5510001182556152,23.760000228881836,22.69499969482422,479.5,438.5,15.545000076293945,1362.75,613.25
2023-08-21,3355.0,80.72000122070312,84.45999908447266,1893.300048828125,3.7119998931884766,147.5500030517578,2.631999969482422,23.399999618530273,23.304000854492188,469.25,441.0,15.515000343322754,1370.0,599.25
2023-08-22,3329.0,80.3499984741211,84.98999786376953,1896.4000244140625,3.750499963760376,146.60000610351562,2.559999942779541,23.399999618530273,23.420000076293945,466.5,441.25,15.489999771118164,1351.5,601.75
2023-08-23,3323.0,78.88999938964844,86.20999908447266,1918.5,3.803499937057495,152.9499969482422,2.496999979019165,23.850000381469727,24.363000869750977,476.25,444.5,15.4399995803833,1359.5,612.5
2023-08-24,3363.0,79.05000305175781,86.08999633789062,1918.199951171875,3.7674999237060547,153.0,2.5190000534057617,24.290000915527344,24.211000442504883,472.25,466.0,15.71500015258789,1365.75,604.0
2023-08-25,3430.0,79.83000183105469,87.51000213623047,1911.0999755859375,3.759999990463257,151.75,2.5399999618530273,24.829999923706055,24.219999313354492,470.75,478.25,15.680000305175781,1381.0,593.25
2023-08-28,3442.0,80.0999984741211,87.06999969482422,1917.9000244140625,3.753999948501587,151.8000030517578,2.5789999961853027,25.56999969482422,24.238000869750977,478.5,482.5,16.079999923706055,1395.25,588.0
2023-08-29,3555.0,81.16000366210938,87.08999633789062,1936.5,3.7929999828338623,151.35000610351562,2.555999994277954,25.450000762939453,24.777000427246094,469.5,491.0,16.545000076293945,1382.0,569.75
2023-08-30,3606.0,81.62999725341797,88.27999877929688,1944.300048828125,3.7850000858306885,153.35000610351562,2.7960000038146973,25.34000015258789,24.733999252319336,461.75,474.75,16.704999923706055,1381.25,576.75
2023-08-31,3602.0,83.62999725341797,88.0999984741211,1938.199951171875,3.7725000381469727,152.6999969482422,2.7679998874664307,25.059999465942383,24.472000122070312,461.0,469.5,16.790000915527344,1360.0,573.0
2023-09-01,3574.0,85.55000305175781,89.61000061035156,1939.800048828125,3.8125,150.9499969482422,2.765000104904175,25.809999465942383,24.23200035095215,464.75,463.5,16.645000457763672,1356.25,567.5
2023-09-05,3560.0,86.69000244140625,88.0,1926.199951171875,3.811000108718872,151.39999389648438,2.5820000171661377,26.649999618530273,23.558000564575195,471.0,464.75,16.860000610351562,1349.0,572.5
2023-09-06,3577.0,87.54000091552734,86.0,1918.0999755859375,3.748500108718872,151.75,2.509999990463257,26.219999313354492,23.20599937438965,471.5,475.0,16.75,1360.25,581.0
2023-09-07,3573.0,86.87000274658203,83.62000274658203,1917.5,3.7260000705718994,147.39999389648438,2.5789999961853027,26.68000030517578,22.950000762939453,470.75,472.5,16.2549991607666,1345.0,571.5
2023-09-08,3609.0,87.51000213623047,84.41000366210938,1918.4000244140625,3.680500030517578,146.25,2.6050000190734863,26.309999465942383,22.892000198364258,468.5,477.25,16.100000381469727,1349.5,567.25
2023-09-11,3611.0,87.29000091552734,86.97000122070312,1923.300048828125,3.7699999809265137,151.5500030517578,2.6080000400543213,26.399999618530273,23.10300064086914,471.25,470.0,15.8149995803833,1352.5,556.0
2023-09-12,3772.0,88.83999633789062,87.48999786376953,1911.300048828125,3.752000093460083,150.6999969482422,2.743000030517578,26.829999923706055,23.12700080871582,463.25,472.0,15.8100004196167,1331.75,560.25
2023-09-13,3849.0,88.5199966430664,85.66999816894531,1909.0999755859375,3.75600004196167,151.0500030517578,2.680000066757202,26.540000915527344,22.91200065612793,464.0,469.0,16.1200008392334,1336.0,569.0
2023-09-14,3853.0,90.16000366210938,86.47000122070312,1910.0,3.7825000286102295,153.10000610351562,2.7079999446868896,26.979999542236328,22.74799919128418,462.5,461.0,16.459999084472656,1343.75,567.5
2023-09-15,3757.0,90.7699966430664,85.38999938964844,1923.699951171875,3.7634999752044678,158.25,2.6440000534057617,26.90999984741211,23.125999450683594,476.25,479.0,16.21500015258789,1340.25,604.25
2023-09-18,3621.0,91.4800033569336,85.54000091552734,1931.5,3.741499900817871,158.6999969482422,2.7279999256134033,27.110000610351562,23.23200035095215,471.5,454.0,16.014999389648438,1316.75,591.25
2023-09-19,3642.0,91.19999694824219,86.05999755859375,1932.0,3.7139999866485596,167.5,2.8480000495910645,27.440000534057617,23.194000244140625,476.25,434.75,16.030000686645508,1315.5,584.0
2023-09-20,3570.0,90.27999877929688,85.37000274658203,1945.5999755859375,3.746500015258789,158.1999969482422,2.7330000400543213,26.790000915527344,23.57900047302246,482.25,436.0,15.960000038146973,1320.0,588.75
2023-09-21,3595.0,89.62999725341797,84.87000274658203,1919.199951171875,3.6665000915527344,154.85000610351562,2.609999895095825,26.93000030517578,23.444000244140625,475.25,419.0,15.795000076293945,1293.75,575.75
2023-09-22,3582.0,90.02999877929688,84.04000091552734,1925.4000244140625,3.6654999256134033,151.14999389648438,2.63700008392334,26.969999313354492,23.59600067138672,477.25,424.75,15.824999809265137,1296.25,579.5
2023-09-25,3496.0,89.68000030517578,86.41999816894531,1916.5999755859375,3.6494998931884766,148.8000030517578,2.6389999389648438,26.309999465942383,23.145000457763672,481.25,433.5,15.850000381469727,1297.75,589.0
2023-09-26,3500.0,90.38999938964844,88.18000030517578,1900.4000244140625,3.625,150.85000610351562,2.6559998989105225,26.020000457763672,22.950000762939453,479.75,433.0,16.190000534057617,1302.75,589.0
2023-09-27,3416.0,93.68000030517578,88.4000015258789,1871.5999755859375,3.627000093460083,149.25,2.7639999389648438,26.1299991607666,22.476999282836914,483.25,437.25,16.174999237060547,1303.25,579.5
2023-09-28,3459.0,91.70999908447266,88.7300033569336,1860.4000244140625,3.694499969482422,147.1999969482422,2.944999933242798,26.729999542236328,22.514999389648438,488.5,444.5,16.1299991607666,1300.5,578.75
2023-09-29,3418.0,90.79000091552734,86.86000061035156,1848.0999755859375,3.7260000705718994,146.14999389648438,2.928999900817871,26.270000457763672,22.236000061035156,476.75,432.5,15.90999984741211,1275.0,541.5
2023-10-02,3502.0,88.81999969482422,87.45999908447266,1830.0,3.631999969482422,149.10000610351562,2.8399999141693115,26.350000381469727,21.218000411987305,488.75,434.5,15.880000114440918,1277.0,564.75
2023-10-03,3428.0,89.2300033569336,87.13999938964844,1824.5999755859375,3.615499973297119,148.75,2.9489998817443848,25.670000076293945,21.17799949645996,487.5,436.5,15.765000343322754,1272.75,568.5
2023-10-04,3431.0,84.22000122070312,86.72000122070312,1818.5,3.5840001106262207,146.35000610351562,2.9619998931884766,25.93000030517578,20.95599937438965,486.0,429.0,15.645000457763672,1273.0,560.0
2023-10-05,3400.0,82.30999755859375,86.25,1816.5999755859375,3.546999931335449,145.39999389648438,3.1659998893737793,26.15999984741211,20.847999572753906,497.5,432.75,15.675000190734863,1280.75,578.25
2023-10-06,3453.0,82.79000091552734,86.8499984741211,1830.199951171875,3.624500036239624,146.0500030517578,3.3380000591278076,26.739999771118164,21.540000915527344,492.0,423.75,16.045000076293945,1266.0,568.25
2023-10-09,3435.0,86.37999725341797,86.66999816894531,1849.5,3.6424999237060547,146.0500030517578,3.375999927520752,27.18000030517578,21.740999221801758,488.25,420.5,15.824999809265137,1264.25,572.75
2023-10-10,3474.0,85.97000122070312,85.44999694824219,1861.0,3.631999969482422,147.5,3.381999969482422,27.049999237060547,21.775999069213867,485.5,409.25,15.869999885559082,1271.5,558.5
2023-10-11,3432.0,83.48999786376953,85.05000305175781,1872.800048828125,3.614000082015991,147.6999969482422,3.377000093460083,26.399999618530273,21.957000732421875,488.0,395.75,15.930000305175781,1252.5,556.0
2023-10-12,3490.0,82.91000366210938,84.91999816894531,1869.300048828125,3.5940001010894775,149.3000030517578,3.3440001010894775,26.350000381469727,21.79199981689453,496.0,383.5,15.930000305175781,1290.0,571.5
2023-10-13,3499.0,87.69000244140625,86.05999755859375,1927.4000244140625,3.5799999237060547,154.89999389648438,3.2360000610351562,27.030000686645508,22.726999282836914,493.25,383.25,15.954999923706055,1280.25,579.75
2023-10-16,3591.0,86.66000366210938,85.1500015258789,1921.0999755859375,3.5869998931884766,154.14999389648438,3.1089999675750732,27.049999237060547,22.610000610351562,490.0,381.75,15.805000305175781,1286.25,577.25
2023-10-17,3635.0,86.66000366210938,83.2300033569336,1922.699951171875,3.575500011444092,157.0500030517578,3.0789999961853027,27.489999771118164,22.863000869750977,489.0,374.25,15.854999542236328,1296.75,570.5
2023-10-18,3639.0,88.31999969482422,84.23999786376953,1955.300048828125,3.5820000171661377,158.0500030517578,3.055999994277954,27.479999542236328,22.944000244140625,492.0,371.0,15.859999656677246,1311.0,580.25
2023-10-19,3648.0,89.37000274658203,84.2699966430664,1968.4000244140625,3.5915000438690186,163.9499969482422,2.9570000171661377,27.290000915527344,22.886999130249023,505.0,374.75,15.774999618530273,1315.5,594.0
2023-10-20,3694.0,88.75,82.4000015258789,1982.5,3.5420000553131104,165.25,2.8989999294281006,26.850000381469727,23.35099983215332,495.5,382.5,15.835000038146973,1302.25,586.0
2023-10-23,3759.0,85.48999786376953,83.7300033569336,1976.300048828125,3.572999954223633,165.85000610351562,2.9260001182556152,27.479999542236328,23.07200050354004,490.25,385.5,16.094999313354492,1286.75,587.25
2023-10-24,3729.0,83.73999786376953,82.93000030517578,1975.0,3.609999895095825,168.14999389648438,2.9709999561309814,27.530000686645508,22.979999542236328,484.0,389.75,16.114999771118164,1295.25,580.5
2023-10-25,3735.0,85.38999938964844,83.80999755859375,1984.0999755859375,3.572000026702881,162.3000030517578,3.009999990463257,27.6299991607666,22.87700080871582,480.0,393.25,16.1200008392334,1288.25,568.5
2023-10-26,3810.0,83.20999908447266,84.58999633789062,1987.199951171875,3.56850004196167,161.1999969482422,3.2139999866485596,27.040000915527344,22.78700065612793,479.25,397.25,16.2450008392334,1279.5,579.5
2023-10-27,3852.0,85.54000091552734,84.37999725341797,1988.5999755859375,3.634000062942505,160.9499969482422,3.1640000343322754,27.34000015258789,22.770000457763672,480.75,402.25,16.21500015258789,1297.25,575.5
2023-10-30,3826.0,82.30999755859375,82.91000366210938,1996.199951171875,3.6494998931884766,159.10000610351562,3.3519999980926514,26.75,23.281999588012695,478.25,403.75,16.06999969482422,1282.75,566.0
2023-10-31,3817.0,81.0199966430664,81.22000122070312,1985.199951171875,3.6414999961853027,167.3000030517578,3.575000047683716,27.09000015258789,22.840999603271484,478.75,389.25,16.1200008392334,1287.0,556.25
2023-11-01,3794.0,80.44000244140625,79.44000244140625,1978.800048828125,3.6449999809265137,159.8000030517578,3.49399995803833,27.510000228881836,22.684999465942383,475.0,379.5,16.2450008392334,1291.25,561.75
2023-11-02,3865.0,82.45999908447266,79.80000305175781,1985.5999755859375,3.6670000553131104,165.35000610351562,3.4719998836517334,27.479999542236328,22.750999450683594,470.0,376.5,16.15999984741211,1304.0,565.5
2023-11-03,3898.0,80.51000213623047,79.62000274658203,1991.5,3.674499988555908,170.89999389648438,3.515000104904175,27.770000457763672,23.201000213623047,477.25,372.0,16.21500015258789,1327.5,572.5
2023-11-06,3914.0,80.81999969482422,78.0,1981.5999755859375,3.7095000743865967,173.6999969482422,3.2639999389648438,27.950000762939453,23.14900016784668,477.25,368.25,16.219999313354492,1340.5,575.75
2023-11-07,3883.0,77.37000274658203,76.4800033569336,1966.800048828125,3.6700000762939453,170.75,3.140000104904175,27.59000015258789,22.507999420166016,468.5,352.0,16.31999969482422,1348.75,570.25
2023-11-08,3916.0,75.33000183105469,74.88999938964844,1951.5,3.628000020980835,174.35000610351562,3.1059999465942383,27.209999084472656,22.64699935913086,476.0,341.75,16.6299991607666,1349.0,592.25
2023-11-09,3949.0,75.73999786376953,76.5199966430664,1964.199951171875,3.634999990463257,178.8000030517578,3.0409998893737793,27.780000686645508,22.83099937438965,468.0,333.0,16.665000915527344,1327.75,580.75
2023-11-10,3991.0,77.16999816894531,77.31999969482422,1932.5999755859375,3.5834999084472656,174.5,3.0329999923706055,27.290000915527344,22.21500015258789,464.0,346.75,16.899999618530273,1333.5,575.25
2023-11-13,4051.0,78.26000213623047,77.4800033569336,1945.5,3.6624999046325684,178.64999389648438,3.197000026702881,27.709999084472656,22.298999786376953,477.25,356.25,16.850000381469727,1368.0,579.0
2023-11-14,3946.0,78.26000213623047,78.68000030517578,1961.800048828125,3.682499885559082,176.4499969482422,3.1059999465942383,27.18000030517578,23.07900047302246,478.25,356.25,16.729999542236328,1368.75,572.0
2023-11-15,3939.0,76.66000366210938,78.41000366210938,1960.0999755859375,3.7174999713897705,180.8000030517578,3.190000057220459,27.149999618530273,23.485000610351562,470.75,351.75,16.940000534057617,1385.0,560.5
2023-11-16,4004.0,72.9000015258789,78.68000030517578,1983.9000244140625,3.7044999599456787,176.10000610351562,3.062000036239624,27.190000534057617,23.892000198364258,474.75,351.25,17.25,1360.25,553.5
2023-11-17,4083.0,75.88999938964844,78.91999816894531,1981.5999755859375,3.737499952316284,170.9499969482422,2.9600000381469727,27.18000030517578,23.80900001525879,467.0,345.0,17.405000686645508,1340.25,550.75
2023-11-20,4034.0,77.5999984741211,77.97000122070312,1977.699951171875,3.8125,177.89999389648438,2.881999969482422,27.559999465942383,23.57900047302246,469.5,347.25,17.395000457763672,1367.25,543.5
2023-11-21,4227.0,77.7699966430664,77.33999633789062,1999.300048828125,3.814500093460083,176.5500030517578,2.8459999561309814,27.75,23.843000411987305,470.0,358.0,17.5,1377.25,555.0
2023-11-22,4173.0,77.0999984741211,79.58000183105469,1991.4000244140625,3.7664999961853027,178.64999389648438,2.8970000743865967,27.219999313354492,23.672000885009766,468.75,369.5,17.299999237060547,1356.5,555.75
2023-11-23,,,79.58000183105469,,3.7790000438690186,178.64999389648438,2.934000015258789,27.219999313354492,,,,,,
2023-11-24,4219.0,75.54000091552734,80.38999938964844,2002.199951171875,3.7964999675750732,178.64999389648438,2.8550000190734863,26.979999542236328,24.32900047302246,463.25,373.0,17.565000534057617,1330.75,548.75
2023-11-27,4260.0,74.86000061035156,78.58999633789062,2011.800048828125,3.762500047683716,179.6999969482422,2.7939999103546143,27.200000762939453,24.672000885009766,455.5,365.25,17.239999771118164,1329.75,534.25
2023-11-28,4370.0,76.41000366210938,78.5999984741211,2039.699951171875,3.8010001182556152,183.64999389648438,2.7060000896453857,26.989999771118164,24.93000030517578,451.5,358.5,17.3799991607666,1346.5,543.75
2023-11-29,4438.0,77.86000061035156,78.58999633789062,2047.0999755859375,3.7860000133514404,182.10000610351562,2.803999900817871,26.860000610351562,25.07200050354004,449.75,359.75,17.40999984741211,1347.0,556.0
2023-11-30,4475.0,75.95999908447266,79.4000015258789,2038.0999755859375,3.8289999961853027,195.0,2.802000045776367,26.040000915527344,25.292999267578125,461.75,374.0,17.344999313354492,1342.75,570.25
2023-12-01,4398.0,74.06999969482422,78.41999816894531,2071.0,3.9089999198913574,193.89999389648438,2.813999891281128,25.09000015258789,25.499000549316406,464.5,394.75,17.184999465942383,1325.0,577.0
2023-12-04,4271.0,73.04000091552734,77.68000030517578,2024.0999755859375,3.820499897003174,188.89999389648438,2.694000005722046,25.809999465942383,24.55500030517578,460.25,405.5,16.899999618530273,1306.25,595.75
2023-12-05,4206.0,72.31999969482422,78.68000030517578,2018.5,3.7725000381469727,193.85000610351562,2.7100000381469727,24.959999084472656,24.201000213623047,468.5,402.25,16.809999465942383,1305.5,620.75
2023-12-06,4241.0,69.37999725341797,78.75,2030.5,3.7165000438690186,185.25,2.569000005722046,23.0,23.888999938964844,464.75,382.5,16.950000762939453,1295.5,615.75
2023-12-07,4340.0,69.33999633789062,82.58999633789062,2029.9000244140625,3.7844998836517334,185.5,2.5850000381469727,23.030000686645508,23.73200035095215,468.25,372.0,17.079999923706055,1311.75,626.0
2023-12-08,4381.0,71.2300033569336,81.44000244140625,1998.300048828125,3.819999933242798,185.14999389648438,2.5810000896453857,23.360000610351562,22.97100067138672,465.75,366.0,17.040000915527344,1304.0,615.0
2023-12-11,4351.0,71.31999969482422,82.0,1978.0,3.7799999713897705,194.0,2.430999994277954,22.469999313354492,22.773000717163086,460.5,356.25,17.09000015258789,1336.0,591.25
2023-12-12,4375.0,68.61000061035156,81.05000305175781,1977.800048828125,3.7860000133514404,191.14999389648438,2.311000108718872,22.59000015258789,22.72800064086914,462.5,354.25,16.889999389648438,1323.75,607.0
2023-12-13,4395.0,69.47000122070312,81.18000030517578,1982.300048828125,3.7860000133514404,194.64999389648438,2.3350000381469727,21.969999313354492,22.638999938964844,456.75,364.75,16.940000534057617,1307.5,585.25
2023-12-14,4267.0,71.58000183105469,80.80999755859375,2030.199951171875,3.8884999752044678,200.10000610351562,2.3919999599456787,22.18000030517578,24.09600067138672,456.75,364.75,17.104999542236328,1314.0,594.0
2023-12-15,4244.0,71.43000030517578,79.93000030517578,2021.0999755859375,3.884999990463257,201.8000030517578,2.490999937057495,21.989999771118164,23.8700008392334,483.0,375.5,17.1200008392334,1315.75,629.25
2023-12-18,4271.0,72.47000122070312,79.0999984741211,2026.300048828125,3.8480000495910645,209.5500030517578,2.503000020980835,21.309999465942383,23.83099937438965,477.0,383.5,17.385000228881836,1327.0,617.0
2023-12-19,4289.0,73.44000244140625,79.45999908447266,2038.4000244140625,3.8959999084472656,202.39999389648438,2.492000102996826,21.43000030517578,24.040000915527344,472.75,385.25,17.235000610351562,1312.5,622.75
2023-12-20,4309.0,74.22000122070312,79.20999908447266,2034.5,3.9014999866485596,190.60000610351562,2.447000026702881,20.920000076293945,24.347000122070312,469.75,378.75,17.354999542236328,1308.25,610.0
2023-12-21,4288.0,73.88999938964844,79.12999725341797,2039.0999755859375,3.9084999561309814,193.60000610351562,2.572000026702881,20.239999771118164,24.30699920654297,472.5,363.5,17.329999923706055,1297.25,612.5
2023-12-22,4311.0,73.55999755859375,79.76000213623047,2057.10009765625,3.8954999446868896,192.8000030517578,2.609999895095825,20.6200008392334,24.290000915527344,473.0,359.5,17.389999389648438,1299.75,616.25
2023-12-26,4283.0,75.56999969482422,80.05000305175781,2058.199951171875,3.8954999446868896,194.35000610351562,2.549999952316284,20.530000686645508,24.143999099731445,480.25,368.25,17.329999923706055,1313.25,636.25
2023-12-27,4280.0,74.11000061035156,80.52999877929688,2081.89990234375,3.94350004196167,197.75,2.61899995803833,20.600000381469727,24.375,476.5,373.25,17.260000228881836,1316.75,623.0
2023-12-28,4256.0,71.7699966430664,80.94999694824219,2073.89990234375,3.9130001068115234,198.0,2.556999921798706,21.760000228881836,24.134000778198242,474.25,387.25,17.149999618530273,1305.25,631.5
2023-12-29,4196.0,71.6500015258789,81.0,2062.39990234375,3.880500078201294,188.3000030517578,2.5139999389648438,20.579999923706055,23.85300064086914,471.25,385.75,17.30500030517578,1293.5,628.0
2024-01-02,4275.0,70.37999725341797,79.94000244140625,2064.39990234375,3.86899995803833,190.14999389648438,2.568000078201294,20.899999618530273,23.732999801635742,463.75,375.75,17.6299991607666,1274.0,606.75
2024-01-03,4238.0,72.69999694824219,80.93000030517578,2034.199951171875,3.8475000858306885,186.25,2.6679999828338623,20.850000381469727,22.945999145507812,465.25,367.75,16.920000076293945,1269.5,600.25
2024-01-04,4260.0,72.19000244140625,80.12000274658203,2042.300048828125,3.8310000896453857,185.5500030517578,2.821000099182129,21.079999923706055,22.98900032043457,466.5,365.0,16.924999237060547,1262.0,613.5
2024-01-05,4204.0,73.80999755859375,80.19000244140625,2042.4000244140625,3.7945001125335693,182.8000030517578,2.8929998874664307,21.110000610351562,23.121999740600586,460.75,353.0,17.25,1249.75,616.0
2024-01-08,4094.0,70.7699966430664,80.41999816894531,2026.5999755859375,3.799499988555908,181.39999389648438,2.9800000190734863,21.739999771118164,23.1200008392334,455.0,361.0,17.1299991607666,1239.5,596.25
2024-01-09,4162.0,72.23999786376953,80.7300033569336,2026.4000244140625,3.748500108718872,184.10000610351562,3.190000057220459,21.700000762939453,22.90399932861328,459.25,379.5,17.225000381469727,1241.5,610.0
2024-01-10,4206.0,71.37000274658203,80.18000030517578,2021.699951171875,3.7809998989105225,181.14999389648438,3.0390000343322754,21.40999984741211,22.884000778198242,459.5,385.5,17.1299991607666,1228.75,610.75
2024-01-11,4274.0,72.0199966430664,81.36000061035156,2014.300048828125,3.7764999866485596,184.0500030517578,3.0969998836517334,21.760000228881836,22.53700065612793,457.75,383.5,17.15999984741211,1231.25,603.75
2024-01-12,4323.0,72.68000030517578,81.30999755859375,2046.699951171875,3.740000009536743,180.0,3.312999963760376,21.610000610351562,23.16200065612793,447.0,368.75,17.235000610351562,1205.75,596.0
2024-01-16,4429.0,72.4000015258789,81.33000183105469,2026.0,3.7664999961853027,185.25,2.9000000953674316,22.520000457763672,22.933000564575195,443.5,352.5,17.55500030517578,1227.25,582.0
2024-01-17,4448.0,72.55999755859375,81.69999694824219,2002.5999755859375,3.7325000762939453,179.1999969482422,2.869999885559082,22.350000381469727,22.516000747680664,442.25,353.5,17.645000457763672,1205.75,582.5
2024-01-18,4458.0,74.08000183105469,82.51000213623047,2018.5999755859375,3.744999885559082,179.9499969482422,2.697000026702881,23.040000915527344,22.66699981689453,444.0,366.75,17.600000381469727,1213.5,585.5
2024-01-19,4583.0,73.41000366210938,83.94999694824219,2026.5,3.7869999408721924,185.14999389648438,2.5190000534057617,23.56999969482422,22.570999145507812,445.5,379.75,17.635000228881836,1213.25,593.25
2024-01-22,4565.0,75.19000244140625,84.83000183105469,2019.800048828125,3.7639999389648438,192.25,2.4189999103546143,23.5,22.163000106811523,445.75,378.5,17.55500030517578,1224.25,596.5
2024-01-23,4634.0,74.37000274658203,84.5999984741211,2023.699951171875,3.7904999256134033,192.9499969482422,2.450000047683716,23.75,22.333999633789062,446.5,370.25,17.434999465942383,1239.5,596.5
2024-01-24,4785.0,75.08999633789062,85.4000015258789,2013.9000244140625,3.882499933242798,189.4499969482422,2.6410000324249268,24.459999084472656,22.7549991607666,452.25,365.75,17.774999618530273,1240.25,610.75
2024-01-25,4625.0,77.36000061035156,85.76000213623047,2016.9000244140625,3.865499973297119,186.9499969482422,2.571000099182129,24.040000915527344,22.808000564575195,451.75,364.5,17.96500015258789,1223.0,612.25
2024-01-26,4672.0,78.01000213623047,84.37000274658203,2016.800048828125,3.8505001068115234,193.85000610351562,2.7119998931884766,23.770000457763672,22.7549991607666,446.25,363.75,17.985000610351562,1209.25,600.25
2024-01-29,4732.0,76.77999877929688,84.26000213623047,2025.199951171875,3.872999906539917,189.25,2.490000009536743,23.530000686645508,23.13800048828125,440.25,365.25,18.09000015258789,1194.25,593.5
2024-01-30,4805.0,77.81999969482422,84.77999877929688,2031.5,3.9065001010894775,194.0,2.0769999027252197,23.90999984741211,23.10700035095215,447.75,377.0,18.174999237060547,1218.75,605.5
2024-01-31,4822.0,75.8499984741211,85.16999816894531,2048.39990234375,3.9024999141693115,194.0500030517578,2.0999999046325684,24.1299991607666,23.051000595092773,448.25,382.5,17.864999771118164,1222.25,595.25
2024-02-01,4956.0,73.81999969482422,86.48999786376953,2053.0,3.8524999618530273,194.1999969482422,2.049999952316284,23.559999465942383,23.1299991607666,447.25,384.25,18.104999542236328,1203.25,601.5
2024-02-02,5009.0,72.27999877929688,87.11000061035156,2036.0999755859375,3.821500062942505,191.9499969482422,2.0789999961853027,23.889999389648438,22.701000213623047,442.75,371.75,18.434999465942383,1188.5,599.75
2024-02-05,5189.0,72.77999877929688,87.04000091552734,2025.699951171875,3.7720000743865967,189.5,2.0820000171661377,23.530000686645508,22.334999084472656,442.75,367.5,18.309999465942383,1196.25,590.25
2024-02-06,5220.0,73.30999755859375,87.54000091552734,2034.5,3.7825000286102295,188.1999969482422,2.009000062942505,23.559999465942383,22.39299964904785,438.75,378.0,18.575000762939453,1199.5,595.0
2024-02-07,5410.0,73.86000061035156,88.47000122070312,2035.199951171875,3.737499952316284,190.6999969482422,1.9670000076293945,23.8799991607666,22.277999877929688,434.25,382.5,18.485000610351562,1189.0,602.0
2024-02-08,5805.0,76.22000122070312,89.0999984741211,2032.199951171875,3.7054998874664307,188.8000030517578,1.9170000553131104,23.979999542236328,22.565000534057617,433.25,378.75,18.649999618530273,1193.5,588.5
2024-02-09,5888.0,76.83999633789062,91.77999877929688,2023.300048828125,3.686000108718872,196.3000030517578,1.847000002861023,24.020000457763672,22.527999877929688,429.0,375.25,18.920000076293945,1183.5,596.75
2024-02-12,5860.0,76.91999816894531,90.52999877929688,2018.199951171875,3.7284998893737793,195.60000610351562,1.7680000066757202,23.559999465942383,22.708999633789062,430.5,378.25,18.625,1193.0,597.5
2024-02-13,6001.0,77.87000274658203,91.5199966430664,1992.9000244140625,3.7139999866485596,193.0,1.6890000104904175,23.299999237060547,22.09600067138672,430.75,381.75,18.364999771118164,1186.25,597.5
2024-02-14,5949.0,76.63999938964844,93.4800033569336,1990.300048828125,3.700500011444092,187.0500030517578,1.6089999675750732,23.3700008392334,22.33099937438965,424.25,382.0,18.6200008392334,1170.5,585.5
2024-02-15,5961.0,78.02999877929688,94.62999725341797,2002.0999755859375,3.756500005722046,189.3000030517578,1.5809999704360962,22.81999969482422,22.91200065612793,417.75,382.25,18.6299991607666,1162.25,567.0
2024-02-16,5706.0,79.19000244140625,93.87000274658203,2011.5,3.8380000591278076,190.85000610351562,1.6089999675750732,23.079999923706055,23.43899917602539,416.5,383.25,18.31999969482422,1172.25,560.5
2024-02-20,5999.0,78.18000030517578,91.19000244140625,2027.5,3.866499900817871,191.60000610351562,1.5759999752044678,22.75,23.106000900268555,418.75,380.0,18.174999237060547,1179.0,582.75
2024-02-21,6198.0,77.91000366210938,92.5999984741211,2022.300048828125,3.874500036239624,198.35000610351562,1.7730000019073486,22.770000457763672,22.85099983215332,411.0,370.25,18.2450008392334,1160.75,583.25
2024-02-22,6169.0,78.61000061035156,94.19999694824219,2019.699951171875,3.8975000381469727,193.85000610351562,1.7319999933242798,22.829999923706055,22.764999389648438,406.0,363.0,18.520000457763672,1147.75,583.25
2024-02-23,6562.0,76.48999786376953,94.93000030517578,2038.5999755859375,3.881999969482422,191.0,1.6030000448226929,22.6200008392334,22.9689998626709,399.75,364.5,18.600000381469727,1133.0,573.5
2024-02-26,6884.0,77.58000183105469,96.58000183105469,2028.5,3.8239998817443848,190.10000610351562,1.659000039100647,23.149999618530273,22.517000198364258,407.0,375.0,18.280000686645508,1136.0,577.25
2024-02-27,6755.0,78.87000274658203,100.75,2034.0,3.8310000896453857,194.0500030517578,1.6150000095367432,23.84000015258789,22.523000717163086,408.25,373.0,17.985000610351562,1131.25,586.0
2024-02-28,6380.0,78.54000091552734,103.06999969482422,2033.0,3.827500104904175,193.35000610351562,1.8849999904632568,24.010000228881836,22.40999984741211,413.25,375.0,17.940000534057617,1134.0,571.0
2024-02-29,6510.0,78.26000213623047,101.55999755859375,2045.699951171875,3.8345000743865967,195.85000610351562,1.8600000143051147,22.579999923706055,22.666000366210938,415.75,377.5,17.8700008392334,1128.25,577.5
2024-03-01,6826.0,79.97000122070312,97.55999755859375,2086.89990234375,3.8550000190734863,193.8000030517578,1.8350000381469727,21.09000015258789,23.149999618530273,412.25,378.25,18.219999313354492,1143.0,560.0
2024-03-04,7057.0,78.73999786376953,98.44000244140625,2117.699951171875,3.8519999980926514,197.39999389648438,1.9160000085830688,20.600000381469727,23.77899932861328,417.5,375.0,17.94499969482422,1147.0,563.5
2024-03-05,6970.0,78.1500015258789,98.0999984741211,2133.5,3.8440001010894775,195.0,1.9570000171661377,20.8700008392334,23.76300048828125,413.5,368.5,17.719999313354492,1140.75,545.75
2024-03-06,7170.0,79.12999725341797,99.13999938964844,2150.300048828125,3.870500087738037,194.4499969482422,1.9290000200271606,21.450000762939453,24.27199935913086,418.0,363.5,17.545000076293945,1140.25,521.25
2024-03-07,7054.0,78.93000030517578,99.27999877929688,2158.0,3.9195001125335693,198.35000610351562,1.8179999589920044,21.280000686645508,24.3700008392334,426.0,365.75,17.440000534057617,1157.0,520.75
2024-03-08,6997.0,78.01000213623047,95.27999877929688,2178.60009765625,3.884999990463257,191.39999389648438,1.8049999475479126,21.149999618530273,24.339000701904297,426.25,369.75,17.510000228881836,1170.5,526.75
2024-03-11,7329.0,77.93000030517578,95.05999755859375,2182.5,3.922499895095825,194.35000610351562,1.7589999437332153,21.950000762939453,24.511999130249023,428.25,377.75,17.44499969482422,1165.0,537.5
2024-03-12,8048.0,77.55999755859375,95.2300033569336,2160.39990234375,3.924999952316284,195.39999389648438,1.7139999866485596,21.889999389648438,24.194000244140625,429.0,379.75,17.5,1182.0,535.5
2024-03-13,8034.0,79.72000122070312,94.9000015258789,2175.39990234375,4.052499771118164,191.64999389648438,1.6579999923706055,21.93000030517578,24.958999633789062,426.5,380.0,17.614999771118164,1181.75,532.25
2024-03-14,7405.0,81.26000213623047,93.4800033569336,2163.0,4.0370001792907715,191.35000610351562,1.7410000562667847,21.770000457763672,24.874000549316406,422.5,385.0,17.53499984741211,1180.75,519.5
2024-03-15,8018.0,81.04000091552734,93.94000244140625,2157.300048828125,4.112500190734863,182.85000610351562,1.6549999713897705,22.1200008392334,25.200000762939453,436.75,365.75,17.81999969482422,1198.25,528.5
2024-03-18,8172.0,82.72000122070312,94.56999969482422,2160.699951171875,4.114500045776367,181.85000610351562,1.7029999494552612,22.15999984741211,25.090999603271484,436.0,358.5,17.770000457763672,1187.75,542.75
2024-03-19,8027.0,83.47000122070312,93.33999633789062,2156.300048828125,4.058499813079834,183.0500030517578,1.74399995803833,21.639999389648438,24.964000701904297,439.5,356.5,17.729999542236328,1185.5,552.5
2024-03-20,8324.0,81.68000030517578,92.18000030517578,2157.89990234375,4.03849983215332,182.39999389648438,1.6990000009536743,21.770000457763672,24.933000564575195,439.0,353.25,17.69499969482422,1209.5,545.0
2024-03-21,8559.0,81.06999969482422,92.20999908447266,2182.39990234375,4.046500205993652,185.6999969482422,1.6829999685287476,22.059999465942383,24.849000930786133,440.75,353.5,17.514999389648438,1212.0,546.75
2024-03-22,8939.0,80.62999725341797,91.52999877929688,2158.10009765625,3.996000051498413,184.85000610351562,1.659000039100647,21.850000381469727,24.691999435424805,439.25,358.25,17.344999313354492,1192.5,554.75
2024-03-25,9649.0,81.94999694824219,92.0199966430664,2174.800048828125,4.006999969482422,185.64999389648438,1.6150000095367432,21.950000762939453,24.7450008392334,437.75,361.25,17.045000076293945,1209.25,555.0
2024-03-26,9622.0,81.62000274658203,93.41000366210938,2175.60009765625,3.996000051498413,188.0500030517578,1.5750000476837158,22.389999389648438,24.482999801635742,432.5,357.5,16.799999237060547,1199.0,543.5
2024-03-27,9843.0,81.3499984741211,90.7699966430664,2190.60009765625,3.992500066757202,190.64999389648438,1.718000054359436,22.190000534057617,24.625,426.75,355.0,16.584999084472656,1192.5,547.5
2024-03-28,9766.0,83.16999816894531,91.37999725341797,2217.39990234375,4.003499984741211,188.85000610351562,1.7630000114440918,22.520000457763672,24.797000885009766,442.0,357.0,16.360000610351562,1191.5,560.25
2024-04-01,10120.0,83.70999908447266,92.76000213623047,2236.5,4.046000003814697,191.8000030517578,1.8370000123977661,22.719999313354492,24.95400047302246,435.5,355.75,16.295000076293945,1185.75,557.0
2024-04-02,9949.0,85.1500015258789,90.80999755859375,2261.0,4.070000171661377,197.75,1.8619999885559082,22.31999969482422,25.804000854492188,426.5,352.75,16.079999923706055,1174.0,545.25
2024-04-03,9524.0,85.43000030517578,88.9800033569336,2294.39990234375,4.192999839782715,203.60000610351562,1.840999960899353,22.219999313354492,26.94499969482422,431.75,344.25,16.510000228881836,1182.25,556.0
2024-04-04,9462.0,86.58999633789062,87.13999938964844,2288.800048828125,4.246500015258789,206.75,1.7740000486373901,22.360000610351562,27.139999389648438,435.25,336.25,16.200000762939453,1180.0,556.25
2024-04-05,9795.0,86.91000366210938,86.25,2325.699951171875,4.239500045776367,212.5,1.784999966621399,21.989999771118164,27.399999618530273,434.25,331.25,16.15999984741211,1185.0,567.25
2024-04-08,9895.0,86.43000030517578,86.6500015258789,2331.699951171875,4.2769999504089355,211.10000610351562,1.843999981880188,21.59000015258789,27.711999893188477,435.5,329.75,16.114999771118164,1181.5,565.75
2024-04-09,10204.0,85.2300033569336,86.04000091552734,2343.5,4.285999774932861,213.5500030517578,1.871999979019165,21.489999771118164,27.891000747680664,431.25,329.75,16.614999771118164,1174.5,557.75
2024-04-10,10411.0,86.20999908447266,85.30999755859375,2329.60009765625,4.2820000648498535,214.64999389648438,1.8849999904632568,21.459999084472656,27.961000442504883,434.25,337.75,17.149999618530273,1164.75,558.5
2024-04-11,10373.0,85.0199966430664,83.37000274658203,2354.800048828125,4.251999855041504,220.35000610351562,1.7640000581741333,20.850000381469727,28.176000595092773,428.75,347.75,16.8700008392334,1159.25,551.75
2024-04-12,10987.0,85.66000366210938,82.62000274658203,2356.199951171875,4.257500171661377,224.64999389648438,1.7699999809265137,20.450000762939453,28.2549991607666,435.5,351.5,17.229999542236328,1174.0,556.0
2024-04-15,11001.0,85.41000366210938,82.93000030517578,2365.800048828125,4.379000186920166,231.5500030517578,1.690999984741211,20.020000457763672,28.650999069213867,431.5,357.75,18.329999923706055,1158.25,551.75
2024-04-16,10243.0,85.36000061035156,81.29000091552734,2390.800048828125,4.305500030517578,236.75,1.7319999933242798,19.6299991607666,28.31800079345703,431.0,346.0,18.364999771118164,1145.0,549.75
2024-04-17,10340.0,82.69000244140625,79.55999755859375,2371.699951171875,4.34250020980835,247.9499969482422,1.7120000123977661,19.31999969482422,28.34600067138672,430.25,349.25,18.829999923706055,1149.5,537.0
2024-04-18,11311.0,82.7300033569336,78.0999984741211,2382.300048828125,4.440499782562256,239.85000610351562,1.7569999694824219,19.59000015258789,28.32900047302246,426.75,354.75,19.014999389648438,1134.25,536.75
2024-04-19,11878.0,83.13999938964844,78.69000244140625,2398.39990234375,4.501999855041504,241.39999389648438,1.7519999742507935,19.729999542236328,28.808000564575195,433.5,358.75,19.0,1150.5,550.25
2024-04-22,11166.0,82.8499984741211,80.04000091552734,2332.199951171875,4.500500202178955,231.64999389648438,1.7910000085830688,19.799999237060547,27.21299934387207,439.75,362.5,18.96500015258789,1161.0,570.25
2024-04-23,10584.0,83.36000061035156,80.22000122070312,2327.699951171875,4.490499973297119,224.5,1.812000036239624,19.90999984741211,27.33099937438965,443.0,367.25,19.19499969482422,1167.5,585.0
2024-04-24,11043.0,82.80999755859375,79.51000213623047,2324.5,4.4670000076293945,228.4499969482422,1.652999997138977,20.0,27.323999404907227,437.75,367.0,19.200000762939453,1166.0,594.5
2024-04-25,10988.0,83.56999969482422,79.58000183105469,2329.800048828125,4.570499897003174,231.9499969482422,1.6380000114440918,19.479999542236328,27.341999053955078,441.0,367.0,19.084999084472656,1162.75,602.25
2024-04-26,10729.0,83.8499984741211,79.4000015258789,2334.800048828125,4.568999767303467,230.60000610351562,1.6139999628067017,19.399999618530273,27.240999221801758,440.0,373.75,18.809999465942383,1159.5,603.25
2024-04-29,9983.0,82.62999725341797,80.0199966430664,2345.39990234375,4.658999919891357,233.5500030517578,2.0299999713897705,20.200000762939453,27.37299919128418,439.25,371.25,19.100000381469727,1160.75,590.25
2024-04-30,10133.0,81.93000030517578,77.91999816894531,2291.39990234375,4.564499855041504,220.64999389648438,1.9910000562667847,19.709999084472656,26.391000747680664,439.5,371.0,18.889999389648438,1145.5,585.0
2024-05-01,9183.0,79.0,75.80999755859375,2299.89990234375,4.552499771118164,219.0500030517578,1.9320000410079956,19.219999313354492,26.48900032043457,443.25,379.0,18.969999313354492,1155.75,581.5
2024-05-02,8483.0,78.94999694824219,74.91999816894531,2299.199951171875,4.49399995803833,208.64999389648438,2.0350000858306885,19.25,26.58300018310547,452.0,388.0,18.170000076293945,1190.0,586.5
2024-05-03,8505.0,78.11000061035156,77.36000061035156,2299.0,4.573500156402588,205.89999389648438,2.1419999599456787,19.280000686645508,26.44499969482422,447.0,396.0,18.739999771118164,1201.75,606.0
2024-05-06,8571.0,78.4800033569336,76.55999755859375,2321.60009765625,4.634500026702881,200.6999969482422,2.194999933242798,19.479999542236328,27.368999481201172,457.0,395.25,18.405000686645508,1234.75,632.25
2024-05-07,9593.0,78.37999725341797,77.0,2315.199951171875,4.625500202178955,199.0,2.2070000171661377,19.950000762939453,27.30299949645996,453.75,397.0,18.295000076293945,1232.25,624.75
2024-05-08,9617.0,78.98999786376953,80.05999755859375,2313.60009765625,4.561999797821045,200.25,2.187000036239624,19.600000381469727,27.361000061035156,445.5,396.25,18.315000534057617,1212.75,616.0
2024-05-09,9678.0,79.26000213623047,78.5999984741211,2332.10009765625,4.607500076293945,203.6999969482422,2.3010001182556152,19.579999923706055,28.131999969482422,442.75,395.0,18.684999465942383,1192.75,619.75
2024-05-10,9874.0,78.26000213623047,77.30999755859375,2367.300048828125,4.69350004196167,204.39999389648438,2.252000093460083,19.299999237060547,28.274999618530273,455.75,399.5,19.2549991607666,1205.0,645.75
2024-05-13,8149.0,79.12000274658203,77.62999725341797,2336.10009765625,4.804500102996826,200.39999389648438,2.38100004196167,18.6299991607666,28.22100067138672,458.5,413.75,18.704999923706055,1205.5,670.25
2024-05-14,8751.0,78.0199966430664,74.62999725341797,2353.39990234375,4.953499794006348,202.85000610351562,2.3440001010894775,18.8700008392334,28.485000610351562,453.75,410.75,18.71500015258789,1199.0,657.0
2024-05-15,9066.0,78.62999725341797,75.41000366210938,2388.699951171875,4.9695000648498535,201.25,2.4159998893737793,18.649999618530273,29.513999938964844,462.5,397.75,19.110000610351562,1213.5,665.75
2024-05-16,7393.0,79.2300033569336,76.23999786376953,2380.0,4.892000198364258,199.5500030517578,2.494999885559082,18.329999923706055,29.665000915527344,457.0,386.0,19.100000381469727,1216.25,663.25
2024-05-17,7348.0,80.05999755859375,75.88999938964844,2412.199951171875,5.057000160217285,208.14999389648438,2.625999927520752,18.1299991607666,31.047000885009766,452.5,365.0,18.7549991607666,1228.0,651.25
2024-05-20,7216.0,79.80000305175781,76.02999877929688,2433.89990234375,5.087500095367432,209.3000030517578,2.750999927520752,18.68000030517578,32.20500183105469,460.5,365.75,18.850000381469727,1248.0,688.75
2024-05-21,7394.0,79.26000213623047,76.37999725341797,2421.699951171875,5.11899995803833,217.1999969482422,2.6710000038146973,18.559999465942383,31.868000030517578,458.0,362.0,18.59000015258789,1236.25,697.5
2024-05-22,7536.0,77.56999969482422,79.37999725341797,2389.199951171875,4.867499828338623,220.4499969482422,2.8420000076293945,18.229999542236328,31.295000076293945,461.25,366.25,18.75,1246.25,693.0
2024-05-23,8109.0,76.87000274658203,81.72000122070312,2335.0,4.816500186920166,215.64999389648438,2.6570000648498535,18.260000228881836,30.284000396728516,464.0,369.5,18.485000610351562,1239.25,698.0
2024-05-24,8294.0,77.72000122070312,80.5199966430664,2332.5,4.778500080108643,218.25,2.5199999809265137,18.40999984741211,30.329999923706055,464.75,375.75,18.34000015258789,1248.0,697.25
2024-05-28,8780.0,79.83000183105469,82.43000030517578,2355.199951171875,4.875500202178955,230.9499969482422,2.5899999141693115,18.729999542236328,31.97100067138672,462.5,377.0,18.09000015258789,1229.5,700.25
2024-05-29,9309.0,79.2300033569336,81.0999984741211,2340.300048828125,4.805500030517578,229.4499969482422,2.493000030517578,18.350000381469727,32.202999114990234,455.25,384.5,17.84000015258789,1214.0,692.75
2024-05-30,9257.0,77.91000366210938,77.76000213623047,2342.89990234375,4.671999931335449,233.0,2.572000026702881,18.190000534057617,31.38800048828125,448.75,385.75,17.829999923706055,1209.75,681.0
2024-05-31,9331.0,76.98999786376953,76.1500015258789,2322.89990234375,4.610000133514404,222.35000610351562,2.5869998931884766,18.299999237060547,30.297000885009766,446.25,387.5,17.670000076293945,1205.0,678.5
2024-06-03,9775.0,74.22000122070312,73.1500015258789,2346.60009765625,4.677000045776367,226.5500030517578,2.75600004196167,18.780000686645508,30.641000747680664,443.5,374.75,17.5,1184.5,672.75
2024-06-04,9557.0,73.25,73.4800033569336,2325.5,4.547999858856201,233.89999389648438,2.5859999656677246,18.860000610351562,29.488000869750977,442.5,365.5,17.575000762939453,1179.0,658.25
2024-06-05,9408.0,74.06999969482422,74.44000244140625,2354.10009765625,4.619500160217285,231.9499969482422,2.756999969482422,19.1299991607666,29.947999954223633,439.25,352.5,17.415000915527344,1177.25,646.75
2024-06-06,9872.0,75.55000305175781,75.44000244140625,2370.300048828125,4.690999984741211,234.1999969482422,2.821000099182129,19.219999313354492,31.246999740600586,452.0,359.0,18.260000228881836,1200.0,639.5
2024-06-07,9933.0,75.52999877929688,73.83999633789062,2305.199951171875,4.494500160217285,224.8000030517578,2.9179999828338623,19.0,29.334999084472656,448.75,348.0,18.170000076293945,1179.25,627.5
2024-06-10,9687.0,77.73999786376953,71.80999755859375,2307.699951171875,4.55649995803833,221.39999389648438,2.9059998989105225,18.6299991607666,29.768999099731445,451.75,333.5,17.719999313354492,1188.25,607.5
2024-06-11,9910.0,77.9000015258789,72.7300033569336,2307.5,4.5229997634887695,220.5500030517578,3.128999948501587,18.790000915527344,29.132999420166016,449.5,334.0,17.545000076293945,1178.0,626.5
2024-06-12,10539.0,78.5,71.73999786376953,2336.0,4.581500053405762,224.35000610351562,3.0450000762939453,19.100000381469727,30.176000595092773,454.25,330.75,18.225000381469727,1177.25,617.0
2024-06-13,10810.0,78.62000274658203,71.3499984741211,2300.199951171875,4.507500171661377,226.0500030517578,2.9590001106262207,19.59000015258789,28.989999771118164,458.5,328.5,18.545000076293945,1189.5,620.0
2024-06-14,10294.0,78.44999694824219,70.97000122070312,2331.39990234375,4.551000118255615,224.14999389648438,2.88100004196167,19.43000030517578,29.402000427246094,450.0,328.0,18.184999465942383,1179.75,612.75
2024-06-17,9659.0,80.33000183105469,69.94000244140625,2312.39990234375,4.521500110626221,227.14999389648438,2.7880001068115234,18.979999542236328,29.325000762939453,443.75,317.5,17.684999465942383,1157.75,591.5
2024-06-18,9938.0,81.56999969482422,71.02999877929688,2330.39990234375,4.561999797821045,226.3000030517578,2.9089999198913574,18.920000076293945,29.5049991607666,450.0,328.25,18.15999984741211,1174.0,582.0
2024-06-20,9598.0,82.16999816894531,70.8499984741211,2353.800048828125,4.618000030517578,230.25,2.740999937057495,18.889999389648438,30.775999069213867,439.75,319.25,17.9950008392334,1155.25,572.75
2024-06-21,8995.0,80.7300033569336,68.19000244140625,2316.39990234375,4.49399995803833,226.5500030517578,2.7049999237060547,18.969999313354492,29.572999954223633,435.0,307.0,18.200000762939453,1160.5,561.5
2024-06-24,7978.0,81.62999725341797,71.29000091552734,2330.0,4.5269999504089355,238.0,2.811000108718872,19.40999984741211,29.48900032043457,433.5,308.5,18.514999389648438,1175.25,552.5
2024-06-25,7967.0,80.83000183105469,72.5999984741211,2316.60009765625,4.38100004196167,231.1999969482422,2.75600004196167,19.100000381469727,28.836999893188477,425.5,304.75,18.610000610351562,1163.25,541.75
2024-06-26,7797.0,80.9000015258789,72.69999694824219,2299.199951171875,4.367499828338623,226.35000610351562,2.628000020980835,19.239999771118164,28.909000396728516,420.0,294.5,17.799999237060547,1162.75,541.25
2024-06-27,7397.0,81.73999786376953,72.0199966430664,2324.5,4.328499794006348,228.25,2.684999942779541,20.1200008392334,28.917999267578125,413.75,304.0,16.7549991607666,1152.25,559.75
2024-06-28,7729.0,81.54000091552734,69.80999755859375,2327.699951171875,4.390500068664551,228.9499969482422,2.6010000705718994,20.309999465942383,29.23699951171875,397.25,309.75,16.96500015258789,1150.5,553.5
2024-07-01,7352.0,83.37999725341797,70.06999969482422,2327.60009765625,4.426499843597412,226.6999969482422,2.4779999256134033,20.229999542236328,29.299999237060547,398.25,316.0,16.954999923706055,1159.5,569.25
2024-07-02,7773.0,82.80999755859375,69.33000183105469,2323.0,4.429500102996826,229.10000610351562,2.434999942779541,20.610000610351562,29.35300064086914,402.0,314.5,16.920000076293945,1165.0,561.5
2024-07-03,7811.0,83.87999725341797,68.68000030517578,2359.800048828125,4.540999889373779,225.9499969482422,2.4179999828338623,20.530000686645508,30.54800033569336,403.5,311.25,16.93000030517578,1176.5,554.5
2024-07-05,7721.0,83.16000366210938,67.30999755859375,2388.5,4.6585001945495605,230.3000030517578,2.319000005722046,20.139999389648438,31.38800048828125,411.25,317.25,16.934999465942383,1188.5,572.25
2024-07-08,7693.0,82.33000183105469,67.31999969482422,2355.199951171875,4.622000217437744,236.1999969482422,2.365999937057495,20.1299991607666,30.618000030517578,395.75,312.5,17.065000534057617,1174.25,553.0
2024-07-09,8023.0,81.41000366210938,66.95999908447266,2360.10009765625,4.578000068664551,252.0,2.3440001010894775,19.6200008392334,30.77199935913086,400.25,308.25,17.104999542236328,1161.5,554.25
2024-07-10,8197.0,82.0999984741211,69.33000183105469,2372.199951171875,4.607500076293945,245.6999969482422,2.3289999961853027,19.809999465942383,30.726999282836914,403.25,310.0,17.204999923706055,1141.25,543.5
2024-07-11,8441.0,82.62000274658203,69.05999755859375,2415.0,4.508500099182129,246.75,2.2679998874664307,19.43000030517578,31.393999099731445,406.75,325.0,17.549999237060547,1142.75,554.25
2024-07-12,8523.0,82.20999908447266,68.91999816894531,2414.0,4.598499774932861,250.4499969482422,2.3289999961853027,19.200000762939453,30.88599967956543,400.0,327.0,19.549999237060547,1134.5,538.0
2024-07-15,8463.0,81.91000366210938,70.86000061035156,2422.89990234375,4.5289998054504395,244.14999389648438,2.1579999923706055,19.760000228881836,30.672000885009766,390.5,317.75,14.699999809265137,1078.0,532.5
2024-07-16,8320.0,80.76000213623047,70.37000274658203,2462.39990234375,4.443999767303467,245.39999389648438,2.187999963760376,19.6200008392334,31.19499969482422,395.75,312.0,14.404999732971191,1090.5,530.75
2024-07-17,7763.0,82.8499984741211,71.12000274658203,2454.800048828125,4.39900016784668,247.35000610351562,2.0350000858306885,19.360000610351562,30.136999130249023,398.0,324.75,14.430000305175781,1097.25,539.25
2024-07-18,8068.0,82.81999969482422,71.37000274658203,2451.800048828125,4.265999794006348,243.39999389648438,2.125,18.940000534057617,29.9950008392334,391.25,330.5,14.289999961853027,1098.5,535.25
2024-07-19,7689.0,80.12999725341797,69.9800033569336,2395.5,4.218999862670898,238.1999969482422,2.128000020980835,18.65999984741211,29.08799934387207,390.5,336.75,14.239999771118164,1097.25,542.75
2024-07-22,8398.0,79.77999877929688,70.12999725341797,2392.0,4.180500030517578,243.0500030517578,2.250999927520752,18.299999237060547,29.124000549316406,400.25,345.25,14.600000381469727,1117.75,548.0
2024-07-23,8286.0,76.95999908447266,68.02999877929688,2404.60009765625,4.145999908447266,239.10000610351562,2.187000036239624,18.15999984741211,29.131999969482422,402.5,341.0,14.729999542236328,1117.5,542.75
2024-07-24,8227.0,77.58999633789062,67.01000213623047,2413.300048828125,4.098999977111816,231.14999389648438,2.117000102996826,17.90999984741211,29.115999221801758,403.75,332.75,14.789999961853027,1111.0,547.0
2024-07-25,7805.0,78.27999877929688,67.20999908447266,2351.89990234375,4.112500190734863,234.6999969482422,2.0409998893737793,18.65999984741211,27.80699920654297,406.0,329.0,15.010000228881836,1116.0,537.75
2024-07-26,8038.0,77.16000366210938,66.06999969482422,2380.0,4.104499816894531,230.25,2.00600004196167,18.420000076293945,27.860000610351562,394.5,322.25,15.234999656677246,1077.5,523.5
2024-07-29,7716.0,75.80999755859375,67.51000213623047,2377.300048828125,4.061999797821045,230.39999389648438,1.906999945640564,19.010000228881836,27.702999114990234,396.25,323.25,15.210000038146973,1054.75,531.0
2024-07-30,8136.0,74.7300033569336,68.1500015258789,2405.0,4.063000202178955,230.8000030517578,2.125999927520752,19.1200008392334,28.364999771118164,388.75,326.0,15.234999656677246,1027.25,524.0
2024-07-31,8092.0,77.91000366210938,67.9800033569336,2426.5,4.159999847412109,229.1999969482422,2.0360000133514404,18.940000534057617,28.777999877929688,382.75,326.25,15.25,1028.5,527.25
2024-08-01,7562.0,76.30999755859375,66.87999725341797,2435.0,4.066500186920166,227.25,1.968000054359436,18.5,28.33099937438965,382.0,322.5,15.069999694824219,1022.0,532.0
2024-08-02,7520.0,73.5199966430664,67.18000030517578,2425.699951171875,4.084000110626221,230.5,1.9670000076293945,18.100000381469727,28.246000289916992,386.5,325.75,14.944999694824219,1029.25,539.0
2024-08-05,7901.0,72.94000244140625,66.55000305175781,2401.699951171875,3.9839999675750732,225.6999969482422,1.9420000314712524,18.079999923706055,27.076000213623047,390.75,323.25,15.274999618530273,1044.25,539.5
2024-08-06,8223.0,73.19999694824219,66.19999694824219,2389.10009765625,4.011499881744385,235.9499969482422,2.009999990463257,17.8700008392334,27.09600067138672,388.75,330.25,15.199999809265137,1028.5,543.25
2024-08-07,8586.0,75.2300033569336,66.47000122070312,2390.5,3.9375,246.3000030517578,2.111999988555908,18.139999389648438,26.829999923706055,383.25,328.75,15.154999732971191,1020.25,538.25
2024-08-08,8178.0,76.19000244140625,65.79000091552734,2422.199951171875,3.944999933242798,245.3000030517578,2.127000093460083,18.56999969482422,27.5,379.25,329.75,14.994999885559082,1009.75,537.5
2024-08-09,9098.0,76.83999633789062,67.08999633789062,2432.10009765625,3.9800000190734863,234.0500030517578,2.1429998874664307,18.479999542236328,27.48699951171875,376.75,322.0,14.835000038146973,1028.0,542.5
2024-08-12,8731.0,80.05999755859375,68.29000091552734,2462.39990234375,4.054999828338623,240.85000610351562,2.188999891281128,18.290000915527344,27.91699981689453,383.25,320.25,14.53499984741211,1012.0,536.75
2024-08-13,8862.0,78.3499984741211,67.0999984741211,2466.699951171875,4.035999774932861,232.6999969482422,2.1480000019073486,18.389999389648438,27.69499969482422,377.75,322.5,14.789999961853027,989.0,528.75
2024-08-14,8833.0,76.9800033569336,66.18000030517578,2439.39990234375,4.025000095367432,237.0,2.2190001010894775,17.969999313354492,27.253999710083008,381.0,320.75,14.979999542236328,979.75,534.75
2024-08-15,8485.0,78.16000366210938,66.33999633789062,2453.10009765625,4.138999938964844,239.89999389648438,2.197000026702881,17.8799991607666,28.341999053955078,375.0,318.25,14.704999923706055,951.5,528.25
2024-08-16,8637.0,76.6500015258789,66.45999908447266,2498.60009765625,4.127500057220459,245.4499969482422,2.122999906539917,18.030000686645508,28.777999877929688,370.5,319.5,14.574999809265137,938.75,530.0
2024-08-19,9173.0,74.37000274658203,67.9800033569336,2501.800048828125,4.166500091552734,245.89999389648438,2.234999895095825,18.020000457763672,29.239999771118164,378.0,320.75,14.890000343322754,956.25,528.25
2024-08-20,9486.0,74.04000091552734,68.80000305175781,2511.300048828125,4.149499893188477,249.4499969482422,2.197999954223633,17.56999969482422,29.454999923706055,375.0,330.5,14.960000038146973,957.25,533.0
2024-08-21,9582.0,71.93000030517578,69.70999908447266,2508.39990234375,4.18149995803833,249.4499969482422,2.177000045776367,17.649999618530273,29.47599983215332,375.5,327.0,14.789999961853027,963.0,519.75
2024-08-22,9689.0,73.01000213623047,69.58999633789062,2478.89990234375,4.140999794006348,246.8000030517578,2.052999973297119,17.850000381469727,29.006000518798828,371.5,321.25,14.914999961853027,941.25,511.0
2024-08-23,9821.0,74.83000183105469,71.29000091552734,2508.39990234375,4.194499969482422,251.1999969482422,2.0220000743865967,18.389999389648438,29.785999298095703,367.75,325.0,15.005000114440918,952.0,502.25
2024-08-26,9880.0,77.41999816894531,70.58000183105469,2517.699951171875,4.21150016784668,253.64999389648438,1.9559999704360962,19.040000915527344,29.976999282836914,362.0,321.0,15.09000015258789,959.75,498.0
2024-08-27,9785.0,75.52999877929688,70.0199966430664,2516.0,4.230500221252441,259.3999938964844,1.9040000438690186,19.600000381469727,29.951000213623047,367.25,324.0,15.319999694824219,967.5,508.25
2024-08-28,9730.0,74.5199966430664,68.73999786376953,2501.0,4.144999980926514,260.45001220703125,1.9299999475479126,19.540000915527344,29.176000595092773,365.25,340.25,15.130000114440918,958.5,514.25
2024-08-29,9600.0,75.91000366210938,70.12999725341797,2525.699951171875,4.147500038146973,251.8000030517578,2.13700008392334,19.889999389648438,29.55699920654297,371.75,349.0,15.039999961853027,973.75,525.0
2024-08-30,9666.0,73.55000305175781,69.79000091552734,2493.800048828125,4.144999980926514,248.1999969482422,2.127000093460083,19.3799991607666,28.731000900268555,378.0,328.75,15.015000343322754,982.0,532.75
2024-09-03,9663.0,70.33999633789062,70.76000213623047,2489.89990234375,4.0320000648498535,246.75,2.203000068664551,19.489999771118164,27.951000213623047,386.5,338.0,15.119999885559082,997.0,552.0
2024-09-04,9282.0,69.19999694824219,69.88999938964844,2493.39990234375,4.019499778747559,245.5500030517578,2.1449999809265137,19.239999771118164,28.16699981689453,390.5,347.75,15.354999542236328,1006.0,565.25
2024-09-05,9539.0,69.1500015258789,69.48999786376953,2511.39990234375,4.077499866485596,246.60000610351562,2.253999948501587,19.219999313354492,28.719999313354492,390.0,349.5,15.479999542236328,1008.25,561.0
2024-09-06,9459.0,67.66999816894531,67.12000274658203,2493.5,4.014500141143799,240.0500030517578,2.2750000953674316,18.90999984741211,27.808000564575195,383.75,343.0,15.300000190734863,989.25,553.25
2024-09-09,9839.0,68.70999908447266,67.54000091552734,2501.800048828125,4.084499835968018,249.4499969482422,2.1700000762939453,18.829999923706055,28.291000366210938,384.25,352.25,14.9399995803833,1000.0,555.5
2024-09-10,9654.0,65.75,68.08000183105469,2512.300048828125,4.040500164031982,248.0,2.2320001125335693,18.469999313354492,28.256999969482422,379.5,358.25,15.119999885559082,977.5,558.75
2024-09-11,10115.0,67.30999755859375,69.30999755859375,2512.10009765625,4.083000183105469,249.4499969482422,2.2699999809265137,18.729999542236328,28.562999725341797,380.5,358.75,15.354999542236328,979.75,563.75
2024-09-12,9968.0,68.97000122070312,70.05000305175781,2551.199951171875,4.132999897003174,252.0,2.3570001125335693,19.06999969482422,29.743000030517578,386.25,366.25,15.494999885559082,991.5,563.0
2024-09-13,10079.0,68.6500015258789,69.4800033569336,2581.300048828125,4.175000190734863,262.04998779296875,2.305000066757202,19.010000228881836,30.698999404907227,390.75,366.25,15.494999885559082,986.75,571.25
2024-09-16,7767.0,70.08999633789062,71.75,2580.39990234375,4.2129998207092285,259.04998779296875,2.372999906539917,19.18000030517578,30.770999908447266,410.75,363.25,15.300000190734863,1004.5,578.5
2024-09-17,7620.0,71.19000244140625,70.80999755859375,2564.300048828125,4.213500022888184,265.0,2.3239998817443848,19.979999542236328,30.618999481201172,412.5,351.25,15.345000267028809,1006.0,575.75
2024-09-18,7814.0,70.91000366210938,69.68000030517578,2570.699951171875,4.23799991607666,263.1499938964844,2.2839999198913574,21.15999984741211,30.340999603271484,412.75,355.25,15.46500015258789,1014.0,575.75
2024-09-19,7750.0,71.94999694824219,71.58000183105469,2588.0,4.285999774932861,261.6499938964844,2.3480000495910645,21.93000030517578,31.0939998626709,405.75,364.5,15.520000457763672,1013.25,565.5
2024-09-20,7658.0,71.91999816894531,72.20999908447266,2619.89990234375,4.281499862670898,250.75,2.434000015258789,22.65999984741211,31.176000595092773,401.75,367.0,15.555000305175781,1012.0,568.5
2024-09-23,7786.0,70.37000274658203,71.69999694824219,2626.5,4.289000034332275,263.6499938964844,2.61299991607666,22.549999237060547,30.767000198364258,413.5,368.75,15.545000076293945,1039.25,582.5
2024-09-24,7867.0,71.55999755859375,73.0999984741211,2651.199951171875,4.429500102996826,267.79998779296875,2.5510001182556152,23.1200008392334,32.111000061035156,411.75,365.0,15.260000228881836,1042.25,578.0
2024-09-25,7955.0,69.69000244140625,74.0199966430664,2659.199951171875,4.427999973297119,269.1000061035156,2.63700008392334,23.420000076293945,31.697999954223633,415.25,371.25,15.024999618530273,1053.25,589.25
2024-09-26,8122.0,67.66999816894531,73.86000061035156,2669.89990234375,4.580999851226807,273.8999938964844,2.5850000381469727,23.309999465942383,32.025001525878906,413.25,380.0,14.925000190734863,1041.0,584.25
2024-09-27,8281.0,68.18000030517578,73.54000091552734,2644.300048828125,4.540999889373779,269.1499938964844,2.9019999504089355,22.790000915527344,31.518999099731445,418.0,384.75,15.079999923706055,1065.75,580.0
2024-09-30,7722.0,68.16999816894531,73.55999755859375,2636.10009765625,4.495999813079834,270.25,2.9230000972747803,22.670000076293945,31.163999557495117,424.75,392.5,15.295000076293945,1057.0,584.0
2024-10-01,7039.0,69.83000183105469,73.0,2667.300048828125,4.5355000495910645,264.1499938964844,2.8959999084472656,22.969999313354492,31.44499969482422,429.0,388.0,15.300000190734863,1057.25,599.0
2024-10-02,7064.0,70.0999984741211,73.16000366210938,2647.10009765625,4.5960001945495605,256.5,2.885999917984009,22.68000030517578,31.628000259399414,432.5,389.75,15.164999961853027,1056.0,615.25
2024-10-03,7030.0,73.70999908447266,72.48999786376953,2657.10009765625,4.501999855041504,252.0500030517578,2.9700000286102295,23.239999771118164,32.18899917602539,428.25,383.75,15.170000076293945,1046.0,603.5
2024-10-04,7069.0,74.37999725341797,73.02999877929688,2645.800048828125,4.522500038146973,257.3500061035156,2.8540000915527344,23.010000228881836,32.12799835205078,424.75,388.25,15.095000267028809,1037.75,589.75
2024-10-07,6908.0,77.13999938964844,73.29000091552734,2644.800048828125,4.519000053405762,244.64999389648438,2.746000051498413,22.549999237060547,31.7450008392334,426.0,395.75,15.114999771118164,1034.0,592.5
2024-10-08,7050.0,73.56999969482422,72.02999877929688,2615.0,4.4120001792907715,248.1999969482422,2.7330000400543213,22.489999771118164,30.354999542236328,420.75,389.0,15.135000228881836,1016.25,594.75
2024-10-09,7351.0,73.23999786376953,72.01000213623047,2606.0,4.355000019073486,250.0500030517578,2.6600000858306885,22.040000915527344,30.424999237060547,421.0,387.25,15.164999961853027,1020.25,599.0
2024-10-10,7529.0,75.8499984741211,72.66000366210938,2620.60009765625,4.385000228881836,254.75,2.674999952316284,22.15999984741211,31.0049991607666,418.5,384.0,15.0649995803833,1014.75,603.75
2024-10-11,7739.0,75.55999755859375,72.20999908447266,2657.60009765625,4.451499938964844,252.0500030517578,2.631999969482422,22.239999771118164,31.520000457763672,415.75,379.75,14.994999885559082,1005.5,599.0
2024-10-14,7615.0,73.83000183105469,71.02999877929688,2647.800048828125,4.363500118255615,262.04998779296875,2.49399995803833,22.389999389648438,31.08300018310547,408.25,372.75,15.104999542236328,996.0,585.25
2024-10-15,7942.0,70.58000183105469,70.62000274658203,2661.39990234375,4.30049991607666,256.70001220703125,2.497999906539917,22.81999969482422,31.527000427246094,401.25,377.0,15.039999961853027,991.0,579.5
2024-10-16,7765.0,70.38999938964844,71.26000213623047,2674.0,4.331500053405762,258.0,2.367000102996826,22.0,31.760000228881836,404.75,379.0,15.069999694824219,980.0,585.0
2024-10-17,7771.0,70.66999816894531,70.76000213623047,2691.0,4.286499977111816,255.14999389648438,2.3469998836517334,22.15999984741211,31.572999954223633,406.75,388.25,14.994999885559082,988.75,589.5
2024-10-18,7450.0,69.22000122070312,70.98999786376953,2713.699951171875,4.3460001945495605,257.29998779296875,2.257999897003174,22.18000030517578,33.03200149536133,404.75,382.5,15.0,970.0,572.75
2024-10-21,7394.0,70.55999755859375,72.19999694824219,2723.10009765625,4.322999954223633,251.6999969482422,2.312000036239624,21.829999923706055,33.86899948120117,409.5,379.5,15.09000015258789,981.0,572.25
2024-10-22,7140.0,72.08999633789062,72.08000183105469,2744.199951171875,4.3480000495910645,249.85000610351562,2.311000108718872,21.729999542236328,34.83100128173828,416.5,383.0,15.125,991.75,576.0
2024-10-23,7001.0,70.7699966430664,72.51000213623047,2714.39990234375,4.304500102996826,252.35000610351562,2.3420000076293945,22.34000015258789,33.63999938964844,419.0,380.5,15.104999542236328,997.5,578.5
2024-10-24,6756.0,70.19000244140625,71.52999877929688,2734.89990234375,4.319499969482422,245.4499969482422,2.5220000743865967,22.200000762939453,33.611000061035156,421.5,376.75,15.039999961853027,996.25,581.5
2024-10-25,6770.0,71.77999877929688,70.66000366210938,2740.89990234375,4.3394999504089355,248.39999389648438,2.559999942779541,22.139999389648438,33.60300064086914,415.25,380.25,15.079999923706055,987.75,569.0
2024-10-28,6917.0,67.37999725341797,70.36000061035156,2742.89990234375,4.331999778747559,252.35000610351562,2.309000015258789,21.959999084472656,33.83000183105469,410.75,379.75,15.074999809265137,974.0,558.75
2024-10-29,7267.0,67.20999908447266,70.55999755859375,2768.39990234375,4.332499980926514,248.10000610351562,2.3459999561309814,22.079999923706055,34.26900100708008,413.75,384.0,14.9399995803833,965.25,570.5
2024-10-30,7391.0,68.61000061035156,69.91999816894531,2788.5,4.327499866485596,249.60000610351562,2.8450000286102295,22.219999313354492,33.91400146484375,411.5,390.75,14.574999809265137,976.5,573.25
2024-10-31,7334.0,69.26000213623047,69.56999969482422,2738.300048828125,4.313499927520752,245.89999389648438,2.7070000171661377,22.739999771118164,32.65299987792969,410.75,394.5,14.694999694824219,982.5,570.5
2024-11-01,7341.0,69.48999786376953,70.16999816894531,2738.60009765625,4.347499847412109,242.9499969482422,2.6630001068115234,22.06999969482422,32.54199981689453,414.5,399.25,14.824999809265137,982.5,568.0
2024-11-04,7328.0,71.47000122070312,69.93000030517578,2736.10009765625,4.4070000648498535,245.9499969482422,2.7809998989105225,21.93000030517578,32.47999954223633,416.5,390.0,14.710000038146973,987.25,568.75
2024-11-05,7251.0,71.98999786376953,69.94999694824219,2740.300048828125,4.450500011444092,250.14999389648438,2.6700000762939453,21.899999618530273,32.654998779296875,418.5,391.25,14.470000267028809,993.75,572.5
2024-11-06,6924.0,71.69000244140625,69.69000244140625,2667.60009765625,4.222499847412109,248.75,2.746999979019165,22.030000686645508,31.22100067138672,426.25,391.75,14.460000038146973,994.5,573.25
2024-11-07,7360.0,72.36000061035156,71.05000305175781,2698.39990234375,4.409999847412109,260.3999938964844,2.693000078201294,22.200000762939453,31.764999389648438,427.5,383.25,14.399999618530273,1015.5,571.5
2024-11-08,7117.0,70.37999725341797,70.9800033569336,2687.5,4.286499977111816,253.35000610351562,2.6689999103546143,21.81999969482422,31.358999252319336,431.0,361.5,14.359999656677246,1016.75,572.5
2024-11-11,7298.0,68.04000091552734,69.69000244140625,2611.199951171875,4.210999965667725,256.20001220703125,2.9200000762939453,21.360000610351562,30.540000915527344,430.0,345.75,14.550000190734863,1011.75,565.5
2024-11-12,7867.0,68.12000274658203,68.7699966430664,2600.0,4.119500160217285,263.54998779296875,2.9070000648498535,21.350000381469727,30.68600082397461,428.5,345.0,14.8100004196167,1003.5,552.25
2024-11-13,8163.0,68.43000030517578,68.9000015258789,2580.800048828125,4.065999984741211,271.6499938964844,2.9830000400543213,21.170000076293945,30.59000015258789,426.5,342.0,14.9399995803833,1004.25,541.0
2024-11-14,8686.0,68.69999694824219,68.31999969482422,2568.199951171875,4.072999954223633,278.95001220703125,2.7850000858306885,21.559999465942383,30.507999420166016,419.0,348.5,14.675000190734863,985.75,530.25
2024-11-15,8607.0,67.0199966430664,66.80000305175781,2565.699951171875,4.051000118255615,281.79998779296875,2.822999954223633,21.579999923706055,30.371000289916992,424.0,356.75,15.045000076293945,998.5,536.5
2024-11-18,8404.0,69.16000366210938,66.62000274658203,2610.60009765625,4.107999801635742,280.75,2.9730000495910645,22.200000762939453,31.163000106811523,429.25,363.75,15.164999961853027,1009.75,547.25
2024-11-19,8574.0,69.38999938964844,66.88999938964844,2627.10009765625,4.130000114440918,279.75,2.997999906539917,22.020000457763672,31.20800018310547,427.25,344.75,15.095000267028809,998.5,549.75
2024-11-20,8340.0,68.87000274658203,68.45999908447266,2648.199951171875,4.143499851226807,295.29998779296875,3.193000078201294,21.649999618530273,30.95599937438965,430.25,344.75,15.119999885559082,990.5,552.5
2024-11-21,8449.0,70.0999984741211,69.19000244140625,2672.10009765625,4.11299991607666,298.6499938964844,3.3389999866485596,21.3799991607666,30.91200065612793,426.75,346.25,15.170000076293945,977.75,548.75
2024-11-22,8897.0,71.23999786376953,71.6500015258789,2709.89990234375,4.073999881744385,305.25,3.128999948501587,21.360000610351562,31.30900001525879,425.5,349.25,15.145000457763672,983.5,544.25
2024-11-25,8863.0,68.94000244140625,73.19999694824219,2616.800048828125,4.0914998054504395,308.3500061035156,3.36899995803833,21.149999618530273,30.209999084472656,424.75,345.0,14.9350004196167,985.75,535.75
2024-11-26,9033.0,68.7699966430664,73.37000274658203,2620.300048828125,4.039000034332275,312.1499938964844,3.430999994277954,21.56999969482422,30.38800048828125,420.0,347.75,15.125,983.5,539.5
2024-11-27,8844.0,68.72000122070312,73.56999969482422,2639.89990234375,4.066999912261963,326.1499938964844,3.2039999961853027,21.690000534057617,30.111000061035156,415.75,334.25,15.170000076293945,988.75,537.75
2024-11-29,9220.0,68.0,73.3499984741211,2657.0,4.08050012588501,321.6499938964844,3.36299991607666,21.079999923706055,30.684999465942383,423.0,337.5,15.21500015258789,989.5,532.25
2024-12-02,9197.0,68.0999984741211,72.43000030517578,2634.89990234375,4.075500011444092,299.20001220703125,3.2130000591278076,21.06999969482422,30.448999404907227,424.5,348.5,15.289999961853027,985.25,537.5
2024-12-03,8833.0,69.94000244140625,72.69000244140625,2644.699951171875,4.145999908447266,297.70001220703125,3.0420000553131104,21.3700008392334,31.07699966430664,423.25,356.75,15.295000076293945,991.75,536.75
2024-12-04,9196.0,68.54000091552734,72.5999984741211,2653.800048828125,4.142000198364258,305.95001220703125,3.0429999828338623,21.260000228881836,31.5049991607666,422.0,356.0,15.140000343322754,983.75,538.0
2024-12-05,9648.0,68.30000305175781,72.38999938964844,2626.60009765625,4.135000228881836,315.75,3.0789999961853027,21.200000762939453,31.134000778198242,426.5,341.5,15.154999732971191,993.75,546.75
2024-12-06,9767.0,67.19999694824219,71.4000015258789,2638.60009765625,4.138500213623047,332.5,3.0759999752044678,21.809999465942383,31.18600082397461,430.75,336.75,15.085000038146973,993.75,542.5
2024-12-09,9977.0,68.37000274658203,69.94999694824219,2664.89990234375,4.223499774932861,332.29998779296875,3.181999921798706,21.5,32.215999603271484,434.0,332.0,15.109999656677246,990.0,541.25
2024-12-10,10387.0,68.58999633789062,69.4800033569336,2697.60009765625,4.223499774932861,335.6499938964844,3.1630001068115234,21.040000915527344,32.362998962402344,440.5,331.25,15.09000015258789,994.75,542.0
2024-12-11,10458.0,70.29000091552734,70.1500015258789,2733.800048828125,4.214000225067139,321.70001220703125,3.378000020980835,21.280000686645508,32.5620002746582,438.0,334.75,15.03499984741211,995.5,543.5
2024-12-12,10702.0,70.0199966430664,70.08999633789062,2687.5,4.195000171661377,322.6000061035156,3.4549999237060547,20.889999389648438,31.22800064086914,431.75,339.25,15.005000114440918,995.75,538.75
2024-12-13,11181.0,71.29000091552734,69.2699966430664,2656.0,4.14900016784668,320.8500061035156,3.2799999713897705,20.719999313354492,30.655000686645508,430.0,340.5,14.979999542236328,988.25,526.5
2024-12-16,11821.0,70.70999908447266,69.05999755859375,2651.39990234375,4.143499851226807,328.75,3.2139999866485596,20.68000030517578,30.69700050354004,445.0,368.0,14.949999809265137,982.0,550.0
2024-12-17,11765.0,70.08000183105469,68.69000244140625,2644.39990234375,4.0914998054504395,325.45001220703125,3.308000087738037,19.84000015258789,30.572999954223633,443.5,364.0,14.979999542236328,976.75,545.0
2024-12-18,12565.0,70.58000183105469,68.08000183105469,2636.5,4.099999904632568,333.1499938964844,3.374000072479248,19.649999618530273,30.40999984741211,437.25,359.5,14.8149995803833,951.75,541.25
2024-12-19,12107.0,69.91000366210938,67.91000366210938,2592.199951171875,4.020500183105469,323.75,3.5840001106262207,19.399999618530273,29.0939998626709,440.75,355.75,14.40999984741211,963.0,533.0
2024-12-20,11954.0,69.45999908447266,68.05999755859375,2628.699951171875,4.040999889373779,325.0,3.747999906539917,19.510000228881836,29.65999984741211,446.25,351.25,14.074999809265137,974.5,533.0
2024-12-23,11746.0,69.23999786376953,69.41999816894531,2612.300048828125,4.0229997634887695,327.25,3.6559998989105225,19.540000915527344,29.88800048828125,447.75,341.0,14.010000228881836,969.5,540.5
2024-12-24,11852.0,70.0999984741211,68.77999877929688,2620.0,4.049499988555908,328.6000061035156,3.946000099182129,19.540000915527344,29.974000930786133,448.5,332.5,14.050000190734863,975.25,534.75
2024-12-26,11027.0,69.62000274658203,68.75,2638.800048828125,4.072000026702881,324.6499938964844,3.7149999141693115,19.260000228881836,30.047000885009766,453.75,330.5,13.914999961853027,988.0,541.0
2024-12-27,10124.0,70.5999984741211,68.88999938964844,2617.199951171875,4.0625,322.6499938964844,3.5139999389648438,19.3700008392334,29.655000686645508,454.0,318.0,13.760000228881836,980.0,546.5
2024-12-30,11507.0,70.98999786376953,68.4800033569336,2606.10009765625,4.045499801635742,321.0,3.936000108718872,19.1299991607666,29.106000900268555,452.25,324.0,13.609999656677246,982.0,548.25
2024-12-31,11675.0,71.72000122070312,68.4000015258789,2629.199951171875,3.9860000610351562,319.75,3.632999897003174,19.260000228881836,28.940000534057617,458.5,330.5,14.024999618530273,998.25,551.5
2025-01-02,11137.0,73.12999725341797,68.56999969482422,2658.89990234375,3.9885001182556152,326.8500061035156,3.6600000858306885,19.729999542236328,29.621999740600586,459.5,329.5,14.045000076293945,999.5,545.75
2025-01-03,11238.0,73.95999908447266,67.66000366210938,2645.0,4.0395002365112305,318.6499938964844,3.3540000915527344,19.649999618530273,29.805999755859375,450.75,322.25,13.84000015258789,981.0,529.25
2025-01-06,11377.0,73.55999755859375,68.68000030517578,2638.39990234375,4.126999855041504,318.6000061035156,3.671999931335449,19.329999923706055,30.341999053955078,457.75,331.0,13.850000381469727,992.5,540.5
2025-01-07,11210.0,74.25,68.51000213623047,2656.699951171875,4.1605000495910645,320.5,3.4489998817443848,19.450000762939453,30.44700050354004,458.0,326.0,13.84000015258789,992.25,542.5
2025-01-08,10453.0,73.31999969482422,68.2300033569336,2664.5,4.227499961853027,316.45001220703125,3.6510000228881836,19.239999771118164,30.45199966430664,454.0,324.0,14.03499984741211,987.5,536.25
2025-01-09,10927.0,73.91999816894531,68.5,2683.800048828125,4.2795000076293945,318.5,3.7009999752044678,19.100000381469727,30.791000366210938,456.0,322.5,14.270000457763672,992.25,534.0
2025-01-10,10570.0,76.56999969482422,67.01000213623047,2708.5,4.274499893188477,323.8500061035156,3.989000082015991,19.219999313354492,31.090999603271484,470.5,328.5,14.369999885559082,1013.5,530.75
2025-01-13,10928.0,78.81999969482422,67.63999938964844,2673.5,4.295499801635742,325.95001220703125,3.934000015258789,18.899999618530273,30.090999603271484,476.5,344.0,14.369999885559082,1041.5,545.0
2025-01-14,10951.0,77.5,67.5,2677.5,4.310500144958496,321.95001220703125,3.9679999351501465,18.31999969482422,30.131999969482422,474.5,354.25,14.53499984741211,1043.0,546.25
2025-01-15,10821.0,80.04000091552734,67.7699966430664,2712.5,4.359499931335449,330.45001220703125,4.083000183105469,18.010000228881836,31.319000244140625,478.75,349.75,14.829999923706055,1042.75,547.0
2025-01-16,10502.0,78.68000030517578,66.7300033569336,2746.39990234375,4.4105000495910645,327.1499938964844,4.257999897003174,18.40999984741211,31.523000717163086,474.5,349.75,14.640000343322754,1019.0,537.5
2025-01-17,11173.0,77.87999725341797,67.5999984741211,2744.300048828125,4.337500095367432,328.3500061035156,3.947999954223633,18.219999313354492,30.951000213623047,484.25,362.5,14.805000305175781,1034.0,538.75
2025-01-21,11559.0,75.88999938964844,67.66000366210938,2755.0,4.310999870300293,327.79998779296875,3.75600004196167,17.790000915527344,31.31100082397461,490.0,372.75,14.989999771118164,1067.25,558.75
2025-01-22,11675.0,75.44000244140625,67.13999938964844,2767.60009765625,4.271500110626221,341.8500061035156,3.9600000381469727,18.15999984741211,31.23900032043457,484.25,366.5,14.819999694824219,1056.0,554.0
2025-01-23,11552.0,74.62000274658203,67.47000122070312,2763.10009765625,4.299499988555908,343.95001220703125,3.944999933242798,18.690000534057617,30.67300033569336,489.75,367.25,14.850000381469727,1065.5,554.0
2025-01-24,11593.0,74.66000366210938,67.61000061035156,2777.300048828125,4.289999961853027,347.54998779296875,4.0269999504089355,19.020000457763672,31.023000717163086,486.5,360.25,14.675000190734863,1055.75,544.0
2025-01-27,11372.0,73.16999816894531,67.2699966430664,2737.5,4.203499794006348,349.20001220703125,3.697000026702881,19.170000076293945,30.253999710083008,482.0,350.25,14.475000381469727,1045.0,535.5
2025-01-28,11374.0,73.7699966430664,66.9800033569336,2766.800048828125,4.2204999923706055,357.5,3.4709999561309814,19.229999542236328,30.726999282836914,485.25,349.0,14.199999809265137,1045.0,545.25
2025-01-29,11745.0,72.62000274658203,66.66000366210938,2769.10009765625,4.257500171661377,366.54998779296875,3.5350000858306885,19.450000762939453,31.238000869750977,497.0,350.0,14.130000114440918,1060.5,562.5
2025-01-30,11207.0,72.7300033569336,66.2699966430664,2823.0,4.288000106811523,373.3999938964844,3.046999931335449,19.469999313354492,32.36399841308594,490.25,349.25,13.9350004196167,1044.0,566.5
2025-01-31,10987.0,72.52999877929688,65.87999725341797,2812.5,4.26200008392334,377.8500061035156,3.0439999103546143,19.350000381469727,32.12799835205078,482.0,347.5,13.845000267028809,1042.0,559.5
2025-02-03,11002.0,73.16000366210938,66.04000091552734,2833.89990234375,4.294000148773193,380.8999938964844,3.3519999980926514,19.260000228881836,32.391998291015625,488.75,353.0,13.729999542236328,1058.25,566.75
2025-02-04,10913.0,72.69999694824219,66.94000244140625,2853.300048828125,4.34250020980835,383.3500061035156,3.253000020980835,19.65999984741211,32.88800048828125,494.5,359.25,13.550000190734863,1075.0,577.0
2025-02-05,10514.0,71.02999877929688,66.04000091552734,2871.60009765625,4.434500217437744,397.75,3.359999895095825,19.760000228881836,32.856998443603516,493.25,367.75,13.5,1057.0,572.25
2025-02-06,10094.0,70.61000061035156,66.02999877929688,2856.0,4.453499794006348,403.95001220703125,3.4079999923706055,19.56999969482422,32.518001556396484,495.25,364.0,13.649999618530273,1060.5,587.75
2025-02-07,10018.0,71.0,65.62999725341797,2867.300048828125,4.581500053405762,404.3500061035156,3.309000015258789,19.360000610351562,32.334999084472656,487.5,350.25,13.71500015258789,1049.5,582.75
2025-02-10,9714.0,72.31999969482422,66.54000091552734,2914.300048828125,4.700500011444092,429.04998779296875,3.444000005722046,19.5,32.391998291015625,491.5,341.25,13.930000305175781,1049.5,579.5
2025-02-11,10131.0,73.31999969482422,67.4000015258789,2912.5,4.5945000648498535,413.45001220703125,3.5190000534057617,19.8700008392334,32.23099899291992,484.0,339.0,13.975000381469727,1043.5,577.0
2025-02-12,10006.0,71.37000274658203,67.47000122070312,2909.0,4.697999954223633,431.79998779296875,3.565000057220459,19.760000228881836,32.69499969482422,490.25,333.0,13.8100004196167,1027.75,574.25
2025-02-13,10381.0,71.29000091552734,66.83000183105469,2925.89990234375,4.769000053405762,438.8999938964844,3.628000020980835,20.170000076293945,32.650001525878906,493.5,331.75,14.039999961853027,1030.0,577.75
2025-02-14,10159.0,70.73999786376953,67.11000061035156,2883.60009765625,4.656499862670898,419.75,3.7249999046325684,20.420000076293945,32.80099868774414,496.25,337.5,14.015000343322754,1036.0,600.0
2025-02-18,10301.0,71.8499984741211,67.51000213623047,2931.60009765625,4.585000038146973,419.0,4.006999969482422,20.520000457763672,33.31700134277344,502.0,344.0,14.010000228881836,1038.5,604.75
2025-02-19,10218.0,72.25,66.23999786376953,2919.39990234375,4.557000160217285,417.8999938964844,4.28000020980835,20.690000534057617,32.99300003051758,497.5,341.25,13.994999885559082,1031.75,592.0
2025-02-20,10075.0,72.56999969482422,65.97000122070312,2940.0,4.607999801635742,395.75,4.1519999504089355,21.049999237060547,33.444000244140625,498.0,356.25,13.954999923706055,1045.5,585.5
2025-02-21,8934.0,70.4000015258789,66.08000183105469,2937.60009765625,4.559999942779541,400.0,4.234000205993652,21.309999465942383,32.97600173950195,491.25,359.25,13.600000381469727,1039.5,590.0
2025-02-24,8352.0,70.69999694824219,66.51000213623047,2947.89990234375,4.517000198364258,393.79998779296875,3.99399995803833,21.09000015258789,32.57500076293945,482.5,354.0,13.444999694824219,1029.0,579.0
2025-02-25,8675.0,68.93000030517578,65.95999908447266,2904.5,4.486000061035156,380.5,4.173999786376953,21.459999084472656,31.801000595092773,479.75,374.0,13.454999923706055,1031.25,572.75
2025-02-26,9100.0,68.62000274658203,65.37000274658203,2916.800048828125,4.541999816894531,379.45001220703125,3.9059998989105225,20.639999389648438,32.25299835205078,478.25,362.25,13.220000267028809,1024.5,566.0
2025-02-27,9130.0,70.3499984741211,65.19999694824219,2883.199951171875,4.579999923706055,378.75,3.934000015258789,19.690000534057617,31.801000595092773,464.75,360.25,13.279999732971191,1022.75,546.75
2025-02-28,9014.0,69.76000213623047,63.880001068115234,2836.800048828125,4.514500141143799,379.04998779296875,3.8340001106262207,19.510000228881836,31.2189998626709,453.5,360.25,13.28499984741211,1011.5,537.0
2025-03-03,8082.0,68.37000274658203,64.13999938964844,2890.199951171875,4.576499938964844,392.70001220703125,4.122000217437744,18.219999313354492,32.03200149536133,440.25,353.5,13.345000267028809,998.25,532.0
2025-03-04,8225.0,68.26000213623047,62.040000915527344,2909.60009765625,4.527500152587891,403.75,4.349999904632568,18.100000381469727,32.108001708984375,436.0,374.75,13.279999732971191,984.0,518.5
2025-03-05,7915.0,66.30999755859375,62.36000061035156,2915.300048828125,4.766499996185303,415.5,4.449999809265137,18.200000762939453,32.858001708984375,440.25,370.0,13.0600004196167,997.75,530.75
2025-03-06,8036.0,66.36000061035156,63.900001525878906,2916.60009765625,4.7789998054504395,393.0,4.302000045776367,18.1299991607666,33.0629997253418,449.5,366.25,12.890000343322754,1014.0,537.0
2025-03-07,8141.0,67.04000091552734,64.76000213623047,2904.699951171875,4.683000087738037,390.20001220703125,4.39900016784668,18.309999465942383,32.54800033569336,455.25,360.5,13.244999885559082,1010.25,533.75
2025-03-10,8279.0,66.02999877929688,66.0,2891.0,4.639500141143799,389.3500061035156,4.491000175476074,18.850000381469727,32.275001525878906,458.75,366.0,13.680000305175781,999.75,545.25
2025-03-11,8151.0,66.25,66.0,2912.89990234375,4.739999771118164,399.45001220703125,4.453000068664551,18.670000076293945,32.88800048828125,456.5,358.5,13.75,997.75,541.0
2025-03-12,8204.0,67.68000030517578,66.9800033569336,2939.10009765625,4.821000099182129,392.20001220703125,4.084000110626221,18.860000610351562,33.48400115966797,448.75,357.25,13.539999961853027,987.5,538.75
2025-03-13,8031.0,66.55000305175781,66.52999877929688,2984.300048828125,4.898499965667725,390.6000061035156,4.111000061035156,19.25,34.05099868774414,453.5,359.5,13.524999618530273,996.75,547.25
2025-03-14,7728.0,67.18000030517578,67.37000274658203,2994.5,4.869500160217285,382.1000061035156,4.104000091552734,19.190000534057617,34.1870002746582,445.5,359.5,13.425000190734863,999.25,545.75
2025-03-17,7827.0,67.58000183105469,66.9800033569336,3000.0,4.933499813079834,389.3500061035156,4.01800012588501,19.969999313354492,34.07400131225586,461.0,369.0,13.479999542236328,1015.5,568.5
2025-03-18,8021.0,66.9000015258789,66.47000122070312,3035.10009765625,4.993000030517578,387.1499938964844,4.052000045776367,19.989999771118164,34.57899856567383,458.75,366.0,13.529999732971191,1012.75,565.0
2025-03-19,8121.0,67.16000366210938,66.3499984741211,3035.89990234375,5.076000213623047,394.6000061035156,4.247000217437744,19.690000534057617,33.974998474121094,462.0,371.5,13.274999618530273,1008.25,563.5
2025-03-20,8071.0,68.26000213623047,66.08000183105469,3040.0,5.085000038146973,392.1499938964844,3.9749999046325684,20.0,33.7859992980957,469.0,378.5,13.3100004196167,1013.0,557.25
2025-03-21,7765.0,68.27999877929688,65.2699966430664,3018.199951171875,5.087500095367432,391.3999938964844,3.9800000190734863,19.719999313354492,33.290000915527344,464.25,380.75,13.420000076293945,1009.75,558.25
2025-03-24,8079.0,69.11000061035156,65.41999816894531,3013.10009765625,5.064000129699707,393.3999938964844,3.9140000343322754,19.260000228881836,33.26499938964844,464.5,373.5,13.364999771118164,1007.25,548.25
2025-03-25,7995.0,69.0,65.13999938964844,3023.699951171875,5.183000087738037,398.54998779296875,3.8399999141693115,19.510000228881836,34.00199890136719,457.75,367.5,13.1850004196167,1001.75,543.25
2025-03-26,8044.0,69.6500015258789,65.68000030517578,3020.89990234375,5.216000080108643,392.0,3.8610000610351562,19.350000381469727,34.03300094604492,451.25,361.25,13.180000305175781,1001.0,535.25
2025-03-27,7979.0,69.91999816894531,67.06999969482422,3060.199951171875,5.097499847412109,378.79998779296875,3.950000047683716,19.09000015258789,34.89699935913086,450.0,357.0,13.46500015258789,1016.75,532.0
2025-03-28,8042.0,69.36000061035156,66.9000015258789,3086.5,5.112500190734863,379.95001220703125,4.065000057220459,18.959999084472656,34.64400100708008,453.25,350.25,13.515000343322754,1023.0,528.25
2025-03-31,7902.0,71.4800033569336,66.83000183105469,3122.800048828125,5.019999980926514,379.75,4.11899995803833,18.860000610351562,34.457000732421875,457.25,346.25,13.569999694824219,1014.75,537.0
2025-04-01,8177.0,71.19999694824219,68.25,3118.89990234375,5.019000053405762,389.04998779296875,3.9509999752044678,19.350000381469727,34.15800094604492,461.75,355.0,13.300000190734863,1034.25,540.5
2025-04-02,8968.0,71.70999908447266,67.80000305175781,3139.89990234375,5.023499965667725,388.8500061035156,4.054999828338623,19.59000015258789,34.499000549316406,457.75,366.0,13.225000381469727,1029.5,539.25
2025-04-03,9291.0,66.94999694824219,64.80000305175781,3097.0,4.810999870300293,385.25,4.138000011444092,19.110000610351562,31.8439998626709,457.5,352.0,13.074999809265137,1011.5,536.0
2025-04-04,8512.0,61.9900016784668,63.36000061035156,3012.0,4.384500026702881,365.70001220703125,3.8369998931884766,18.84000015258789,29.115999221801758,460.25,342.75,13.074999809265137,977.0,529.0
2025-04-07,8053.0,60.70000076293945,65.98999786376953,2951.300048828125,4.169000148773193,344.79998779296875,3.6549999713897705,18.68000030517578,29.510000228881836,464.5,336.75,13.319999694824219,983.0,536.5
2025-04-08,7755.0,59.58000183105469,65.55000305175781,2968.39990234375,4.127500057220459,342.8999938964844,3.4649999141693115,18.309999465942383,29.591999053955078,469.0,330.0,13.510000228881836,992.75,540.0
2025-04-09,8447.0,62.349998474121094,66.62999725341797,3056.5,4.17549991607666,341.70001220703125,3.815999984741211,17.90999984741211,30.322999954223633,474.0,330.25,13.550000190734863,1012.75,542.25
2025-04-10,8088.0,60.06999969482422,66.47000122070312,3155.199951171875,4.321000099182129,342.8500061035156,3.556999921798706,18.1200008392334,30.67099952697754,483.0,339.5,13.244999885559082,1029.0,538.0
2025-04-11,8511.0,61.5,65.88999938964844,3222.199951171875,4.507500171661377,357.70001220703125,3.5269999504089355,18.0,31.823999404907227,490.25,345.75,13.505000114440918,1042.75,555.75
2025-04-14,8247.0,61.529998779296875,64.08999633789062,3204.800048828125,4.610499858856201,360.3999938964844,3.325000047683716,17.8700008392334,32.09199905395508,485.0,346.75,13.710000038146973,1041.75,547.5
2025-04-15,8002.0,61.33000183105469,65.08000183105469,3218.699951171875,4.611000061035156,369.3999938964844,3.3289999961853027,17.520000457763672,32.22700119018555,481.25,342.75,13.729999542236328,1036.0,542.0
2025-04-16,8096.0,62.470001220703125,65.79000091552734,3326.60009765625,4.673999786376953,376.04998779296875,3.246999979019165,17.860000610351562,32.92599868774414,484.25,347.5,13.399999618530273,1038.75,547.75
2025-04-17,8365.0,64.68000030517578,66.31999969482422,3308.699951171875,4.731500148773193,375.5,3.244999885559082,17.93000030517578,32.41999816894531,482.25,356.5,13.470000267028809,1036.5,548.75
2025-04-21,8810.0,63.08000183105469,65.7699966430664,3406.199951171875,4.7210001945495605,366.79998779296875,3.0160000324249268,17.809999465942383,32.49599838256836,481.75,355.75,13.545000076293945,1029.5,538.5
2025-04-22,9310.0,64.30999755859375,67.04000091552734,3400.800048828125,4.870500087738037,377.6499938964844,3.006999969482422,17.989999771118164,32.880001068115234,475.75,357.75,13.305000305175781,1035.0,535.5
2025-04-23,9104.0,62.27000045776367,68.75,3276.300048828125,4.8354997634887695,392.3999938964844,3.0220000743865967,17.940000534057617,33.518001556396484,472.0,355.75,13.204999923706055,1040.25,528.25
2025-04-24,9391.0,62.790000915527344,67.30000305175781,3332.0,4.849999904632568,408.0,2.930000066757202,17.920000076293945,33.481998443603516,477.25,358.5,13.109999656677246,1053.0,529.25
2025-04-25,9652.0,63.02000045776367,66.8499984741211,3282.39990234375,4.8354997634887695,408.25,2.937000036239624,18.18000030517578,32.98899841308594,478.75,364.75,12.9350004196167,1049.75,530.0
2025-04-28,9217.0,62.04999923706055,66.37999725341797,3332.5,4.8379998207092285,421.54998779296875,3.1700000762939453,17.84000015258789,32.9900016784668,475.5,369.25,12.510000228881836,1052.0,515.5
2025-04-29,9146.0,60.41999816894531,66.3499984741211,3318.800048828125,4.822999954223633,412.6499938964844,3.385999917984009,17.6200008392334,33.275001525878906,460.5,381.25,12.475000381469727,1041.0,505.75
2025-04-30,9127.0,58.209999084472656,65.7699966430664,3305.0,4.559999942779541,413.6000061035156,3.3259999752044678,17.459999084472656,32.53099822998047,467.25,356.25,12.944999694824219,1034.75,513.0
2025-05-01,8973.0,59.2400016784668,65.61000061035156,3210.0,4.580999851226807,395.70001220703125,3.4790000915527344,17.15999984741211,32.18899917602539,464.25,365.0,12.805000305175781,1040.25,515.25
2025-05-02,9127.0,58.290000915527344,70.18000030517578,3231.89990234375,4.627500057220459,395.3999938964844,3.630000114440918,17.200000762939453,31.98900032043457,461.25,361.25,12.614999771118164,1048.75,526.5
2025-05-05,8758.0,57.130001068115234,70.3499984741211,3311.300048828125,4.65500020980835,398.95001220703125,3.549999952316284,17.469999313354492,32.20500183105469,446.5,361.0,12.444999694824219,1038.0,514.25
2025-05-06,9175.0,59.09000015258789,71.94000244140625,3411.39990234375,4.735000133514404,401.1000061035156,3.4630000591278076,17.440000534057617,33.112998962402344,447.5,368.75,12.600000381469727,1034.75,519.0
2025-05-07,9398.0,58.06999969482422,70.47000122070312,3381.39990234375,4.616499900817871,396.20001220703125,3.621000051498413,17.1299991607666,32.53099822998047,441.0,370.0,12.71500015258789,1030.5,518.0
2025-05-08,9268.0,59.90999984741211,66.69000244140625,3296.60009765625,4.560999870300293,397.79998779296875,3.5920000076293945,17.5,32.37799835205078,439.0,370.0,12.475000381469727,1036.75,513.0
2025-05-09,9387.0,61.02000045776367,66.61000061035156,3335.39990234375,4.611000061035156,397.1499938964844,3.7950000762939453,17.780000686645508,32.67599868774414,441.5,375.0,12.404999732971191,1044.0,505.5
2025-05-12,9340.0,61.95000076293945,66.62999725341797,3220.0,4.578499794006348,382.45001220703125,3.6459999084472656,17.700000762939453,32.38800048828125,440.25,381.25,12.3149995803833,1066.0,499.0
2025-05-13,10171.0,63.66999816894531,66.27999877929688,3240.300048828125,4.68149995803833,384.8500061035156,3.6470000743865967,18.219999313354492,32.86800003051758,436.0,377.25,12.024999618530273,1067.25,501.5
2025-05-14,10129.0,63.150001525878906,65.4800033569336,3181.39990234375,4.611000061035156,373.95001220703125,3.492000102996826,18.059999465942383,32.22600173950195,438.5,377.25,12.46500015258789,1067.0,508.75
2025-05-15,10257.0,61.619998931884766,65.43000030517578,3220.699951171875,4.644499778747559,384.95001220703125,3.361999988555908,17.670000076293945,32.48099899291992,448.5,340.0,12.90999984741211,1051.25,532.75
2025-05-16,10898.0,62.4900016784668,64.88999938964844,3182.0,4.555500030517578,376.25,3.3340001106262207,17.520000457763672,32.15800094604492,443.5,342.5,12.8149995803833,1050.0,525.0
2025-05-19,10974.0,62.689998626708984,65.63999938964844,3228.89990234375,4.633500099182129,376.1499938964844,3.11299991607666,17.450000762939453,32.3129997253418,447.5,357.25,12.6899995803833,1050.75,529.0
2025-05-20,10874.0,62.560001373291016,66.12000274658203,3280.300048828125,4.619500160217285,369.29998779296875,3.427000045776367,17.34000015258789,32.97999954223633,454.5,356.5,12.699999809265137,1053.0,546.0
2025-05-21,10719.0,61.56999969482422,66.06999969482422,3309.300048828125,4.638000011444092,370.29998779296875,3.368000030517578,17.700000762939453,33.4630012512207,461.0,359.5,13.15999984741211,1062.75,549.25
2025-05-22,10278.0,61.20000076293945,65.62999725341797,3292.300048828125,4.648499965667725,360.75,3.253000020980835,17.399999618530273,33.047000885009766,463.0,359.25,12.914999961853027,1067.5,544.5
2025-05-23,9764.0,61.529998779296875,66.11000061035156,3363.60009765625,4.80649995803833,361.0,3.3340001106262207,17.290000915527344,33.44200134277344,459.5,354.75,13.170000076293945,1060.25,542.5
2025-05-27,9739.0,60.88999938964844,65.56999969482422,3299.10009765625,4.710000038146973,361.70001220703125,3.3980000019073486,17.219999313354492,33.145999908447266,459.5,360.0,13.324999809265137,1062.5,528.5
2025-05-28,9634.0,61.84000015258789,65.33000183105469,3293.60009765625,4.644000053405762,351.95001220703125,3.2039999961853027,16.899999618530273,33.0,451.0,370.0,13.494999885559082,1048.5,530.25
2025-05-29,9110.0,60.939998626708984,64.83999633789062,3317.10009765625,4.653500080108643,348.3999938964844,3.5220000743865967,17.0,33.28300094604492,447.0,375.5,13.354999542236328,1051.75,534.0
2025-05-30,9791.0,60.790000915527344,65.05999755859375,3288.89990234375,4.652500152587891,342.45001220703125,3.447000026702881,17.049999237060547,32.891998291015625,444.0,378.75,13.494999885559082,1041.75,534.0
2025-06-02,9474.0,62.52000045776367,66.12999725341797,3370.60009765625,4.834499835968018,344.45001220703125,3.694000005722046,16.8799991607666,34.5629997253418,438.25,380.0,13.375,1033.5,539.0
2025-06-03,9775.0,63.40999984741211,66.05000305175781,3350.199951171875,4.809500217437744,340.8500061035156,3.7219998836517334,16.899999618530273,34.50299835205078,438.5,384.75,13.175000190734863,1040.75,536.0
2025-06-04,9948.0,62.849998474121094,64.98999786376953,3373.5,4.864500045776367,346.1499938964844,3.7160000801086426,16.75,34.51900100708008,438.75,387.75,13.494999885559082,1045.0,543.25
2025-06-05,10076.0,63.369998931884766,65.36000061035156,3350.699951171875,4.91349983215332,359.75,3.677000045776367,16.56999969482422,35.68899917602539,439.5,378.25,13.614999771118164,1051.75,545.5
2025-06-06,10259.0,64.58000183105469,65.62000274658203,3322.699951171875,4.829999923706055,358.04998779296875,3.7839999198913574,16.489999771118164,36.025001525878906,442.5,383.0,13.649999618530273,1057.25,554.75
2025-06-09,10174.0,65.29000091552734,65.98999786376953,3332.10009765625,4.9095001220703125,361.54998779296875,3.634999990463257,16.670000076293945,36.6879997253418,433.5,380.25,13.619999885559082,1056.0,542.0
2025-06-10,9602.0,64.9800033569336,65.41999816894531,3320.89990234375,4.883999824523926,355.04998779296875,3.5329999923706055,16.479999542236328,36.54199981689453,438.75,370.0,13.71500015258789,1057.75,534.5
2025-06-11,9549.0,68.1500015258789,65.47000122070312,3321.300048828125,4.801000118255615,350.6499938964844,3.506999969482422,16.420000076293945,36.16600036621094,437.0,376.25,13.670000076293945,1050.5,534.25
2025-06-12,9858.0,68.04000091552734,65.13999938964844,3380.89990234375,4.821499824523926,347.79998779296875,3.492000102996826,16.270000457763672,36.2130012512207,438.5,379.75,13.734999656677246,1042.25,526.5
2025-06-13,9768.0,72.9800033569336,65.36000061035156,3431.199951171875,4.802999973297119,349.70001220703125,3.5810000896453857,16.1299991607666,36.28099822998047,444.5,386.5,13.770000457763672,1069.75,543.75
2025-06-16,10035.0,71.7699966430664,65.44000244140625,3396.39990234375,4.826499938964844,343.95001220703125,3.747999906539917,16.520000457763672,36.37900161743164,434.75,379.5,13.420000076293945,1069.75,536.5
2025-06-17,9943.0,74.83999633789062,65.05000305175781,3386.60009765625,4.80049991607666,335.8500061035156,3.8510000705718994,16.079999923706055,37.09000015258789,431.5,371.0,13.529999732971191,1074.0,549.0
2025-06-18,9680.0,75.13999938964844,64.83999633789062,3389.800048828125,4.84499979019165,324.8999938964844,3.989000082015991,15.880000114440918,36.86600112915039,433.5,363.25,13.5600004196167,1074.75,574.25
2025-06-20,8459.0,74.93000030517578,64.04000091552734,3368.10009765625,4.826000213623047,319.04998779296875,3.8469998836517334,16.100000381469727,35.97600173950195,428.75,360.75,13.529999732971191,1068.0,567.75
2025-06-23,9189.0,68.51000213623047,63.959999084472656,3377.699951171875,4.8429999351501465,330.29998779296875,3.697999954223633,16.040000915527344,36.15299987792969,419.25,366.75,13.40999984741211,1058.75,552.75
2025-06-24,9436.0,64.37000274658203,66.01000213623047,3317.39990234375,4.867000102996826,315.3500061035156,3.5369999408721924,15.770000457763672,35.70100021362305,416.25,363.5,13.5600004196167,1046.75,535.75
2025-06-25,9081.0,64.91999816894531,66.44000244140625,3327.10009765625,4.913000106811523,308.6499938964844,3.4059998989105225,15.979999542236328,36.084999084472656,410.25,359.25,13.260000228881836,1025.25,528.25
2025-06-26,9361.0,65.23999786376953,67.06999969482422,3333.5,5.065499782562256,309.5,3.260999917984009,15.649999618530273,36.58599853515625,409.5,365.25,13.039999961853027,1022.75,521.0
2025-06-27,9231.0,65.5199966430664,67.5199966430664,3273.699951171875,5.06850004196167,309.8999938964844,3.739000082015991,15.8100004196167,36.0369987487793,417.5,385.25,13.104999542236328,1027.75,524.75
2025-06-30,9356.0,65.11000061035156,66.27999877929688,3294.39990234375,5.03000020980835,306.75,3.4560000896453857,15.479999542236328,35.85200119018555,420.5,386.75,12.954999923706055,1024.25,528.75
2025-07-01,9000.0,65.44999694824219,66.27999877929688,3336.699951171875,5.047999858856201,298.8500061035156,3.4149999618530273,15.699999809265137,36.082000732421875,420.0,388.0,12.65999984741211,1024.75,537.25
2025-07-02,8904.0,67.44999694824219,66.7699966430664,3348.0,5.14900016784668,297.95001220703125,3.48799991607666,15.579999923706055,36.42599868774414,429.25,400.5,12.614999771118164,1050.5,556.0
2025-07-03,8780.0,67.0,65.66000366210938,3331.60009765625,5.0970001220703125,292.6499938964844,3.4089999198913574,16.3799991607666,36.784000396728516,431.5,403.5,12.609999656677246,1056.25,547.75
2025-07-04,8780.0,66.5,65.66000366210938,3332.5,5.018499851226807,292.6499938964844,3.38700008392334,16.3799991607666,36.775001525878906,,,,,
2025-07-07,8879.0,67.93000030517578,65.38999938964844,3332.199951171875,4.984499931335449,280.04998779296875,3.4119999408721924,16.280000686645508,36.6150016784668,418.0,403.25,12.414999961853027,1031.75,539.75
2025-07-08,8760.0,68.33000183105469,64.68000030517578,3307.0,5.644999980926514,287.3999938964844,3.3399999141693115,16.1299991607666,36.47200012207031,411.0,395.5,12.680000305175781,1024.25,543.0
2025-07-09,9046.0,68.37999725341797,64.95999908447266,3311.60009765625,5.44350004196167,285.8500061035156,3.2139999866485596,16.559999465942383,36.35100173950195,412.5,390.25,12.795000076293945,1012.25,542.75
2025-07-10,8742.0,66.56999969482422,66.25,3317.39990234375,5.547999858856201,289.8999938964844,3.3369998931884766,16.260000228881836,37.03799819946289,407.25,392.25,12.579999923706055,1012.5,550.25
2025-07-11,8840.0,68.44999694824219,66.19999694824219,3356.0,5.561999797821045,288.6000061035156,3.313999891281128,16.56999969482422,38.67599868774414,403.0,370.5,12.444999694824219,1004.0,540.75
2025-07-14,8950.0,66.9800033569336,66.41000366210938,3351.5,5.514999866485596,305.70001220703125,3.4660000801086426,16.299999237060547,38.46200180053711,412.75,348.75,12.375,997.0,534.0
2025-07-15,8567.0,66.5199966430664,67.20999908447266,3329.800048828125,5.546000003814697,301.6000061035156,3.5230000019073486,16.559999465942383,37.83399963378906,401.25,366.0,12.664999961853027,995.0,538.0
2025-07-16,8322.0,66.37999725341797,66.94999694824219,3352.5,5.496500015258789,314.54998779296875,3.5510001182556152,16.559999465942383,37.85300064086914,405.25,372.25,12.65999984741211,1013.5,541.25
2025-07-17,7309.0,67.54000091552734,67.25,3340.10009765625,5.486000061035156,312.5,3.5420000553131104,16.739999771118164,38.055999755859375,402.0,367.25,12.520000457763672,1021.5,533.5
2025-07-18,7800.0,67.33999633789062,67.12000274658203,3353.0,5.578000068664551,308.8999938964844,3.565000057220459,16.81999969482422,38.222999572753906,408.5,366.25,12.364999771118164,1027.75,546.25
2025-07-21,8156.0,67.19999694824219,66.54000091552734,3401.89990234375,5.610499858856201,297.25,3.325000047683716,16.3700008392334,39.10100173950195,403.75,359.0,12.319999694824219,1015.0,542.25
2025-07-22,8149.0,66.20999908447266,66.58999633789062,3439.199951171875,5.697000026702881,296.3500061035156,3.252000093460083,16.280000686645508,39.31999969482422,399.25,352.25,12.380000114440918,1010.25,549.5
2025-07-23,8440.0,65.25,66.62000274658203,3394.10009765625,5.795000076293945,301.3500061035156,3.0769999027252197,16.239999771118164,39.27799987792969,398.5,352.25,12.53499984741211,1005.75,540.5
2025-07-24,8124.0,66.02999877929688,67.33999633789062,3371.0,5.7769999504089355,304.8500061035156,3.0940001010894775,16.56999969482422,39.020999908447266,401.75,357.0,12.545000076293945,1004.25,541.5
2025-07-25,8329.0,65.16000366210938,67.01000213623047,3334.0,5.763500213623047,297.54998779296875,3.109999895095825,16.290000915527344,38.16699981689453,399.5,362.0,12.614999771118164,998.75,538.25
2025-07-28,8518.0,66.70999908447266,67.4000015258789,3309.10009765625,5.59499979019165,301.70001220703125,2.98799991607666,16.43000030517578,38.0260009765625,393.75,369.75,12.470000267028809,988.75,538.5
2025-07-29,8220.0,69.20999908447266,66.30000305175781,3323.39990234375,5.603499889373779,296.5,3.0810000896453857,16.59000015258789,38.08399963378906,389.25,369.0,12.385000228881836,981.75,529.75
2025-07-30,8192.0,70.0,65.9000015258789,3295.800048828125,5.570000171661377,293.3999938964844,3.0450000762939453,16.450000762939453,37.566001892089844,391.75,357.0,12.354999542236328,967.75,523.75
2025-07-31,8506.0,69.26000213623047,65.61000061035156,3293.199951171875,4.33050012588501,295.79998779296875,3.1059999465942383,16.350000381469727,36.551998138427734,394.0,353.25,12.279999732971191,961.75,523.25
2025-08-01,8232.0,67.33000183105469,64.41999816894531,3347.699951171875,4.412499904632568,284.20001220703125,3.0829999446868896,16.18000030517578,36.7869987487793,389.5,350.25,12.25,961.75,516.75
2025-08-04,8102.0,66.29000091552734,64.55999755859375,3374.39990234375,4.414999961853027,288.54998779296875,2.931999921798706,16.25,37.19200134277344,387.0,339.25,12.279999732971191,969.0,516.75
2025-08-05,8363.0,65.16000366210938,65.58999633789062,3381.89990234375,4.363999843597412,298.70001220703125,3.009999990463257,16.09000015258789,37.6870002746582,381.5,328.75,12.524999618530273,969.0,508.25
2025-08-06,8470.0,64.3499984741211,65.69999694824219,3380.0,4.390999794006348,293.3999938964844,3.0769999027252197,16.010000228881836,37.76599884033203,379.75,332.75,12.515000343322754,961.5,508.5
2025-08-07,8644.0,63.880001068115234,64.95999908447266,3400.300048828125,4.378499984741211,297.79998779296875,3.066999912261963,16.010000228881836,38.15800094604492,384.5,332.0,12.704999923706055,971.75,518.25
2025-08-08,8526.0,63.880001068115234,65.31999969482422,3439.10009765625,4.45550012588501,309.3500061035156,2.990000009536743,16.25,38.41699981689453,382.75,333.0,12.720000267028809,966.75,514.5
2025-08-11,8778.0,63.959999084472656,65.29000091552734,3353.10009765625,4.423500061035156,320.70001220703125,2.9539999961853027,16.489999771118164,37.6619987487793,385.0,333.5,12.970000267028809,989.5,515.0
2025-08-12,8793.0,63.16999816894531,67.06999969482422,3348.89990234375,4.508500099182129,315.1499938964844,2.808000087738037,16.940000534057617,37.89899826049805,371.5,334.25,12.779999732971191,1011.75,505.0
2025-08-13,8566.0,62.650001525878906,66.41000366210938,3358.699951171875,4.48199987411499,319.6000061035156,2.828000068664551,16.850000381469727,38.499000549316406,374.0,331.75,12.78499984741211,1023.5,507.25
2025-08-14,8225.0,63.959999084472656,66.16999816894531,3335.199951171875,4.4644999504089355,326.5,2.8410000801086426,16.579999923706055,37.981998443603516,375.0,332.0,12.779999732971191,1008.5,503.5
2025-08-15,8235.0,62.79999923706055,66.0999984741211,3336.0,4.478000164031982,341.6499938964844,2.9159998893737793,16.440000534057617,37.89400100708008,383.75,334.5,12.699999809265137,1022.25,506.5
2025-08-18,8047.0,63.41999816894531,66.41999816894531,3331.699951171875,4.456999778747559,343.6000061035156,2.890000104904175,16.25,37.95100021362305,383.0,337.0,12.585000038146973,1020.75,502.75
2025-08-19,8012.0,62.349998474121094,66.25,3313.39990234375,4.408999919891357,356.20001220703125,2.7660000324249268,16.309999465942383,37.26100158691406,379.5,331.0,12.510000228881836,1013.0,498.5
2025-08-20,7675.0,63.209999084472656,66.63999938964844,3343.39990234375,4.426000118255615,360.25,2.752000093460083,16.56999969482422,37.70500183105469,380.0,325.5,12.055000305175781,1015.0,505.5
2025-08-21,7435.0,63.52000045776367,65.88999938964844,3336.89990234375,4.43149995803833,375.25,2.8259999752044678,16.350000381469727,38.027000427246094,387.25,323.25,11.734999656677246,1034.5,507.0
2025-08-22,7582.0,63.65999984741211,66.43000030517578,3374.39990234375,4.447500228881836,390.6499938964844,2.697999954223633,16.479999542236328,39.00299835205078,388.25,318.25,11.524999618530273,1036.5,504.75
2025-08-25,7957.0,64.80000305175781,65.98999786376953,3373.800048828125,4.4664998054504395,389.95001220703125,2.696000099182129,16.399999618530273,38.676998138427734,389.25,312.0,11.670000076293945,1025.5,506.75
2025-08-26,7532.0,63.25,65.47000122070312,3388.60009765625,4.450500011444092,384.04998779296875,2.7170000076293945,16.40999984741211,38.582000732421875,387.5,308.25,11.864999771118164,1028.75,509.5
2025-08-27,7731.0,64.1500015258789,65.41000366210938,3404.60009765625,4.4145002365112305,393.79998779296875,2.867000102996826,16.469999313354492,38.68899917602539,382.5,306.5,11.524999618530273,1027.25,502.25
2025-08-28,7738.0,64.5999984741211,66.04000091552734,3431.800048828125,4.463500022888184,387.75,2.944000005722046,16.479999542236328,39.189998626708984,385.5,301.25,11.520000457763672,1028.25,510.25
2025-08-29,7635.0,64.01000213623047,65.20999908447266,3473.699951171875,4.518499851226807,396.8500061035156,2.996999979019165,16.3700008392334,40.20000076293945,398.0,308.5,11.789999961853027,1036.75,518.0
2025-09-02,7420.0,65.58999633789062,64.56999969482422,3549.39990234375,4.569499969482422,382.20001220703125,3.009000062942505,16.149999618530273,41.07099914550781,403.0,303.75,11.6850004196167,1025.75,513.0
2025-09-03,7475.0,63.970001220703125,64.7300033569336,3593.199951171875,4.558499813079834,385.25,3.063999891281128,16.030000686645508,41.54199981689453,397.75,300.5,11.75,1016.0,504.0
2025-09-04,7205.0,63.47999954223633,64.69000244140625,3565.800048828125,4.48799991607666,385.75,3.0739998817443848,15.6899995803833,40.9109992980957,399.75,297.25,11.614999771118164,1012.0,502.25
2025-09-05,7382.0,61.869998931884766,64.38999938964844,3613.199951171875,4.482500076293945,385.6000061035156,3.0480000972747803,15.550000190734863,41.07400131225586,399.0,297.75,11.579999923706055,1006.5,501.0
2025-09-08,7131.0,62.2599983215332,64.56999969482422,3638.10009765625,4.490499973297119,397.79998779296875,3.0899999141693115,15.630000114440918,41.42599868774414,403.0,297.5,11.345000267028809,1013.5,505.5
2025-09-09,7270.0,62.630001068115234,64.6500015258789,3643.300048828125,4.500999927520752,393.0,3.117000102996826,15.84000015258789,40.87799835205078,401.25,296.0,11.345000267028809,1011.5,500.75
2025-09-10,7356.0,63.66999816894531,65.55999755859375,3643.60009765625,4.550000190734863,401.0,3.0290000438690186,15.930000305175781,41.132999420166016,397.25,293.5,11.324999809265137,1005.5,495.0
2025-09-11,7451.0,62.369998931884766,65.37000274658203,3636.89990234375,4.5904998779296875,400.04998779296875,2.934000015258789,15.819999694824219,41.696998596191406,399.0,294.0,11.375,1015.25,503.0
2025-09-12,7315.0,62.689998626708984,65.19000244140625,3649.39990234375,4.588500022888184,410.6499938964844,2.940999984741211,15.789999961853027,42.387001037597656,399.0,294.25,11.225000381469727,1025.75,503.0
2025-09-15,7539.0,63.29999923706055,65.41999816894531,3682.199951171875,4.6554999351501465,432.3500061035156,3.0429999828338623,16.0,42.516998291015625,423.25,318.25,11.529999732971191,1042.75,525.0
2025-09-16,7371.0,64.5199966430664,66.38999938964844,3688.89990234375,4.632999897003174,422.25,3.1029999256134033,15.899999618530273,42.47100067138672,429.5,319.0,11.739999771118164,1049.75,534.0
2025-09-17,7385.0,64.05000305175781,65.86000061035156,3681.800048828125,4.571000099182129,388.54998779296875,3.0999999046325684,15.539999961853027,41.72200012207031,426.75,321.0,11.59000015258789,1043.75,528.25
2025-09-18,7233.0,63.56999969482422,65.19000244140625,3643.699951171875,4.540999889373779,385.8500061035156,2.938999891281128,15.380000114440918,41.707000732421875,423.75,321.5,11.520000457763672,1037.5,524.25
2025-09-19,7243.0,62.68000030517578,64.94000244140625,3671.5,4.568999767303467,366.5,2.888000011444092,15.460000038146973,42.5359992980957,424.0,321.25,11.5,1025.5,522.5
2025-09-22,6959.0,62.63999938964844,64.31999969482422,3740.699951171875,4.572999954223633,367.3500061035156,2.805999994277954,15.25,43.79899978637695,421.75,310.0,11.46500015258789,1011.0,510.75
2025-09-23,6992.0,63.40999984741211,64.52999877929688,3780.60009765625,4.584499835968018,350.1499938964844,2.8529999256134033,15.65999984741211,44.19200134277344,426.25,308.5,11.479999542236328,1012.0,520.5
2025-09-24,7048.0,64.98999786376953,64.04000091552734,3732.10009765625,4.752500057220459,367.75,2.8580000400543213,15.640000343322754,43.777000427246094,424.25,308.75,11.430000305175781,1009.0,519.5
2025-09-25,6925.0,64.9800033569336,63.83000183105469,3736.89990234375,4.699999809265137,371.3500061035156,2.9040000438690186,15.760000228881836,44.696998596191406,425.75,313.0,11.369999885559082,1012.25,527.0
2025-09-26,6908.0,65.72000122070312,63.95000076293945,3775.300048828125,4.7154998779296875,378.04998779296875,2.8350000381469727,15.869999885559082,46.22100067138672,422.0,309.0,11.244999885559082,1013.75,519.75
2025-09-29,6998.0,63.45000076293945,63.04999923706055,3820.89990234375,4.841000080108643,372.20001220703125,3.2669999599456787,16.020000457763672,46.61199951171875,421.5,308.25,11.359999656677246,1010.5,519.5
2025-09-30,6749.0,62.369998931884766,63.31999969482422,3840.800048828125,4.804999828338623,374.8500061035156,3.302999973297119,16.100000381469727,46.25299835205078,415.5,307.5,11.164999961853027,1001.75,508.0
2025-10-01,6675.0,61.779998779296875,63.150001525878906,3867.5,4.83050012588501,383.8999938964844,3.4760000705718994,16.1299991607666,47.290000915527344,416.5,303.75,11.074999809265137,1013.0,509.25
2025-10-02,6481.0,60.47999954223633,62.650001525878906,3839.699951171875,4.8979997634887695,378.1000061035156,3.441999912261963,16.399999618530273,46.0,421.75,299.75,11.010000228881836,1023.75,514.75
2025-10-03,6190.0,60.880001068115234,62.86000061035156,3880.800048828125,5.058000087738037,390.75,3.3239998817443848,16.469999313354492,47.59700012207031,419.0,299.25,11.109999656677246,1018.0,515.25
2025-10-06,6283.0,61.689998626708984,62.70000076293945,3948.5,4.986999988555908,381.3500061035156,3.3570001125335693,16.809999465942383,48.082000732421875,421.75,288.75,11.03499984741211,1017.75,512.75
2025-10-07,6179.0,61.72999954223633,62.02000045776367,3976.60009765625,5.047999858856201,375.3999938964844,3.497999906539917,16.6299991607666,47.17900085449219,419.75,287.75,10.890000343322754,1022.0,506.75
2025-10-08,6000.0,62.54999923706055,62.470001220703125,4043.300048828125,5.046000003814697,385.1000061035156,3.3329999446868896,16.290000915527344,48.65599822998047,422.0,287.25,10.725000381469727,1029.5,507.25
2025-10-09,5945.0,61.5099983215332,62.029998779296875,3946.300048828125,5.075500011444092,377.25,3.2690000534057617,16.260000228881836,46.849998474121094,418.25,295.75,10.885000228881836,1022.25,506.5
2025-10-10,5848.0,58.900001525878906,63.84000015258789,3975.89990234375,4.848499774932861,373.04998779296875,3.1059999465942383,16.100000381469727,46.9379997253418,413.0,297.25,10.680000305175781,1006.75,498.5
2025-10-13,5822.0,59.4900016784668,63.59000015258789,4108.60009765625,5.100500106811523,385.20001220703125,3.118000030517578,15.609999656677246,50.130001068115234,410.75,297.75,10.71500015258789,1007.75,496.75
2025-10-14,5899.0,58.70000076293945,63.5099983215332,4138.7001953125,4.980500221252441,399.6499938964844,3.0280001163482666,15.880000114440918,50.31399917602539,413.0,296.25,10.725000381469727,1006.5,500.25
2025-10-15,5809.0,58.27000045776367,63.7599983215332,4176.89990234375,4.9720001220703125,394.8999938964844,3.0160000324249268,15.6899995803833,51.073001861572266,416.75,293.0,10.585000038146973,1006.5,498.75
2025-10-16,5991.0,57.459999084472656,63.72999954223633,4280.2001953125,4.958000183105469,393.79998779296875,2.937999963760376,15.800000190734863,53.02299880981445,421.75,291.5,10.6899995803833,1010.75,502.5
2025-10-17,5895.0,57.540000915527344,64.27999877929688,4189.89990234375,4.93149995803833,397.45001220703125,3.007999897003174,15.5,49.86399841308594,422.5,295.0,10.619999885559082,1019.5,503.75
2025-10-20,5899.0,57.52000045776367,64.16000366210938,4336.39990234375,4.998000144958496,406.04998779296875,3.3970000743865967,15.720000267028809,51.11899948120117,423.25,299.75,10.479999542236328,1031.75,504.75
2025-10-21,5916.0,57.81999969482422,64.41999816894531,4087.699951171875,4.929999828338623,413.54998779296875,3.4739999771118164,15.239999771118164,47.45000076293945,419.75,301.5,10.470000267028809,1030.75,500.25
2025-10-22,6298.0,58.5,63.7400016784668,4044.39990234375,4.960999965667725,420.8500061035156,3.450000047683716,15.100000381469727,47.46099853515625,423.0,302.0,10.260000228881836,1034.75,503.75
2025-10-23,6339.0,61.790000915527344,64.06999969482422,4125.5,5.081999778747559,410.1499938964844,3.3440001010894775,15.289999961853027,48.481998443603516,428.0,307.5,10.239999771118164,1044.75,513.0
2025-10-24,6319.0,61.5,64.19999694824219,4118.39990234375,5.093500137329102,403.0,3.303999900817871,14.970000267028809,48.37699890136719,423.25,309.0,10.15999984741211,1041.75,512.5
2025-10-27,6182.0,61.310001373291016,64.55999755859375,4001.89990234375,5.140500068664551,390.1000061035156,3.441999912261963,14.460000038146973,46.5620002746582,428.75,297.0,10.28499984741211,1067.25,526.0
2025-10-28,6002.0,60.150001525878906,65.05000305175781,3966.199951171875,5.140500068664551,387.8999938964844,3.3450000286102295,14.369999885559082,47.125,432.0,291.0,10.28499984741211,1078.25,529.0
2025-10-29,6044.0,60.47999954223633,66.01000213623047,3983.699951171875,5.233500003814697,390.70001220703125,3.375999927520752,14.420000076293945,47.72100067138672,434.0,289.5,10.015000343322754,1080.25,532.25
2025-10-30,6058.0,60.56999969482422,65.12000274658203,4001.300048828125,5.078000068664551,392.0,3.9560000896453857,14.279999732971191,48.428001403808594,430.25,283.0,10.234999656677246,1091.25,524.25
2025-10-31,6151.0,60.97999954223633,65.54000091552734,3982.199951171875,5.065499782562256,392.04998779296875,4.124000072479248,14.430000305175781,47.99399948120117,431.5,289.75,10.265000343322754,1099.75,534.0
2025-11-03,6559.0,61.04999923706055,65.68000030517578,4000.300048828125,5.046999931335449,406.6499938964844,4.265999794006348,14.649999618530273,47.88800048828125,434.25,296.25,10.234999656677246,1119.75,543.5
2025-11-04,6600.0,60.560001373291016,65.19999694824219,3947.699951171875,4.926000118255615,405.25,4.3429999351501465,14.220000267028809,47.130001068115234,431.5,302.0,10.199999809265137,1108.25,550.25
2025-11-05,6396.0,59.599998474121094,65.2300033569336,3980.300048828125,4.9629998207092285,413.6000061035156,4.23199987411499,14.109999656677246,47.862998962402344,435.25,301.0,9.944999694824219,1119.75,554.75
2025-11-06,6185.0,59.43000030517578,64.54000091552734,3979.89990234375,4.945499897003174,396.75,4.35699987411499,14.1899995803833,47.79399871826172,428.75,294.5,10.015000343322754,1091.75,535.5
2025-11-07,6013.0,59.75,63.619998931884766,3999.39990234375,4.938000202178955,407.79998779296875,4.315000057220459,14.100000381469727,48.016998291015625,427.25,291.75,10.024999618530273,1101.75,527.75
2025-11-10,6102.0,60.130001068115234,64.30999755859375,4111.7998046875,5.086999893188477,414.75,4.3379998207092285,14.199999809265137,50.176998138427734,429.75,298.0,10.125,1116.0,535.75
2025-11-11,5829.0,61.040000915527344,63.880001068115234,4106.7998046875,5.048500061035156,422.70001220703125,4.565000057220459,14.25,50.61800003051758,432.0,305.0,10.335000038146973,1113.25,536.0
2025-11-12,5625.0,58.4900016784668,63.29999923706055,4204.39990234375,5.0894999504089355,403.6499938964844,4.5329999923706055,14.520000457763672,53.332000732421875,435.25,306.25,10.28499984741211,1120.5,536.0
2025-11-13,5487.0,58.689998626708984,62.900001525878906,4186.89990234375,5.087500095367432,401.70001220703125,4.645999908447266,14.4399995803833,53.07400131225586,441.5,311.75,10.125,1132.0,535.75
2025-11-14,5287.0,60.09000015258789,62.4900016784668,4087.60009765625,5.049499988555908,399.79998779296875,4.565999984741211,14.960000038146973,50.59000015258789,430.25,306.25,10.140000343322754,1112.75,527.25
2025-11-17,5264.0,59.90999984741211,62.36000061035156,4068.300048828125,5.0,402.54998779296875,4.361000061035156,14.800000190734863,50.625,434.75,308.5,10.4399995803833,1157.25,544.25
2025-11-18,5262.0,60.7400016784668,62.56999969482422,4061.300048828125,4.962500095367432,415.3500061035156,4.370999813079834,14.699999809265137,50.45000076293945,436.75,309.25,10.350000381469727,1153.5,546.5
2025-11-19,4943.0,59.439998626708984,62.29999923706055,4077.699951171875,5.007999897003174,404.5,4.550000190734863,14.65999984741211,50.790000915527344,429.75,311.5,10.104999542236328,1136.25,536.75
2025-11-20,5108.0,59.13999938964844,61.68000030517578,4056.5,4.959499835968018,406.5,4.473999977111816,14.65999984741211,50.24700164794922,426.5,305.75,10.029999732971191,1122.5,527.0
2025-11-21,5084.0,58.060001373291016,61.349998474121094,4076.699951171875,5.008500099182129,400.0,4.579999923706055,14.779999732971191,49.87300109863281,425.5,305.5,10.444999694824219,1125.0,527.0
2025-11-24,5090.0,58.84000015258789,61.439998626708984,4091.89990234375,4.961999893188477,407.45001220703125,4.548999786376953,14.819999694824219,50.29499816894531,423.75,301.0,10.414999961853027,1123.25,522.25
2025-11-25,4999.0,57.95000076293945,62.43000030517578,4139.2001953125,4.999499797821045,414.20001220703125,4.423999786376953,14.90999984741211,50.933998107910156,423.5,310.0,10.170000076293945,1124.75,527.25
2025-11-26,4993.0,58.650001525878906,62.77000045776367,4165.2001953125,5.104499816894531,411.5,4.558000087738037,15.140000343322754,52.91600036621094,431.75,304.0,10.135000228881836,1131.5,529.0
2025-11-28,5404.0,58.54999923706055,62.90999984741211,4218.2998046875,5.185500144958496,413.0,4.849999904632568,15.210000038146973,56.44599914550781,435.5,294.75,10.074999809265137,1137.75,531.0
2025-12-01,5456.0,59.31999969482422,62.83000183105469,4239.2998046875,5.218999862670898,411.5,4.921000003814697,14.760000228881836,58.417999267578125,432.75,291.75,10.175000190734863,1128.0,530.25
2025-12-02,5401.0,58.63999938964844,62.77000045776367,4186.60009765625,5.160999774932861,405.54998779296875,4.840000152587891,14.979999542236328,57.983001708984375,438.0,292.5,10.114999771118164,1124.75,537.75
2025-12-03,5453.0,58.95000076293945,62.65999984741211,4199.2998046875,5.308000087738037,403.75,4.994999885559082,14.930000305175781,57.92100143432617,431.5,298.25,9.914999961853027,1115.75,537.75
2025-12-04,5434.0,59.66999816894531,62.279998779296875,4211.7998046875,5.291500091552734,411.95001220703125,5.063000202178955,14.880000114440918,56.84700012207031,437.75,303.0,10.09000015258789,1119.5,541.0
2025-12-05,5643.0,60.08000183105469,62.130001068115234,4212.89990234375,5.381999969482422,406.25,5.289000034332275,14.800000190734863,58.422000885009766,436.75,296.5,9.984999656677246,1105.25,537.5
2025-12-08,5648.0,58.880001068115234,61.880001068115234,4187.2001953125,5.364500045776367,396.04998779296875,4.9120001792907715,14.819999694824219,57.77899932861328,436.25,287.5,10.145000457763672,1093.75,536.0
2025-12-09,5829.0,58.25,63.86000061035156,4206.7001953125,5.240499973297119,394.20001220703125,4.573999881744385,14.670000076293945,60.16899871826172,440.75,288.75,10.095000267028809,1087.25,536.25
2025-12-10,6168.0,58.459999084472656,64.12000274658203,4196.39990234375,5.2754998207092285,400.79998779296875,4.59499979019165,14.90999984741211,60.37900161743164,434.75,280.5,9.9350004196167,1091.25,531.25
2025-12-11,6235.0,57.599998474121094,63.970001220703125,4285.5,5.427000045776367,405.45001220703125,4.230999946594238,14.850000381469727,63.92900085449219,435.25,279.25,9.824999809265137,1093.5,534.5
2025-12-12,6226.0,57.439998626708984,63.83000183105469,4300.10009765625,5.2835001945495605,397.20001220703125,4.11299991607666,15.100000381469727,61.36199951171875,431.5,279.25,9.859999656677246,1076.75,534.5
2025-12-15,5823.0,56.81999969482422,63.939998626708984,4306.7001953125,5.338500022888184,387.70001220703125,4.01200008392334,14.949999809265137,62.939998626708984,439.75,281.0,9.75,1071.75,520.75
2025-12-16,5998.0,55.27000045776367,63.099998474121094,4304.5,5.2870001792907715,379.29998779296875,3.885999917984009,14.819999694824219,62.70000076293945,436.5,277.25,9.494999885559082,1062.75,509.5
2025-12-17,5978.0,55.939998626708984,63.43000030517578,4347.5,5.363500118255615,351.8999938964844,4.02400016784668,14.760000228881836,66.23699951171875,440.5,286.75,9.380000114440918,1058.25,506.25
2025-12-18,5934.0,56.150001525878906,63.5099983215332,4339.5,5.366499900817871,345.45001220703125,3.9079999923706055,14.479999542236328,64.59200286865234,444.5,297.25,9.574999809265137,1052.25,507.75
2025-12-19,5845.0,56.65999984741211,63.75,4361.39990234375,5.439499855041504,340.6499938964844,3.9839999675750732,14.819999694824219,66.84500122070312,443.75,298.0,9.78499984741211,1049.25,509.75
2025-12-22,5887.0,58.0099983215332,63.61000061035156,4444.60009765625,5.4375,347.3500061035156,3.9649999141693115,14.989999771118164,67.90599822998047,447.0,297.75,9.84000015258789,1053.25,515.5
2025-12-23,5958.0,58.380001068115234,64.01000213623047,4482.7998046875,5.47599983215332,346.95001220703125,4.4079999923706055,15.199999809265137,70.48500061035156,447.5,293.5,9.8100004196167,1051.5,517.0
2025-12-24,5966.0,58.349998474121094,64.23999786376953,4480.60009765625,5.498499870300293,345.1499938964844,4.242000102996826,15.289999961853027,71.03099822998047,451.0,304.0,9.914999961853027,1063.25,521.75
2025-12-26,5953.0,56.7400016784668,64.48999786376953,4529.10009765625,5.766499996185303,350.25,4.366000175476074,15.170000076293945,76.48600006103516,450.0,308.0,9.78499984741211,1058.75,519.0
2025-12-29,6242.0,58.08000183105469,64.3499984741211,4325.10009765625,5.490499973297119,352.1499938964844,4.686999797821045,15.260000228881836,69.85600280761719,442.25,305.25,9.510000228881836,1049.5,513.0
2025-12-30,6063.0,57.95000076293945,64.31999969482422,4370.10009765625,5.727499961853027,350.20001220703125,3.9719998836517334,14.84000015258789,77.3740005493164,440.5,304.75,9.479999542236328,1046.25,510.75
2025-12-31,6065.0,57.41999816894531,64.2699966430664,4325.60009765625,5.630000114440918,348.75,3.686000108718872,15.010000228881836,70.13400268554688,440.25,302.5,9.595000267028809,1030.5,507.0
2026-01-02,5871.0,57.31999969482422,64.01000213623047,4314.39990234375,5.639999866485596,357.29998779296875,3.618000030517578,14.600000381469727,70.55599975585938,437.5,298.0,9.404999732971191,1029.5,506.5
2026-01-05,6077.0,58.31999969482422,64.6500015258789,4436.89990234375,5.924499988555908,359.3500061035156,3.5230000019073486,14.729999542236328,76.16400146484375,444.5,304.5,9.920000076293945,1047.25,512.5
2026-01-06,5954.0,57.130001068115234,65.05999755859375,4482.2001953125,6.010499954223633,373.8500061035156,3.3499999046325684,14.760000228881836,80.52999877929688,444.0,308.0,10.069999694824219,1042.0,510.5
2026-01-07,5915.0,55.9900016784668,64.8499984741211,4449.2998046875,5.809000015258789,375.45001220703125,3.5250000953674316,14.979999542236328,77.13500213623047,446.75,308.75,10.109999656677246,1052.75,518.0
2026-01-08,6077.0,57.7599983215332,64.45999908447266,4449.7001953125,5.746500015258789,372.3500061035156,3.4070000648498535,14.970000267028809,74.71600341796875,446.0,307.0,9.9350004196167,1047.0,518.0
2026-01-09,5345.0,59.119998931884766,64.41000366210938,4490.2998046875,5.855500221252441,357.6499938964844,3.1689999103546143,14.890000343322754,78.88400268554688,445.75,303.5,9.979999542236328,1048.5,517.25
2026-01-12,5443.0,59.5,64.91000366210938,4604.2998046875,5.985000133514404,356.04998779296875,3.4089999198913574,14.84000015258789,84.61000061035156,421.5,293.5,9.989999771118164,1033.0,511.25
2026-01-13,5224.0,61.150001525878906,64.87999725341797,4589.2001953125,5.96999979019165,360.25,3.4189999103546143,14.890000343322754,85.87699890136719,419.75,291.75,10.34000015258789,1023.25,510.5
2026-01-14,5090.0,62.02000045776367,64.98999786376953,4626.2998046875,6.008999824523926,356.0,3.119999885559082,14.680000305175781,90.86900329589844,422.0,287.25,10.255000114440918,1030.5,512.5
2026-01-15,4966.0,59.189998626708984,64.70999908447266,4616.2998046875,5.947999954223633,358.1000061035156,3.128000020980835,14.569999694824219,91.8759994506836,420.25,293.25,10.600000381469727,1053.0,510.5
2026-01-16,5076.0,59.439998626708984,64.66000366210938,4588.39990234375,5.78849983215332,355.29998779296875,3.1029999256134033,14.960000038146973,88.09100341796875,424.75,302.0,10.600000381469727,1057.75,518.0
2026-01-20,4648.0,60.34000015258789,64.33999633789062,4759.60009765625,5.7729997634887695,346.5,3.9070000648498535,14.720000267028809,94.20600128173828,423.75,300.5,10.6899995803833,1053.0,510.25
2026-01-21,4448.0,60.619998931884766,64.30000305175781,4831.7998046875,5.729499816894531,347.5,4.875,14.739999771118164,92.20999908447266,421.75,293.5,10.789999961853027,1064.5,507.75
2026-01-22,4469.0,59.36000061035156,63.880001068115234,4908.7998046875,5.742499828338623,347.70001220703125,5.045000076293945,14.960000038146973,95.97599792480469,424.0,291.25,10.6850004196167,1064.0,515.5
2026-01-23,4201.0,61.06999969482422,63.810001373291016,4976.2001953125,5.910999774932861,350.8999938964844,5.275000095367432,14.729999542236328,100.92500305175781,430.5,297.25,10.654999732971191,1067.75,529.5
2026-01-26,4348.0,60.630001068115234,62.970001220703125,5079.7001953125,5.984000205993652,356.25,6.800000190734863,14.789999961853027,115.08000183105469,428.25,299.25,10.9350004196167,1061.75,522.5
2026-01-27,4433.0,62.38999938964844,63.83000183105469,5079.89990234375,5.828499794006348,367.25,6.953999996185303,14.829999923706055,105.52300262451172,426.5,300.0,10.960000038146973,1067.25,523.25
2026-01-28,4150.0,63.209999084472656,63.72999954223633,5301.60009765625,5.892499923706055,351.0,7.460000038146973,14.710000038146973,113.11100006103516,430.0,300.75,11.010000228881836,1075.0,536.0
2026-01-29,4177.0,65.41999816894531,63.47999954223633,5318.39990234375,6.17549991607666,345.5,3.9179999828338623,14.699999809265137,114.03700256347656,430.75,303.0,11.119999885559082,1072.25,541.5
2026-01-30,4165.0,65.20999908447266,63.16999816894531,4713.89990234375,5.896999835968018,332.25,4.354000091552734,14.270000457763672,78.29000091552734,428.25,306.75,11.029999732971191,1064.25,538.0
2026-02-02,4210.0,62.13999938964844,62.66999816894531,4622.5,5.801499843597412,333.25,3.236999988555908,14.260000228881836,76.77799987792969,425.75,300.75,11.114999771118164,1060.25,527.75
2026-02-03,4300.0,63.209999084472656,62.310001373291016,4903.7001953125,6.0625,317.1000061035156,3.311000108718872,14.630000114440918,83.04199981689453,428.5,304.75,11.09000015258789,1065.75,528.75
2026-02-04,4086.0,65.13999938964844,62.2400016784668,4920.39990234375,5.826000213623047,308.6499938964844,3.4649999141693115,14.4399995803833,84.16500091552734,429.5,307.0,11.0649995803833,1092.25,526.75
2026-02-05,4209.0,63.290000915527344,61.7599983215332,4861.39990234375,5.798999786376953,308.3999938964844,3.509000062942505,14.270000457763672,76.52899932861328,435.0,311.75,11.270000457763672,1112.25,535.25
2026-02-06,4197.0,63.54999923706055,61.060001373291016,4951.2001953125,5.863500118255615,296.54998779296875,3.421999931335449,14.109999656677246,76.73500061035156,430.25,301.75,11.229999542236328,1115.25,529.75
2026-02-09,4102.0,64.36000061035156,61.61000061035156,5050.89990234375,5.945000171661377,299.8500061035156,3.138000011444092,14.350000381469727,82.06500244140625,428.75,299.0,11.1899995803833,1110.75,528.75
2026-02-10,3805.0,63.959999084472656,61.59000015258789,5003.7998046875,5.895999908447266,294.20001220703125,3.115000009536743,14.119999885559082,80.21800231933594,428.75,302.5,11.229999542236328,1122.5,528.25
2026-02-11,3762.0,64.62999725341797,61.9900016784668,5071.60009765625,5.948999881744385,294.79998779296875,3.1589999198913574,13.84000015258789,83.75399780273438,427.5,305.0,11.135000228881836,1124.0,537.25
2026-02-12,3632.0,62.84000015258789,62.290000915527344,4923.7001953125,5.770999908447266,299.6499938964844,3.2170000076293945,13.75,75.5459976196289,431.25,309.0,11.199999809265137,1137.25,552.5
2026-02-13,3581.0,62.88999938964844,62.11000061035156,5022.0,5.792500019073486,300.04998779296875,3.243000030517578,13.779999732971191,77.85099792480469,431.75,310.75,11.020000457763672,1133.0,548.75
2026-02-17,3384.0,62.33000183105469,61.52000045776367,4882.89990234375,5.632999897003174,284.6000061035156,3.0309998989105225,13.859999656677246,73.4469985961914,426.25,312.25,10.755000114440918,1134.0,537.75
2026-02-18,3226.0,65.19000244140625,61.54999923706055,4986.5,5.793499946594238,287.54998779296875,3.010999917984009,14.170000076293945,77.50900268554688,427.0,320.75,10.274999618530273,1133.5,547.0
2026-02-19,2968.0,66.43000030517578,61.93000030517578,4975.89990234375,5.730000019073486,287.3999938964844,2.996000051498413,14.069999694824219,77.56500244140625,425.75,330.0,10.164999961853027,1141.0,559.5
2026-02-20,3080.0,66.38999938964844,63.029998779296875,5059.2998046875,5.830999851226807,288.29998779296875,3.046999931335449,14.300000190734863,82.28299713134766,427.5,330.0,10.164999961853027,1137.5,573.5
2026-02-23,3004.0,66.30999755859375,63.560001373291016,5204.7001953125,5.7729997634887695,281.1499938964844,2.984999895095825,14.449999809265137,86.52300262451172,427.5,329.25,9.984999656677246,1134.25,569.5
2026-02-24,2997.0,65.62999725341797,63.560001373291016,5155.7998046875,5.922999858856201,288.25,2.9149999618530273,14.550000190734863,87.45700073242188,427.75,329.25,9.859999656677246,1139.5,567.5
2026-02-25,2957.0,65.41999816894531,64.16999816894531,5206.39990234375,5.979499816894531,288.29998779296875,2.9690001010894775,14.59000015258789,90.93900299072266,430.5,313.75,9.904999732971191,1148.25,565.75
2026-02-26,2974.0,65.20999908447266,63.36000061035156,5176.5,5.947000026702881,286.0,2.8269999027252197,14.40999984741211,86.99800109863281,433.25,307.5,9.944999694824219,1147.75,571.75
2026-02-27,2798.0,67.0199966430664,63.61000061035156,5230.5,6.004499912261963,284.6000061035156,2.8589999675750732,14.300000190734863,92.68199920654297,438.75,315.25,10.395000457763672,1157.25,591.25
2026-03-02,2931.0,71.2300033569336,62.59000015258789,5294.39990234375,5.894499778747559,288.3500061035156,2.9600000381469727,13.90999984741211,88.28399658203125,433.25,310.75,10.619999885559082,1150.0,574.5
2026-03-03,2925.0,74.55999755859375,62.040000915527344,5107.39990234375,5.773499965667725,286.95001220703125,3.053999900817871,13.930000305175781,82.9229965209961,434.25,314.75,10.585000038146973,1155.75,572.25
2026-03-04,2968.0,74.66000366210938,62.15999984741211,5120.2001953125,5.855000019073486,290.70001220703125,2.9170000553131104,13.729999542236328,82.63300323486328,431.75,321.25,10.4350004196167,1154.5,566.75
2026-03-05,2963.0,81.01000213623047,63.029998779296875,5065.2998046875,5.752999782562256,293.0,3.003000020980835,13.720000267028809,81.68699645996094,441.5,330.0,10.789999961853027,1163.75,582.75
2026-03-06,3138.0,90.9000015258789,63.189998626708984,5146.10009765625,5.756999969482422,297.6000061035156,3.186000108718872,14.100000381469727,83.81600189208984,447.0,331.0,10.899999618530273,1185.0,611.25
2026-03-09,3197.0,94.7699966430664,63.59000015258789,5091.5,5.80049991607666,301.75,3.119999885559082,14.59000015258789,84.03199768066406,437.5,334.25,11.015000343322754,1180.5,598.0
2026-03-10,3356.0,83.44999694824219,65.30000305175781,5229.7001953125,5.9039998054504395,300.54998779296875,3.0199999809265137,14.380000114440918,89.08300018310547,436.25,344.75,10.914999961853027,1187.25,584.75
2026-03-11,3337.0,87.25,65.16999816894531,5167.39990234375,5.8454999923706055,292.0,3.2090001106262207,14.25,85.06500244140625,444.25,355.5,10.96500015258789,1200.5,588.5
2026-03-12,3223.0,95.7300033569336,65.13999938964844,5115.7998046875,5.82450008392334,296.5,3.2330000400543213,14.380000114440918,84.66999816894531,448.25,363.5,11.005000114440918,1213.0,592.25
2026-03-13,3205.0,98.70999908447266,65.8499984741211,5052.5,5.7144999504089355,290.3500061035156,3.13100004196167,14.369999885559082,80.91400146484375,452.5,363.5,11.03499984741211,1211.0,618.5
2026-03-16,3328.0,93.5,68.19000244140625,4994.0,5.790500164031982,297.75,3.0230000019073486,14.1899995803833,80.26300048828125,454.0,360.25,11.380000114440918,1155.25,597.25
2026-03-17,3349.0,96.20999908447266,68.7699966430664,5001.0,5.726500034332275,302.04998779296875,3.0329999923706055,14.449999809265137,79.52999877929688,454.0,355.75,11.34000015258789,1157.0,589.75
2026-03-18,3260.0,96.31999969482422,68.69999694824219,4889.89990234375,5.553999900817871,299.70001220703125,3.065000057220459,14.800000190734863,77.23799896240234,463.25,363.75,11.350000381469727,1161.75,604.25
2026-03-19,3331.0,96.13999938964844,67.66999816894531,4600.7001953125,5.433000087738037,306.20001220703125,3.1659998893737793,15.369999885559082,70.9020004272461,469.75,367.75,11.329999923706055,1168.5,608.0
2026-03-20,3255.0,98.31999969482422,67.30999755859375,4570.39990234375,5.34250020980835,309.75,3.0950000286102295,15.699999809265137,69.36000061035156,465.5,358.0,11.095000267028809,1161.25,595.25
2026-03-23,3180.0,88.12999725341797,67.18000030517578,4404.10009765625,5.439499855041504,307.0,2.8910000324249268,15.520000457763672,69.04900360107422,459.5,339.5,10.9350004196167,1163.5,587.75
2026-03-24,3235.0,92.3499984741211,67.62000274658203,4399.2998046875,5.422500133514404,317.8500061035156,2.943000078201294,15.880000114440918,69.27400207519531,462.5,333.25,10.989999771118164,1155.0,590.0
2026-03-25,3133.0,90.31999969482422,68.18000030517578,4549.7998046875,5.5289998054504395,316.1000061035156,2.9519999027252197,15.550000190734863,72.36100006103516,467.25,332.5,10.975000381469727,1171.75,597.75
2026-03-26,3164.0,94.4800033569336,69.41000366210938,4375.5,5.446499824523926,307.6499938964844,2.999000072479248,15.869999885559082,67.6709976196289,467.0,339.25,10.970000267028809,1173.75,605.0
2026-03-27,3165.0,99.63999938964844,69.45999908447266,4492.0,5.4670000076293945,301.70001220703125,3.0950000286102295,15.760000228881836,69.54499816894531,462.0,341.5,11.09000015258789,1159.25,605.0
2026-03-30,3155.0,102.87999725341797,70.19000244140625,4526.0,5.47599983215332,292.54998779296875,2.88700008392334,15.550000190734863,70.3239974975586,455.75,351.0,11.319999694824219,1159.75,607.0
2026-03-31,3300.0,101.37999725341797,70.0,4647.60009765625,5.587500095367432,298.3500061035156,2.884000062942505,15.520000457763672,74.69000244140625,457.75,354.25,11.375,1171.0,616.25
2026-04-01,3345.0,100.12000274658203,70.76000213623047,4783.2001953125,5.624000072479248,297.79998779296875,2.819000005722046,15.289999961853027,75.86699676513672,454.25,347.0,11.279999732971191,1168.5,597.5
2026-04-02,3245.0,111.54000091552734,70.91999816894531,4651.5,5.563000202178955,295.3999938964844,2.799999952316284,15.0,72.73500061035156,452.25,345.5,11.229999542236328,1163.5,598.25
2026-04-06,3235.0,112.41000366210938,71.66999816894531,4656.7998046875,5.583499908447266,298.04998779296875,2.811000108718872,14.970000267028809,72.66100311279297,454.0,348.75,11.079999923706055,1166.75,595.25
2026-04-07,3028.0,112.94999694824219,71.30999755859375,4657.10009765625,5.54449987411499,286.1000061035156,2.869999885559082,14.579999923706055,71.82599639892578,449.0,341.25,11.145000457763672,1158.25,598.0
2026-04-08,3196.0,94.41000366210938,71.66999816894531,4749.5,5.759500026702881,294.04998779296875,2.7239999771118164,14.229999542236328,75.2239990234375,447.25,332.5,11.055000305175781,1162.0,580.25
2026-04-09,3162.0,97.87000274658203,73.26000213623047,4792.2001953125,5.748000144958496,293.70001220703125,2.6700000762939453,13.920000076293945,76.2770004272461,444.0,332.5,10.904999732971191,1165.25,574.5
2026-04-10,3246.0,96.56999969482422,73.22000122070312,4761.89990234375,5.870500087738037,300.1000061035156,2.6480000019073486,13.75,76.3239974975586,441.0,332.25,10.795000076293945,1175.75,571.0
2026-04-13,3278.0,99.08000183105469,74.52999877929688,4742.39990234375,5.97599983215332,300.8500061035156,2.627000093460083,13.680000305175781,75.52300262451172,440.25,338.5,10.65999984741211,1162.25,582.25
2026-04-14,3557.0,91.27999877929688,74.33999633789062,4825.0,6.070499897003174,302.6499938964844,2.5989999771118164,13.880000114440918,79.39099884033203,443.0,344.5,10.78499984741211,1158.0,592.0
2026-04-15,3477.0,91.29000091552734,75.11000061035156,4800.0,6.072000026702881,304.25,2.609999895095825,13.510000228881836,79.49099731445312,451.25,345.75,10.904999732971191,1167.0,593.75
2026-04-16,3367.0,94.69000244140625,75.69999694824219,4785.39990234375,6.066500186920166,296.45001220703125,2.6470000743865967,13.65999984741211,78.60600280761719,448.5,346.0,10.835000038146973,1163.75,598.5
2026-04-17,3186.0,83.8499984741211,77.4000015258789,4857.60009765625,6.103499889373779,289.29998779296875,2.6740000247955322,13.3100004196167,81.73799896240234,448.75,331.5,11.100000381469727,1167.25,591.25
2026-04-20,3298.0,89.61000061035156,77.5999984741211,4806.60009765625,6.035999774932861,292.20001220703125,2.688999891281128,13.470000267028809,79.95099639892578,452.0,322.75,11.03499984741211,1165.75,597.0
2026-04-21,3220.0,92.12999725341797,78.26000213623047,4698.39990234375,6.001500129699707,289.0,2.697000026702881,13.430000305175781,76.41100311279297,453.75,324.0,10.989999771118164,1174.5,605.0
2026-04-22,3339.0,92.95999908447266,76.33000183105469,4732.5,6.119999885559082,302.3999938964844,2.7219998836517334,13.569999694824219,77.89299774169922,454.25,316.25,11.100000381469727,1164.5,599.25
2026-04-23,3369.0,95.8499984741211,76.80000305175781,4705.10009765625,6.075500011444092,316.3500061035156,2.614000082015991,13.600000381469727,75.46499633789062,455.5,320.5,11.015000343322754,1159.75,610.75
2026-04-24,3349.0,94.4000015258789,77.0,4722.2998046875,6.023499965667725,309.79998779296875,2.5230000019073486,13.930000305175781,76.38300323486328,455.0,322.75,10.800000190734863,1163.75,608.25
2026-04-27,3218.0,96.37000274658203,77.33000183105469,4675.39990234375,6.01800012588501,304.1000061035156,2.549999952316284,13.829999923706055,75.00299835205078,460.75,332.75,10.739999771118164,1177.25,621.5
2026-04-28,3305.0,99.93000030517578,77.33999633789062,4591.5,5.9145002365112305,306.3999938964844,2.559000015258789,14.109999656677246,73.20500183105469,465.25,334.5,10.574999809265137,1173.0,649.0
2026-04-29,3335.0,106.87999725341797,76.86000061035156,4545.2001953125,5.878499984741211,305.25,2.6470000743865967,14.680000305175781,71.56900024414062,466.5,334.25,10.53499984741211,1182.25,642.25
2026-04-30,3494.0,105.06999969482422,79.86000061035156,4614.7001953125,5.926000118255615,300.8999938964844,2.7669999599456787,14.579999923706055,73.53399658203125,464.75,328.75,10.795000076293945,1182.0,623.75
2026-05-01,3521.0,101.94000244140625,81.8499984741211,4629.89990234375,5.932000160217285,302.0,2.7799999713897705,14.949999809265137,75.95099639892578,468.25,334.0,10.875,1187.75,624.5
2026-05-04,3812.0,106.41999816894531,80.58000183105469,4519.5,5.795000076293945,302.20001220703125,2.867000102996826,15.289999961853027,73.0719985961914,473.75,341.5,11.369999885559082,1207.5,629.5
2026-05-05,4003.0,102.2699966430664,82.45999908447266,4555.7998046875,5.942999839782715,305.8500061035156,2.7880001068115234,15.369999885559082,73.10800170898438,465.5,341.5,11.710000038146973,1195.75,616.5
2026-05-06,4064.0,95.08000183105469,81.70999908447266,4681.89990234375,6.136499881744385,299.45001220703125,2.7300000190734863,14.8100004196167,76.81099700927734,452.75,329.25,11.8149995803833,1179.0,606.0
2026-05-07,4356.0,94.80999755859375,83.0,4699.7998046875,6.127500057220459,291.04998779296875,2.7690000534057617,14.539999961853027,79.70099639892578,452.75,325.5,11.664999961853027,1177.0,601.75
2026-05-08,4113.0,95.41999816894531,84.7300033569336,4720.39990234375,6.249000072479248,289.70001220703125,2.756999969482422,14.6899995803833,80.3949966430664,456.25,331.0,11.819999694824219,1194.25,607.5
2026-05-11,4632.0,98.06999969482422,87.7699966430664,4718.7001953125,6.41349983215332,298.6000061035156,2.9100000858306885,14.90999984741211,85.48500061035156,460.75,337.5,11.895000457763672,1199.75,622.25
2026-05-12,4503.0,102.18000030517578,86.31999969482422,4677.60009765625,6.485000133514404,294.79998779296875,2.8429999351501465,15.010000228881836,85.12999725341797,467.25,345.25,12.039999961853027,1213.5,665.0
2026-05-13,4309.0,101.0199966430664,86.80999755859375,4697.7001953125,6.635499954223633,296.25,2.864000082015991,15.380000114440918,88.88800048828125,466.5,350.25,12.350000381469727,1215.25,665.0
2026-05-14,4189.0,101.16999816894531,83.94000244140625,4678.10009765625,6.567500114440918,294.45001220703125,2.8940000534057617,14.989999771118164,84.91200256347656,451.5,345.5,12.40999984741211,1174.5,647.0
2026-05-15,4002.0,105.41999816894531,80.61000061035156,4555.7998046875,6.251500129699707,284.6000061035156,2.9600000381469727,14.800000190734863,77.16100311279297,455.75,363.75,12.569999694824219,1177.0,635.75
2026-05-18,3791.0,108.66000366210938,83.69999694824219,4552.5,6.271999835968018,276.20001220703125,3.0239999294281006,14.729999542236328,77.072998046875,477.0,373.0,12.8149995803833,1213.0,664.5
2026-05-19,3907.0,107.7699966430664,82.33000183105469,4506.2998046875,6.164999961853027,270.1499938964844,3.114000082015991,15.010000228881836,74.8280029296875,475.25,380.5,12.970000267028809,1209.5,667.25
2026-05-20,3889.0,98.26000213623047,81.5999984741211,4531.2998046875,6.290500164031982,268.29998779296875,3.003999948501587,14.729999542236328,75.85099792480469,465.75,362.5,12.925000190734863,1199.75,660.5
2026-05-21,3767.0,96.3499984741211,77.9800033569336,4539.7998046875,6.256999969482422,273.3999938964844,3.0179998874664307,14.899999618530273,76.41400146484375,462.25,360.5,13.005000114440918,1194.25,647.5
2026-05-22,3796.0,96.5999984741211,77.41999816894531,4521.0,6.3420000076293945,272.3500061035156,2.9070000648498535,14.699999809265137,75.89299774169922,463.25,366.0,12.984999656677246,1196.5,646.25
2026-05-26,4169.0,93.88999938964844,77.37000274658203,4500.39990234375,6.361000061035156,274.0,2.8940000534057617,14.539999961853027,76.30500030517578,457.5,368.25,13.0,1186.0,635.5
2026-05-27,4140.0,88.68000030517578,76.16000366210938,4447.5,6.304999828338623,269.8500061035156,3.0399999618530273,14.140000343322754,74.5989990234375,452.5,377.25,12.805000305175781,1185.25,622.5
2026-05-28,4099.0,88.9000015258789,76.7699966430664,4499.2998046875,6.395999908447266,274.25,3.2850000858306885,13.930000305175781,75.6449966430664,455.75,371.0,12.930000305175781,1194.5,624.0
2026-05-29,3923.0,87.36000061035156,76.1500015258789,4560.5,6.359499931335449,265.6000061035156,3.2899999618530273,14.0600004196167,75.61599731445312,446.75,358.75,12.604999542236328,1186.75,610.5
2026-06-01,3895.0,92.16000366210938,76.63999938964844,4475.2001953125,6.52400016784668,260.6000061035156,3.178999900817871,14.449999809265137,75.00700378417969,444.0,347.25,12.5,1180.75,608.75
2026-06-02,4108.0,93.76000213623047,77.04000091552734,4489.10009765625,6.649499893188477,259.20001220703125,3.1670000553131104,14.380000114440918,75.31099700927734,440.5,335.0,12.65999984741211,1165.25,603.0
2026-06-03,4072.0,96.0199966430664,76.7300033569336,4436.7001953125,6.480999946594238,253.10000610351562,3.2139999866485596,14.239999771118164,73.47599792480469,431.5,326.5,12.529999732971191,1154.0,587.25
2026-06-04,3965.0,93.04000091552734,74.88999938964844,4475.7998046875,6.511000156402588,247.14999389648438,3.3359999656677246,14.270000457763672,73.77899932861328,424.5,318.5,12.395000457763672,1129.5,581.75
2026-06-05,3762.0,90.54000091552734,73.75,4337.10009765625,6.263500213623047,246.5,3.2290000915527344,14.140000343322754,68.94300079345703,417.5,312.5,12.395000457763672,1121.5,580.0
2026-06-08,3831.0,91.30000305175781,73.38999938964844,4335.89990234375,6.329500198364258,245.89999389648438,3.1470000743865967,14.119999885559082,68.42500305175781,418.75,312.25,12.470000267028809,1115.75,583.25
2026-06-09,3831.0,88.19999694824219,71.26000213623047,4260.0,6.302499771118164,244.39999389648438,3.140000104904175,14.079999923706055,65.09400177001953,419.5,313.75,12.390000343322754,1113.75,585.25
2026-06-10,3757.0,90.02999877929688,71.0999984741211,4108.2001953125,6.249000072479248,248.39999389648438,3.184999942779541,13.920000076293945,64.5989990234375,419.0,318.5,12.324999809265137,1123.0,587.5
2026-06-11,3710.0,87.70999908447266,72.48999786376953,4090.300048828125,6.258999824523926,253.9499969482422,3.0869998931884766,13.789999961853027,63.8849983215332,411.75,315.5,12.204999923706055,1115.0,586.75
2026-06-12,3779.0,84.87999725341797,72.94000244140625,4215.0,6.430500030517578,257.20001220703125,3.119999885559082,13.699999809265137,67.85900115966797,412.75,306.0,12.039999961853027,1113.5,584.5
2026-06-15,3882.0,80.75,73.43000030517578,4328.0,6.482500076293945,262.95001220703125,3.1470000743865967,13.680000305175781,70.06600189208984,415.5,297.0,11.8100004196167,1119.25,589.75
2026-06-16,4142.0,76.05000305175781,75.01000213623047,4330.89990234375,6.488999843597412,277.25,3.239000082015991,13.819999694824219,69.89900207519531,413.75,304.5,11.84000015258789,1130.0,596.0
2026-06-17,4144.0,76.79000091552734,76.9000015258789,4358.89990234375,6.481500148773193,277.8500061035156,3.1449999809265137,13.850000381469727,70.69599914550781,421.0,306.5,11.930000305175781,1132.0,612.75
2026-06-18,4143.0,76.5999984741211,76.05000305175781,4224.10009765625,6.374499797821045,275.1000061035156,3.2330000400543213,13.59000015258789,66.25499725341797,417.5,313.25,12.204999923706055,1122.75,605.75
2026-06-22,4525.0,74.81999969482422,75.20999908447266,4181.89990234375,6.356500148773193,277.0,3.253000020980835,13.350000381469727,65.5270004272461,411.5,303.75,12.475000381469727,1115.75,597.5
2026-06-23,4545.0,73.20999908447266,73.95999908447266,4129.89990234375,6.140999794006348,287.95001220703125,3.1470000743865967,13.420000076293945,62.02000045776367,409.75,302.0,12.895000457763672,1117.0,586.75
2026-06-24,4902.0,70.33999633789062,72.08999633789062,3990.300048828125,5.942999839782715,291.54998779296875,3.2209999561309814,13.420000076293945,58.051998138427734,407.0,282.75,12.925000190734863,1108.75,585.75
2026-06-25,5159.0,71.91999816894531,73.4000015258789,4030.5,6.070499897003174,288.79998779296875,3.3429999351501465,13.550000190734863,58.347999572753906,414.75,273.75,12.975000381469727,1127.5,591.0
2026-06-26,5014.0,69.2300033569336,71.66000366210938,4078.699951171875,6.141499996185303,286.75,3.2309999465942383,13.979999542236328,59.21699905395508,412.75,276.75,13.100000381469727,1126.25,578.25
2026-06-29,4895.0,70.75,72.0,4022.300048828125,6.097499847412109,291.1000061035156,3.180999994277954,14.289999961853027,58.17499923706055,402.0,259.75,13.21500015258789,1108.75,569.5
2026-06-30,5002.0,69.5,72.22000122070312,4022.89990234375,6.192500114440918,311.20001220703125,3.2750000953674316,14.34000015258789,59.47700119018555,412.75,264.25,12.819999694824219,1116.75,580.75
2026-07-01,5006.0,68.58000183105469,73.27999877929688,4068.300048828125,6.123499870300293,324.29998779296875,3.2200000286102295,14.989999771118164,60.084999084472656,421.0,271.5,12.864999771118164,1126.25,592.0
2026-07-02,4949.0,68.69000244140625,72.56999969482422,4112.7001953125,6.114500045776367,315.6499938964844,3.196000099182129,14.850000381469727,60.643001556396484,425.0,285.75,12.805000305175781,1131.75,590.5
2026-07-06,5602.0,68.55000305175781,73.94999694824219,4155.10009765625,6.177999973297119,363.95001220703125,3.244999885559082,15.220000267028809,61.91999816894531,440.75,289.25,12.800000190734863,1182.25,606.0
2026-07-07,5667.0,70.44000244140625,76.94000244140625,4145.2998046875,6.171500205993652,331.6000061035156,3.265000104904175,15.140000343322754,60.930999755859375,442.5,294.0,13.21500015258789,1196.75,609.25
2026-07-08,5959.0,73.5199966430664,76.20999908447266,4070.89990234375,6.054500102996826,324.25,3.2119998931884766,15.109999656677246,58.16400146484375,434.75,298.75,13.140000343322754,1195.0,599.5
2026-07-09,6309.0,72.08000183105469,76.16000366210938,4130.60009765625,6.215000152587891,356.95001220703125,3.01200008392334,15.119999885559082,60.37799835205078,427.75,295.25,13.4350004196167,1179.75,611.25
2026-07-10,5919.0,71.41000366210938,79.91999816894531,4104.10009765625,6.233500003814697,343.0,2.940000057220459,14.880000114440918,59.808998107910156,438.0,301.25,13.345000267028809,1196.5,632.0
2026-07-13,5696.0,78.13999938964844,79.83000183105469,3997.0,6.232999801635742,341.3999938964844,2.8970000743865967,14.75,57.63399887084961,437.75,301.0,13.170000076293945,1202.0,627.0
2026-07-14,5660.0,79.33999633789062,79.5999984741211,4061.10009765625,6.329999923706055,337.20001220703125,2.9040000438690186,14.880000114440918,58.77199935913086,433.75,292.5,13.149999618530273,1207.25,631.25
2026-07-15,5737.0,79.5999984741211,80.55999755859375,4044.0,6.293499946594238,334.45001220703125,2.9240000247955322,14.850000381469727,57.11000061035156,447.5,354.75,13.930000305175781,1202.25,677.5
2026-07-16,5216.0,78.94999694824219,77.69000244140625,3985.60009765625,6.296000003814697,321.29998779296875,2.8580000400543213,14.4399995803833,55.89799880981445,441.5,345.5,14.020000457763672,1195.0,674.75
2026-07-17,5533.0,82.48999786376953,77.06999969482422,4012.699951171875,6.21999979019165,328.45001220703125,2.9110000133514404,14.829999923706055,56.03799819946289,444.75,342.25,14.010000228881836,1204.5,682.75
2026-07-20,5520.0,83.2300033569336,77.37000274658203,4010.300048828125,6.298999786376953,334.3999938964844,2.859999895095825,14.819999694824219,56.801998138427734,449.5,342.0,14.0,1226.0,674.0
2026-07-21,5607.0,84.91000366210938,78.95999908447266,4071.10009765625,6.511000156402588,331.95001220703125,2.865000009536743,14.880000114440918,58.834999084472656,452.75,333.25,14.210000038146973,1219.5,678.0
2026-07-22,5328.0,86.83000183105469,79.87000274658203,4146.89990234375,6.451000213623047,316.6499938964844,2.924999952316284,14.739999771118164,60.01900100708008,462.0,338.75,14.305000305175781,1233.0,705.75
2026-07-23,5301.0,92.19000244140625,79.83999633789062,4046.60009765625,6.304999828338623,309.3999938964844,2.9159998893737793,14.6899995803833,57.79800033569336,464.0,332.5,14.130000114440918,1237.5,696.25
2026-07-24,5376.0,89.30999755859375,78.55000305175781,4067.60009765625,6.320000171661377,313.79998779296875,2.871000051498413,14.770000457763672,58.65599822998047,464.25,328.25,13.975000381469727,1248.0,678.0
2026-07-27,5100.0,82.61000061035156,79.33999633789062,4074.5,6.339000225067139,324.54998779296875,2.7669999599456787,14.579999923706055,58.47200012207031,451.75,314.75,13.645000457763672,1208.5,660.0
2026-07-28,5201.0,79.26000213623047,79.20999908447266,4036.300048828125,6.322000026702881,339.3999938964844,2.6619999408721924,14.550000190734863,57.29600143432617,458.5,313.75,13.65999984741211,1212.0,662.5
2026-07-29,5169.0,84.37999725341797,79.37999725341797,4160.10009765625,6.420000076293945,326.6000061035156,2.7209999561309814,14.5,59.040000915527344,471.0,325.25,13.539999961853027,1191.5,660.0
