Date,Cocoa,Crude Oil,Cotton,Gold,Copper,Coffee,Natural Gas,Sugar,Silver,Corn,Oats,Rice,Soybeans,Wheat
2016-07-29,,,,,,,,,,,,,,
2016-08-01,0.032098765432098775,-0.03701916243550085,0.00013476950299895485,0.0017791137242864075,-0.010808344746931597,-0.01880984991383794,-0.03650904788582565,-0.01259841368661374,0.007532486995905252,-0.02615844544095669,-0.0037406483790524137,-0.025653840194303945,-0.03535108958837774,-0.0042918454935622075
2016-08-02,-0.01025290498974707,-0.013729481600180726,-0.0067412702217020115,0.00961965351868077,0.00455269300100114,-0.015336333182606965,-0.013713413803119745,0.01275915884807488,0.009821657079129187,-0.004604758250191909,-0.021276595744680882,-0.01239038038556406,-0.010793172690763075,-0.011699507389162589
2016-08-03,0.03349447513812165,0.03340935372305687,0.0023075630944833225,-0.006083295719442328,-0.004758646711757852,-0.0060177423257743445,0.03878519759997201,-0.000524846295728576,-0.011129368922899063,0.0023130300693909867,0.0038363171355497716,-0.002090904857996234,0.005328596802841812,0.02242990654205612
2016-08-04,-0.0006682258603407654,0.026940936193748932,0.027356505588345792,0.001991057658577766,-0.010018248357452353,0.012108349579307287,-0.0017611398541220735,0.03466385586535714,-0.0014680311918128242,-0.013076923076923097,-0.0573248407643312,-0.02304874439710103,0.0,-0.017062766605728252
2016-08-05,0.010030090270812364,-0.0031004308888399335,0.010282082428436423,-0.016485151316693702,-0.009659571392709898,0.0028148759979151894,-0.021877217296905505,0.032994903216099436,-0.030677224662879476,0.010911925175370207,-0.03378378378378377,-0.0021447189810647194,0.01337708228167589,0.03161810291382516
2016-08-08,0.0033101621979476636,0.029186632606955865,-0.007567873638749334,-0.0022448368341771996,0.005109111653308185,-0.009824518571820207,-0.008658068976419742,0.009827953407457235,-0.0006067258433291034,0.0030840400925211675,-0.012587412587412583,0.03815148098800858,0.014943960149439661,0.0024038461538462563
2016-08-09,-0.01814582645991425,-0.005811250519289213,-0.03944254662497082,0.004199771623971893,-0.006700619645910955,0.0,-0.04839879968214322,-0.007785880941716061,0.002326969232810283,-0.009223674096848544,-0.007082152974504208,0.004140782865927672,0.0031901840490797806,0.0
2016-08-10,0.014784946236559238,-0.02478375875487282,-0.026005939775190834,0.003958214210698197,0.009769782698008989,-0.01736365769703685,-0.020650057598828653,-0.0367827377366553,0.016150278362787374,0.0007757951900697613,-0.01854493580599148,-0.018556634540295103,-0.004892367906066508,0.011390887290167795
2016-08-11,-0.00596026490066226,0.04267568048585213,0.0015457135370497976,-0.0013390231070021796,0.00898411278796818,-0.006851763361428342,-0.003904720827309638,-0.00203660944102646,-0.007450159932512412,-0.0046511627906976605,-0.01744186046511631,-0.021533704571746193,0.005162241887905594,-0.01304090100770594
2016-08-12,-0.0029980013324449883,0.022993790788817803,-0.019503289674753566,-0.004990652641992499,-0.022602733909849015,-0.006172773155877831,0.013720049309932092,0.005612178615410857,-0.015612408876234274,0.003894080996884819,-0.011834319526627168,0.036500286409449245,-0.0185864514551235,0.01501501501501501
2016-08-15,0.012362178416304603,0.028096200333590948,-0.025615354692072323,0.0033687676564675417,0.005138947737045152,0.0007306601407890412,0.0015467705161218426,0.013698653998232668,0.007574128395428481,0.013188518231187052,0.029940119760478945,0.06110825156971034,0.020433590829803228,-0.0011834319526626835
2016-08-16,0.0036303630363037076,0.018364672535273296,-0.0011748304591351344,0.007610199806224793,0.009528210464375908,0.0032858485452340602,0.010424783676556304,0.014014048701733284,0.0013622132289035083,0.003062787136294043,0.0029069767441860517,0.018545684351391145,-0.004151404151404137,0.0035545023696681444
2016-08-17,0.0046037487668531,0.004508352859974529,0.0051462794166659,-0.0057756748079415,-0.009208094640323794,-0.017103282016861066,0.000764178434389029,-0.02665354933005082,-0.011134561104155782,0.008396946564885432,-0.011594202898550732,-0.020124583584318234,0.010789602746444249,0.005903187721369552
2016-08-18,0.017675941080196322,0.03056209184003733,0.0020479723288246987,0.006330528270729108,0.006970309130966523,0.022954393000187423,0.02100040765117006,0.013184596244167235,0.004738294227683237,0.005299015897047621,-0.0029325513196480912,-0.0004890087290343459,0.001698204754973398,0.0023474178403755097
2016-08-19,-0.004503055644901943,0.006221468881500991,-0.013576646790887326,-0.007992841287809305,-0.00023071700397525596,0.004705097242063472,-0.03365740962406816,-0.010510464929127439,-0.02124740024600158,0.006777108433734913,-0.0014705882352941124,0.0034246425144452974,-0.0050859772341971254,0.0
2016-08-22,-0.03618739903069468,-0.03029680970392301,0.005179790967912323,-0.002014378687711371,-0.012231703451979548,0.038184459187522224,0.03676462311320394,0.03287807807182008,-0.023729349203891248,-0.0029917726252804977,0.014727540500736325,0.02145297558007897,0.008033106134371915,-0.02751756440281028
2016-08-23,0.018773047267851117,0.022316668524693162,0.0029447082306925942,0.002167918456991824,-0.011682286982201417,0.008327528781505888,0.03060844352443004,0.015181168696579483,0.0035556670360301634,-0.014253563390847712,-0.004354136429608135,-0.016229123637520382,-0.0009659502535619424,-0.018061408789885602
2016-08-24,-0.007897334649555776,-0.027650687287921416,-0.010422769463383275,-0.012084105226687347,-0.018439732461664526,-0.021679346793622267,0.012676597924799804,-0.024602037633562723,-0.01930194468870472,-0.0030441400304414,-0.013119533527696792,-0.02183409750669474,-0.0033840947546531774,-0.009196811771919111
2016-08-25,0.0033167495854062867,0.01197351652362566,0.005043707453197044,-0.003246790055011828,-0.00024083033061050862,0.009497053545417078,0.01788267247784958,0.016320471558478378,-0.003612803189494196,-0.012213740458015265,0.02067946824224509,-0.02926588080622572,-0.031530439000727606,-0.0068069306930692575
2016-08-26,-0.004297520661157073,0.0065497051891163505,-0.0005904194173778077,0.0010605442314632896,-0.00024088834383007018,0.002787413912783032,0.008784292253264159,0.0029197749644100934,0.009037764428104111,-0.022411128284389514,-0.02170767004341534,-0.005620879512872712,-0.007513148009015813,-0.04423676012461064
2016-08-29,-0.022244355909694535,-0.013853901256672074,-0.015064195198022268,0.0010594206689840124,-0.00120484682554578,0.0006949694771187787,-0.006269636211122753,0.0029111821526219828,0.006275069434853897,-0.014229249011857736,-0.041420118343195256,-0.02672140672555079,-0.007570022710068125,-0.03389830508474578
2016-08-30,-0.010865874363327643,-0.013409984552018694,-0.010796239231445792,-0.008466303602306047,-0.0016887743099234243,0.005208333333333259,-0.009113222420639722,-0.00725687556732546,-0.009860328031042198,-0.024859663191659997,-0.0015432098765432167,-0.020063413801489682,-0.01805237732011189,-0.019568151147098534
2016-08-31,0.002746309646412648,-0.03559865729235989,-0.009852986415815335,-0.003659317630929415,0.00024164512276136918,0.007944690131152843,0.02122397710034596,-0.022417201830385425,0.0024223543686878735,-0.008223684210526327,-0.004636785162287493,-0.009159487132846977,-0.005696530295183799,-0.00619408121128695
2016-09-01,-0.000342348510783963,-0.034451921459566326,0.04118191142029959,0.004055342152272656,-0.0004831734890056172,0.02878692517294512,-0.032906139885222174,-0.02342967726157974,0.01261951528434424,0.031509121061359835,0.032608695652173836,0.001087572508291057,-0.0010416666666667185,0.020083102493074767
2016-09-02,0.001027397260273899,0.029657061719698508,-0.007351859789659354,0.007544600504840071,0.0014503364370201943,0.0,0.0,0.030117414394708497,0.0222197969169875,0.01768488745980701,-0.03157894736842104,0.03856605093460086,0.009906152241918598,0.01357773251866945
2016-09-06,0.00855285665412242,0.008775949963943264,0.022959493013131604,0.02064900486517751,0.006034297515762566,0.015656167549426447,-0.02686248072989561,0.0019821113763041076,0.04010171998802714,0.0007898894154818592,-0.01552795031055898,-0.018305458478408698,0.005937016004130102,-0.006028131279303461
2016-09-07,-0.004748982360922693,0.014945307641749617,0.0068056941401475335,-0.0037794393757715206,0.00431853361141199,0.009183399037710371,-0.015090132226224018,0.0034619982467862798,-0.014464512507789129,0.013417521704814472,0.03312302839116721,-0.005327670699569076,0.017962535283551517,0.011455525606469008
2016-09-08,-0.012269938650306789,0.04659338311834649,-0.004027021202540948,-0.00557911160275415,0.0014333593281357082,-0.0009750350947175246,0.04857992162835956,-0.00345005416531452,-0.00850251370565902,0.01869158878504673,0.007633587786259444,-0.0032136832189179065,0.0002520796571716666,0.004663557628247883
2016-09-09,-0.03588681849551412,-0.03653922517424679,-0.005342999950643024,-0.005012023487028561,-0.003578212499890543,-0.024398178753788802,-0.003207435125038516,-0.011374854107162213,-0.015772549717534057,0.00917431192660545,-0.004545454545454519,-0.0016120733832120093,0.005292338709677491,-0.0026525198938992522
2016-09-12,0.012884753042233354,0.00893635217670119,-0.027729327945350102,-0.006841572628349835,0.003591062083124319,-0.0016672224414001624,0.042188070580766235,0.012506253269757517,-0.019033226860636798,-0.002272727272727315,-0.013698630136986356,0.02314318121321124,-0.012785159187766348,0.01928191489361697
2016-09-13,-0.002826855123674865,-0.030028070040114874,0.003434309740880881,-0.0015140045420136694,-0.00023853233341608604,-0.015698001954796648,-0.00205833346147144,0.009387378271058289,-0.0013217829589625696,-0.03037205770690965,0.010802469135802406,-0.01315097301367607,-0.016505840528186932,-0.02217873450750163
2016-09-14,0.009567682494684648,-0.02939865590123447,0.013095311350836525,0.0018953752843062777,0.025053691113284593,0.0030539323352729575,-0.006875208483079209,-0.01468434360880444,0.004870352793877153,0.009397024275646038,0.016793893129771087,0.021321941026122948,0.0038729666924863793,0.005336891260840471
2016-09-15,0.008073008073008037,0.00757223502735771,0.004406513135938761,-0.006053726825577033,0.0018621734162174164,-0.0013531592971087747,0.013153377505829678,0.017387004275284612,-0.0012117119764952777,0.024049650892164376,0.039039039039038936,0.021920672214967407,-0.022119341563786032,0.060384870603848784
2016-09-16,-0.02402506963788298,-0.020041017334849753,-0.009359453281002406,-0.005862163054339509,-0.00023232517281468468,-0.0033875337352583523,0.0071745500918485305,0.06347661979816754,-0.009388654459527856,0.021212121212121238,0.01589595375722541,0.0025535871938391352,0.01630720673329833,0.009386733416770987
2016-09-19,0.024616482340349632,0.006274702891545969,0.018305366582056948,0.005896730650902571,-0.0011620066167666865,0.02991158201168309,-0.004748961730744239,0.01469236385380035,0.0226292121800169,0.0007418397626113293,-0.015647226173541973,-0.005603602022702936,0.006728778467908869,0.0018598884066955979
2016-09-20,-0.002089136490250665,0.003233242312129514,0.02667434398878843,0.00015222776693946116,0.0030246653957666236,0.0264026402640265,0.03851394529276897,0.001357410804482484,-0.0005727210207085998,0.00963676797627877,0.011560693641618602,0.013831990339748357,0.017737789203084775,0.004950495049504955
2016-09-21,0.0038381018841591175,0.0437385263799408,0.013979071844614666,0.010048012280439389,-0.00487123847809412,0.006752431201014764,0.0032819135833961344,0.0031631994951428766,0.02557963724702672,-0.001468428781204123,0.0071428571428571175,-0.022233477195667595,-0.01439757514523865,0.004310344827586299
2016-09-22,0.014946124435175623,0.021614458291535632,-0.008912399546124883,0.010174089796977315,0.019813528881771347,-0.008304075544016465,-0.02191688386519186,-0.0013513822348867333,0.016966352728295275,-0.00955882352941173,0.005673758865248235,-0.0015504230518897932,0.001025115325474113,-0.005518087063151489
2016-09-23,-0.023287671232876672,-0.03972366504124769,-0.02936625532755155,-0.0023874016591325375,0.0022857666015625444,-0.024798751069343816,-0.011705714287309044,-0.0018042812534816433,-0.014335696781496932,-0.0007423904974016571,-0.0014104372355430161,-0.0010352203974945962,-0.022017409114183262,-0.0018495684340320562
2016-09-26,-0.0024544179523141585,0.03259893835121552,0.0011581040667940634,0.0018695782914208703,-0.0011402768939405838,0.014200853645631284,0.014213217054989125,0.018526966575200587,-0.010996759546771484,-0.022288261515601815,-0.021186440677966156,0.002590732973354992,-0.01020942408376968,-0.021618282890673246
2016-09-27,0.008084358523725799,-0.02743309662221971,0.0033255597941077575,-0.010300759319832209,-0.01301373486940216,0.0009768407261692147,-0.0003336428187360463,0.021295453537699904,-0.02198200645914461,0.008358662613981771,0.00721500721500723,0.010852665650268323,0.007669928590320119,0.02020202020202011
2016-09-28,-0.014993026499302675,0.05327963209476505,-0.018158267002643003,-0.0049023304022280945,0.00832760864011739,-0.003903649034740053,-0.014686297735938658,0.010860121417403557,-0.002252803888445065,-0.007535795026375247,-0.002865329512893977,-0.004089975761264686,-0.0073490813648293685,-0.0018564356435643026
2016-09-29,-0.0343362831858407,0.01657816379686028,-0.0026420125118491455,0.0017431610696185817,0.0006881813306940376,-0.01926853095640413,0.0023713442180464117,-0.021916640259956766,0.00372816336775017,0.0,0.011494252873563315,0.0030801527053900823,0.005023796932839719,-0.010539367637941721
2016-09-30,0.012096774193548487,0.008572022406779567,0.005003737785950646,-0.006355377660642536,0.009628568776873347,0.00932407067720975,-0.017911527453265852,-0.010105427940394485,0.0012555672578633548,0.02277904328018221,0.012784090909090828,0.011770702735922622,0.003946329913180779,0.007518796992481258
2016-10-03,0.011590003621876122,0.011815913660688127,0.0064431459292337845,-0.003274231834501151,-0.008401386032720115,-0.02639392886474512,0.0058500340521798755,0.006213909692928787,-0.017973763716386926,0.027468448403860535,0.026647966339411022,0.018209342168303166,0.01991614255765195,-0.016169154228855676
2016-10-04,0.007876834944504196,-0.0024585688015918983,0.016732050637509044,-0.03262028355376245,-0.011449551077535092,-0.0006777777122820572,0.014026646599158532,0.026025591116113578,-0.05756854099652797,0.006502890173410325,-0.0095628415300546,0.0029806942768262346,-0.009763617677286729,0.0
2016-10-05,0.00746003552397867,0.02341349838774387,-0.026473934556867862,-0.000868749596328322,-0.0011582382540049618,0.005086470095101214,0.02597837485562371,0.023645710732952407,-0.004459920318416244,-0.001435750179468731,0.015172413793103523,-0.0054482717900877775,-0.007005708354955842,0.02402022756005051
2016-10-06,-0.017277856135402003,0.012241556757763172,-0.0047038027424102236,-0.012171911901740162,-0.0037105275409411442,-0.012145769830119835,0.0026307582087417014,-0.029399364606962353,-0.01962122355208784,-0.02084831056793679,0.020380434782608647,0.006972081184281054,0.0018291089626338852,-0.022839506172839474
2016-10-07,-0.0007176175098672077,-0.012490033119952781,-0.007679761484233327,-0.0007201347246756917,0.0039572156306244555,0.010929003894951883,0.04722861667258216,0.013414082983776554,0.002082328659954058,-0.0022026431718061845,0.015978695073235683,-0.0014836192045299956,-0.0018257694314032236,-0.0025268477574226234
2016-10-11,-0.04308797127468578,0.019674754370953007,-0.0007442037496786513,0.0032828693296416134,0.010201639200899226,0.018918939538904223,0.01378011565204873,-0.005550775420286591,0.007619485916458224,0.016924208977189048,0.04325032765399728,0.02971770012871522,-0.002613012803762693,0.03166561114629518
2016-10-12,-0.008255159474671703,-0.01201025003653966,0.02725650651907574,-0.001516380218725022,-0.004131202563210423,0.008620709717834796,-0.008341041243247194,-0.006011219042234228,-5.725542618084667e-05,-0.02460202604920403,-0.005025125628140725,-0.020683034451173476,-0.009169504846738286,-0.025782688766114226
2016-10-13,0.020052970109723844,0.005181313669828436,0.004929626386443564,0.003117276388912016,-0.025121041792977916,0.003944712824786034,0.04080998143454595,-0.009935185573490268,-0.0025780622452383772,0.0370919881305638,-0.011363636363636354,0.004911516263425453,0.011369645690111119,0.04851921865154374
2016-10-14,0.008160237388723957,-0.0017843012497671396,0.01817922638310998,-0.0015139636765437725,-0.005437409035985219,0.017681709248215327,-0.01676144655349221,-0.0004363101591862151,-0.0009764617181651225,0.013590844062947083,0.015325670498084198,-0.006842590220577538,0.006535947712418277,0.012019230769230838
2016-10-17,-0.010301692420897735,-0.008142996223184373,0.008785641905387553,0.001037466166669665,-0.0019015682015451896,0.010939589921500792,-0.012481012700488403,0.01091226545897328,0.0018973694423507492,-0.0007057163020465218,0.0062893081761006275,0.02411416232663499,0.016363636363636358,0.0065320665083135054
2016-10-18,0.0029739776951673846,0.007008456116199602,-0.0005618895091381582,0.0051020601797675535,-0.0007144040597137913,0.010502825158371865,0.005856983246464331,-0.0060448786947674416,0.009468552883280301,-0.0007062146892655718,0.018750000000000044,0.0014416476412988377,-0.005877843087145451,-0.008849557522123908
2016-10-19,0.00963676797627877,0.026048867264770292,-0.0007027835655017967,0.005631325595630177,-0.00047672350604854863,-0.005669252891240206,-0.028501359124723957,-0.003040820739888872,0.001421159632430724,0.010600706713780994,0.025766871165644245,-0.0014395722853093318,0.009254498714653003,0.0005952380952380931
2016-10-20,-0.0025697503671071598,-0.02267438378960618,-0.018284042901019926,-0.0018140616640400786,-0.003099555395371767,-0.012353577013816897,-0.009148278602858162,-0.014379081164953678,-0.006471299847973011,-0.018181818181818188,0.0071770334928229484,-0.007688604109479469,-0.006113092205807469,-0.007733491969066031
2016-10-21,0.002944423997055523,0.008328339607450053,-0.010458500358406675,0.00023708030492497478,-0.003348580488590991,0.0012829519875674489,-0.04711875211064198,0.003978702117603872,-0.0030854103529291965,0.004273504273504258,0.03681710213776723,-0.0033898157926067762,0.0076883649410559585,-0.005995203836930418
2016-10-24,-0.007339449541284404,-0.006489636701274781,-0.004343463921866686,-0.0030808312969798912,0.0019199362111550489,0.01153099117609968,-0.05412627438035067,0.021576472841067673,0.006533718519810883,-0.012056737588652444,-0.02290950744558995,-0.04275992050675048,0.00915564598168861,-0.02895054282267795
2016-10-25,0.01109057301293892,-0.011084746005875279,-0.004071525272134835,0.007844710312252312,0.02155680757822709,0.04179864698311797,-0.020134284144238568,-0.011637950382957785,0.009907743062049335,0.002871500358937462,-0.0058616647127783805,-0.0015228774357179953,-0.0012600806451612545,0.004347826086956497
2016-10-26,0.012431444241316258,-0.015612465844485834,0.01124257988724886,-0.005582180556375382,0.0032825180312092694,-0.004863240436217664,-0.015501075676929599,-0.011338867222917104,-0.008513812361460205,0.013600572655690701,0.014150943396226356,0.016268413501933754,0.0194297249558415,0.017934446505875057
2016-10-27,-0.013362224629830277,0.010980091748200138,0.007219173903814324,0.0024509609948304423,0.012152383299978586,0.006719646450961347,0.012083483345270318,-0.003528889432590332,0.0010805236320345912,0.009887005649717562,0.07906976744186056,0.015007561172793338,0.004207920792079101,0.007290400972053357
2016-10-28,0.008784773060029227,-0.02051489204990098,0.015194918665910384,0.005994144206637797,0.010621104916839652,0.004247554218930194,0.1233719564539324,-0.01903498460696207,0.008975178247818016,-0.006993006993006978,-0.03556034482758619,-0.02710700441557301,-0.012817352723687447,-0.014475271411338975
2016-10-31,-0.007619738751814209,-0.03778234340374231,-0.027675784988966945,-0.0031360250882006557,0.005483246205511216,-0.008157136577133683,-0.025442832753629352,-0.026624555805526917,0.0,-0.0007042253521126751,-0.01452513966480451,-0.0015197916410010226,0.0009987515605494046,0.01897184822521414
2016-11-01,-0.014259597806215774,-0.004054682862387304,-0.009584717633739914,0.011718461985106066,0.010906580006037059,-0.016448352413249823,-0.04097821267063162,-0.01761702207431104,0.03507494252557586,-0.01620859760394644,-0.0045351473922902175,-0.025367834765344766,-0.01795959092042898,-0.00480480480480483
2016-11-02,0.004821958456973308,-0.028497923045611273,0.005865125275335004,0.015858227632850497,0.0006743671564759524,0.008981089969961609,-0.03790485767593643,0.024067966778110295,0.014957825134984892,-0.007879656160458492,0.02277904328018221,-0.01665797553748316,-0.007620015240030531,0.00844900422450201
2016-11-03,-0.0014765596160944972,-0.01499780112234883,-0.007725929899208617,-0.003596627690978682,0.008310804420618823,0.016881523038899005,-0.008237822869516132,-0.01013830474507893,-0.01484461037037521,0.005054151624548808,-0.011135857461024523,0.010587653224015003,0.003071410289224419,-0.01376421304608022
2016-11-04,-0.04584103512014792,-0.013210930465824444,0.0067577359561474815,0.0009216444702315751,0.007351301742118066,0.03440997535196533,-0.000722316150779001,0.011638733953807767,-0.0022303414842063107,0.0021551724137931494,0.028153153153153143,0.009952882794076912,0.0017861699413115328,0.005461165048543659
2016-11-07,-0.03487020534676477,0.018606755173645295,-0.001167398693706967,-0.019182075549278865,0.020123857454577454,0.017508023887595536,0.017708719011508167,0.024850479839070072,-0.011885209676295583,-0.007168458781361964,-0.0010952902519167917,-0.006224109697076874,0.007896077432501203,-0.0102595051297526
2016-11-08,0.004014452027298221,0.002004904295201282,0.004382805918671684,-0.00383323494241794,0.03143290343907834,-0.03928882055472149,-0.0649858269636513,-0.013471088380898277,0.011366109476167452,0.02310469314079433,-0.009868421052631526,-0.006784924937468628,0.012635835228708592,0.012804878048780388
2016-11-09,-0.010795681727309048,0.0064473303352312605,-0.00669089577414772,-0.0006282776918377087,0.03362764348734926,0.015522424498600751,0.021648371609190642,0.006372385133028624,0.0014730184047178074,-0.038108680310515175,-0.01439645625692132,-0.004729382519205516,-0.019715497878712296,-0.02046959662853698
2016-11-10,-0.009700889248181133,-0.013474720657904227,0.01332546522938971,-0.005579110264141374,0.03680352739253867,-0.04850088009391018,-0.0215613704476898,-0.02080510986534856,0.019556531320800152,0.00807043286867204,-0.00786516853932584,0.01267158206709662,0.007128309572301372,-0.0049170251997541214
2016-11-14,-0.023673469387755053,-0.030004481799512095,-0.004335194155971722,-0.03500596509531806,-0.01215920731503184,-0.00030894686359062007,0.04445292718595062,-0.000923808688964245,-0.09825811249932992,-0.0181950509461426,0.03171007927519809,-0.04848802348166892,-0.018200202224469164,-0.026559604694255667
2016-11-15,-0.0058528428093646,0.057479263527425495,0.02597969340907813,0.0022928668032111688,-0.00655151701329737,0.0,-0.014550731465406086,-0.022191380529823168,0.009006251858384884,0.012601927353595332,0.023051591657519133,0.029041133514822404,0.01905252317198758,0.012690355329949332
2016-11-16,0.014297729184188368,-0.005239067261995967,0.02037055824414935,-0.000490176132301845,-0.014788240571007694,-0.003399277140816115,0.020302630525145693,-0.03735219964195957,-0.006753172567511512,-0.008784773060029227,0.0021459227467810482,0.032481292902012626,-0.0037897928246589663,-0.005012531328320802
2016-11-17,0.005804311774461057,-0.0032916727426693937,0.017329821816134405,-0.005640039460819257,0.009127804839926368,-0.01209300433018412,-0.022069418106839156,-0.006876291394897649,-0.009045753927662159,0.010339734121122657,0.0064239828693790635,-0.019081946546233186,0.003804209992391616,0.015113350125944613
2016-11-18,0.002473206924979321,0.0059445281516605775,0.00027261206336448573,-0.006576243321002928,-0.00944722256008168,-0.009102303329969641,0.051794251916081,-0.003461903916979203,-0.008829951234644362,0.01023391812865504,-0.010638297872340385,0.013144058569039219,0.004295098534613517,0.012406947890818865
2016-11-21,0.002467105263157965,0.03939599706412733,0.0027247540066013265,0.0009101990781443803,0.01968346643585983,0.005068025100006146,0.03763634012461492,0.009925596363561606,-0.006079680624459405,0.012301013024601959,-0.033333333333333326,0.01816296695149866,0.026666666666666616,0.005514705882353033
2016-11-22,0.00041017227235440323,0.01137075345851013,0.0016304721341022788,0.0011574276143517803,0.011940286893696861,-0.008824418218369656,0.010847479434781482,-0.029484047676779146,0.006722387771436411,0.0035739814152966343,-0.014460511679644017,-0.02548419870605556,0.009556481254594518,-0.007312614259597838
2016-11-23,-0.00041000410004099486,-0.001457416127488842,-0.008681489135253906,-0.018084248071067344,0.024975389201331133,-0.016534220054153392,0.014755167234796307,-0.008607598799693417,-0.014437814040441088,-0.0007122507122506727,-0.021444695259593693,-0.0026151225007573498,0.004126213592233086,-0.01411909146715773
2016-11-25,-0.007793273174733439,-0.03961629998856231,-0.005883966809002716,-0.0091666173054048,0.02340756330351912,-0.015195544374217995,0.01949769161021897,0.013278867716799425,0.004944227834042136,-0.004276550249465383,-0.035755478662053086,0.009438925435569567,0.011360889533478469,-0.014321295143212898
2016-11-28,-0.006614303431169866,0.022145037502216525,0.00853400005733862,0.010524550100115881,-0.004124542997542724,0.004596171596952026,0.047649942485865626,0.005040341769185108,0.006924101568627439,-0.0021474588403722628,-0.03229665071770338,-0.004155840192522353,0.009560229445506607,-0.015792798483891368
2016-11-29,0.0008322929671245038,-0.03929486441944163,-0.01214684632761831,-0.002267723187669546,-0.02296681951129398,-0.02026147780075571,0.025680675060937963,-0.014042160438625162,0.00500664661216077,-0.03371592539454804,-0.018541409147095234,-0.005216503968270114,-0.01278409090909094,-0.014120667522464658
2016-11-30,-0.007484407484407485,0.09307979498300245,0.0011053030407639497,-0.014395130258855082,0.010211940792444585,-0.016010633717181588,0.011161369602875837,0.007629685640613948,-0.015305154042935865,0.0,0.0037783375314861534,0.017829059152012938,-0.009832134292565908,-0.00911458333333337
2016-12-01,0.004189359028068607,0.03276704675527342,-0.009108419004331347,-0.0033310764019578443,0.0038146062960329186,-0.03864404710672664,0.0456444261441904,-0.022715742944085626,0.0012800139139024225,-0.014847809948032697,0.005018820577164407,0.0015456304421097578,-0.002421893921046303,-0.023653088042049908
2016-12-02,-0.003754693366708417,0.012142556114561387,0.002506967932104809,0.007027124004040042,-0.006270186642380549,-0.004231354658692177,-0.019686163614591523,-0.012396682001644121,0.01984538946335901,0.017332328560663246,0.0,-0.00977368975503623,-0.002184996358339353,0.043068640646029666
2016-12-05,-0.01340033500837523,0.002128494769775502,0.004584526066549133,-0.0009360697887760283,0.028298233833465414,-0.007082153127570989,0.06344584640639872,-0.00941424148928005,0.0042379958460263545,0.03555555555555556,-0.004993757802746579,0.037402561732700956,0.015571776155717698,0.004516129032257954
2016-12-06,-0.0038200339558573937,-0.016605533793179084,0.001106373029398311,-0.005451468836509821,-0.0063220381677217,-0.01604850248913081,-0.00519979561512085,0.03009501999745212,-0.0049928457418134675,0.0042918454935623185,0.05144291091593467,-0.0025037175152585744,0.00407283181600393,0.0006422607578677741
2016-12-07,-0.02726885385598632,-0.02277635657689603,-0.003867920730179164,0.00633780795545924,-0.013098745625572228,-0.0003624722933236457,-0.008803319101460372,0.0061506371336235155,0.027658264647702824,-0.0014245014245014564,0.019093078758949833,-0.003012021371113671,0.0011930326890956522,-0.008344030808729141
2016-12-08,-0.009198423127463884,0.021498888587156983,-0.00956874823971643,-0.004425490359042605,-0.006446794775586406,-0.0021754010605246066,0.02553427963608179,-0.009169557082147062,-0.010347003756156492,-0.011412268188302432,0.0023419203747072626,-0.016112773665144076,-0.02097235462345093,0.011650485436893288
2016-12-09,-0.04376657824933683,0.012981900972290017,-0.008680973579989315,-0.008890429116053644,0.008396975323494038,-0.014898277331583887,0.013802467977545252,-0.010796965736959319,-0.007518370764607596,0.017316017316017396,0.0,0.015353082037071752,0.010223953261927932,0.024312220089571346
2016-12-12,0.032362459546925626,0.025825278272906482,0.012570612306298967,0.0035362907534950416,-0.010976549700483229,0.018443378411769018,-0.06380140916452748,0.0005197624220789621,0.01296087299385218,0.005673758865248235,0.008177570093457875,-0.0065524731408974635,-0.006265060240963849,0.002498438475952547
2016-12-13,0.021943573667711602,0.0028392524320048906,0.004882109948415092,-0.0058444768613020726,-0.007654030451153981,0.006157122969478568,-0.009409749831128633,-0.033766213949624646,-0.011977093539764394,0.0049365303244006675,0.011587485515643037,-0.007102962767701393,-0.0029097963142580285,-0.008099688473520272
2016-12-14,0.011393514460999121,-0.03661756593943333,-0.007912266623824604,0.003976915233366851,0.0026995640792473186,0.009719266831082152,0.018998268617169467,-0.030645144254517365,0.014251146540910087,-0.012631578947368438,-0.010309278350515427,-0.008175771584422953,-0.004134241245136172,-0.01633165829145733
2016-12-15,-0.02859618717504331,-0.0027429347009640948,0.002798334193735208,-0.02884698061780422,-0.0015384417878092638,-0.013903721556093984,-0.029943488061155876,0.029395383200924385,-0.07316931455105025,0.013503909026297167,0.04282407407407418,-0.02472949747603037,0.00512820512820511,0.045338441890166115
2016-12-16,-0.001784121320249743,0.019646364833438623,-0.008790250725734583,0.0066501149807478566,-0.013482221881186862,-0.0007231099154654252,-0.005532921759270781,-0.018318974265693844,0.016103639685928872,-0.0007012622720897754,-0.005549389567147567,0.0015847215432254202,0.007531584062196339,0.0
2016-12-19,0.029043789097408457,0.004238870896683178,-0.020692584484213072,0.004580243942773121,-0.02518550984847434,0.02170767052276812,-0.006734993313109339,0.0005488600032221846,-0.007862366722935832,-0.008421052631578996,0.006696428571428603,-0.0005273376590714252,-0.014709428502531985,-0.010384850335980467
2016-12-20,-0.020408163265306145,0.002110525951762199,-0.003306070978044029,-0.007891275756247262,0.0012016907520522313,0.018767770627111435,-0.03803064564412695,0.0010971178423417882,0.001747272363949559,-0.00849256900212314,-0.0077605321507761005,-0.001583149627317204,-0.015907978463044592,-0.004320987654320985
2016-12-21,0.010195035460992985,0.004978022946759086,0.011393149080621612,-0.0003535346125165262,-0.003200694261156656,0.004866158627330641,0.08550415044146531,-0.0027396842224957085,-0.008471447988100178,-0.008565310492505307,-0.0022346368715083775,-0.010042311484748878,0.0014921661278288756,-0.00929944203347799
2016-12-22,-0.03949100482667833,0.008763556291928376,0.0009981419872480135,-0.0020333540866899202,0.0012041023882241042,-0.037703194971851706,-0.001129290920136139,-0.0021978524093689833,-0.006470702314202881,0.0,-0.023516237402015694,-0.008542437337027642,-0.01216786689843552,-0.006257822277847325
2016-12-23,0.03426222019186853,0.001321996106055101,-0.004700772307774548,0.002746257487458381,-0.008819337204931332,-0.02120785102508127,0.03504800178551126,-0.0005506734012038494,-0.0070185969210218024,-0.004319654427645814,0.002293577981651307,-0.00807752401698103,-0.005530417295123158,-0.008816120906801062
2016-12-27,-0.011925795053003507,0.016597530375659808,-0.001860668065006732,0.004770760930814522,0.014357860440906034,-0.014322416714353858,0.02703440161395454,0.021487675217298552,0.014327522988930808,0.026753434562545086,0.04576659038901609,0.009772003497841242,0.02603640040444888,0.04066073697585759
2016-12-28,-0.014304872597228457,0.0029684571963377593,0.00014342036904002597,0.0018464569557534727,-0.005183417854053962,-0.005216072758274071,0.04493489828731012,0.02427178173513167,0.003703937197950591,-0.019014084507042228,-0.003282275711159688,-0.005376364484882101,-0.007883715200788344,-0.019536019536019578
2016-12-29,-0.01814058956916098,-0.005364426714029369,0.010752688172043001,0.014920133083850207,-0.006412743382856911,0.014606718713424671,-0.032569979340090094,0.026329647500072495,0.010945721269293607,0.004307250538406304,-0.005488474204171201,-0.0010811058250633776,-0.0034765333995530057,0.008094645080946483
2016-12-30,-0.018013856812932993,-0.0009298723569812761,0.0021276812181405536,-0.005534438151975407,0.007462626278169848,0.011812522255921554,-0.02051553596144773,0.0010261907644202317,-0.014044436986396236,0.006433166547533897,0.008830022075055233,0.012445862983419431,-0.006728133565910843,0.008029647930821504
2017-01-03,0.01881467544684856,-0.025874894975109308,0.01599429906599581,0.009043499490489104,-0.006606605230564888,0.002553745617899672,-0.1066058208449544,0.05125576567239798,0.026355486532791295,0.010653409090909172,0.03063457330415753,0.001068971605683755,-0.009784244856999469,-0.003676470588235281
2017-01-04,0.03277931671283474,0.017771764913767196,0.03204239469033254,0.0029300451073148714,0.02700530113775934,0.03202335772000375,-0.018034248432166722,0.018527506412773898,0.008742947002742252,0.011243851018974071,0.009554140127388644,0.013881486131141374,0.019761844438814347,0.029520295202952074
2017-01-05,0.011175681716584673,0.00938790866987027,-0.004049717121254792,0.013662056776643228,-0.007260631451769806,0.01375174122902112,0.001836560157707945,-0.005265615424452141,0.005151771722086362,0.004169562195969423,-0.00525762355415349,0.0015798150082726448,-0.0027329192546583503,0.0185185185185186
2017-01-06,-0.0004420866489831532,0.00427833638606101,0.002846287448456497,-0.006611788658687612,0.003360387094876849,-0.006260827105978306,0.0036663867755413193,-0.0014437288572751728,-0.007115293844867088,-0.00899653979238757,-0.03594080338266381,-0.007360740989883818,-0.01743896362730446,-0.007038123167155463
2017-01-09,-0.034055727554179516,-0.037599602350147365,-0.013515340301012091,0.009898434460514194,-0.00315214148347831,0.009450408029722412,-0.05540339587883514,-0.015903610781014654,0.009959890771680469,0.005586592178770999,-0.010964912280701733,0.002118692653888754,0.010649087221095366,0.00945067926757237
2017-01-10,0.010531135531135494,-0.02193994245063613,0.0027401641798923126,0.0005914247333123068,0.02905135131034564,0.024271845173868156,0.05639709794716441,0.0029382696238104966,0.010402907060963695,-0.004861111111111094,0.0044345898004434225,-0.0005285533214328675,0.009031610637230347,-0.001170275014628408
2017-01-11,-0.03624830086089714,0.02813853431253399,-0.0006831951098491551,0.009626773251241172,-0.0009601762658346669,0.008801645759094923,-0.01647350131781178,0.003906246362021193,-0.001190177409649551,-0.002791346824842944,0.023178807947019875,-0.006874625162114567,-0.0024863252113376255,-0.018746338605741042
2017-01-12,0.048425011753643554,0.014545422421688103,-0.010937969078942067,0.002760161337831857,0.02287580830633451,0.004026886600775992,0.05024812097465281,0.009727663819775634,-0.00017876775488834262,0.002799160251924393,0.01725997842502691,0.04046859430746852,0.02891326021934204,0.017910447761193993
2017-01-13,-0.007623318385650224,-0.012073182605411681,-0.0009676485812531999,-0.003002732098280614,0.007517376641127171,-0.002005367911216749,0.009746010977535136,-0.011560682489023755,-0.0035757670343106174,0.0006978367062107083,0.028632025450689325,-0.01228258276467531,0.01017441860465107,-0.0005865102639296405
2017-01-17,0.009941256213285232,0.0021004508801811816,-0.002213865229647727,0.013971346515251781,-0.023876190625280125,0.004018692782735922,-0.0020473734033223945,0.010233873284013706,0.022846889065199605,0.019525801952580135,0.027835051546391654,0.031088103895754893,0.025659472422062457,0.01760563380281699
2017-01-18,-0.0008948545861297008,-0.026676785887829735,0.0020801764610909323,-0.0005775174685437312,-0.0032485614698066767,-0.004669759684750807,-0.032239125733310114,0.01205981695709335,0.007776946152028286,-0.001367989056087593,0.031093279839518484,-0.0030150485976147,0.0053776011222819164,-0.005767012687427964
2017-01-19,-0.030900134348410213,0.0056773118722515115,0.0059507375098759585,-0.008585836700100824,-0.002492333444101713,0.010388760613014636,0.019987881231447124,-0.03813151832772976,-0.015549843162495747,0.003424657534246478,0.0038910505836575737,-0.00856855216665764,-0.0044186046511628385,-0.01740139211136893
2017-01-20,-0.011090573012939031,0.020439931066629224,0.004814946517620822,0.0028312301981352483,0.005958127411106906,0.016252052724657906,-0.04869359645079119,0.0,0.0017681787185881426,0.009556313993174026,0.018410852713178327,-0.0015252001285788186,-0.002569493109086607,0.011216056670602104
2017-01-23,0.011682242990654235,0.006295342285040029,0.02176884334557294,0.008884788456404058,0.008597554009504238,0.014360293681895175,0.012172295374129005,0.022794800669783788,0.009001581471123954,-0.0006761325219742931,-0.010466222645099887,-0.00203660944102646,-0.00913348946135828,0.01167542323409232
2017-01-24,0.016628175519630473,0.008151664553095461,-0.014203371266306775,-0.003868272569444442,0.02311047962376933,-0.019626691845306077,0.011100836574982953,-0.0029069509552638317,-5.8277009086005194e-05,-0.01691474966170503,-0.012499999999999956,0.013265317541914179,0.0007090522335144733,-0.015002885170225078
2017-01-25,-0.004089050431621999,-0.008085752213392361,0.004213640884594971,-0.010741138127348893,0.0007406381972252518,0.003610028033704582,0.016163456111022878,-0.01166179650184107,-0.011954045232935306,0.008258774948382674,0.012658227848101333,-0.009063459196570256,-0.0030703826169107273,-0.005272407732864637
2017-01-26,-0.027372262773722622,0.01952604320941953,0.004196063880794743,-0.006514698496637883,-0.013506092178926954,-0.009483302852345776,0.015005988012811944,0.000983306667336814,-0.007672395316459579,-0.0068259385665528916,-0.018269230769230815,-0.009146356828482416,-0.005448945747453249,0.005889281507656108
2017-01-27,-0.017354596622889296,-0.011342518114492606,0.008896023871088232,-0.001176985636034078,0.005251379581531657,0.006272677235951596,0.0026611658851913855,-0.0014735110877283075,0.01700970735457963,-0.0034364261168384758,-0.007835455435847183,0.006153889191456319,-0.00023820867079560326,-0.015222482435597207
2017-01-30,-0.008114558472553712,-0.010156048888966707,-0.009485625904429806,0.00429254750503838,-0.012126876045027268,-0.00820210006602129,-0.04688879928368961,-0.0009837903511425994,0.0012865122011751495,-0.013103448275862073,-0.03751233958538991,-0.004587163544250261,-0.025256135334762897,-0.015457788347205681
2017-01-31,0.012030798845043211,0.0034201083321814263,0.010790437798000818,0.012906490985804764,0.027950852003076232,-0.010585450938372709,-0.03558168488013902,0.006893220122030863,0.022777677581880207,0.005590496156533842,0.002051282051282133,-0.023553557380867618,0.0017110730872647029,0.016304347826086918
2017-02-01,0.0028530670470756636,0.02026130783941582,0.02001601215816362,-0.0024822108725806036,-0.006246540674657575,0.004011974807642815,0.016361847337766466,0.019070874087947054,-0.005253486667673779,0.023627519110493322,0.026612077789150534,-0.0005243958595630982,0.011957052220595399,0.030897207367795554
2017-02-02,-0.011853959222380306,-0.00631032193481329,0.006148629064518962,0.009207013777967843,-0.009798479216502454,-0.02797200878434747,0.005997491637852015,-0.01391559085431826,-0.0010332749121135798,-0.0020366598778004397,0.016949152542372836,0.0005246709948605321,0.0004822763443452782,0.0017291066282421053
2017-02-03,-0.0057581573896353655,0.005416528027051948,-0.006501104878328445,0.0014794517139506969,-0.025578806065981174,0.002055519410967932,-0.03890808630976894,0.02725067611102827,0.0029306221406759647,-0.006122448979591799,0.014705882352941124,0.0010487917191261964,-0.009881899252832005,-0.009781357882623687
2017-02-06,-0.012065637065637014,-0.015233206049203973,-0.010208171329773141,0.009437833401723328,0.013795751791040312,-0.014017114883814075,-0.004244208814201844,0.0033159494457757344,0.012261543159106214,-0.004106776180698102,0.009661835748792313,-0.006286057531389333,0.008763388510223846,-0.018012783265543342
2017-02-07,-0.020517830972154427,-0.015846070160064007,-0.007140036164723473,0.003414594448678754,-0.007371014013929811,-0.011095637160802752,0.02622956176241198,-0.02171864897040998,0.003735777745245583,0.013058419243986208,-0.014354066985645897,-0.006325721466963308,0.006515444015444016,0.019526627218934944
2017-02-08,-0.0059850374064838174,0.003258615863700909,0.0021308252751723877,0.0027548408269131297,0.013137899094644911,0.0021037011229227964,-0.0012780149437408017,0.0019305461801615298,-0.0028195588800454807,0.006105834464043447,-0.013592233009708687,0.013793115311415471,0.015344042196115959,0.004062681369704002
2017-02-09,-0.009533366783743058,0.012609855664654113,0.0043854063927533105,-0.002020038824593895,-0.004698382804254053,0.016095193491918014,0.00479849816121769,-0.0052986805943541215,0.0020923343096768132,-0.003371544167228624,0.0019685039370078705,-0.008372571549026597,-0.007792207792207795,0.025433526011560792
2017-02-10,-0.01773049645390068,0.016226426610406852,0.0031754148975280394,-0.0005667162057411135,0.043051390458412886,0.0037878998851073042,-0.03406561968449351,-0.011137992565866117,0.010835290644099382,0.013531799729364025,0.0,0.009498595808986598,0.008091385054735944,0.012401352874858995
2017-02-13,-0.02578648788035065,-0.017266993959094812,0.01041942651948169,-0.008101101589613746,0.005249783593280322,-0.010291595197255532,-0.02966378264523295,-0.02056807417848805,-0.006029466150046958,0.002670226969292422,0.0009823182711199419,-0.008363818841155557,-0.004485363550519317,0.007238307349666018
2017-02-14,0.021175224986765384,0.005101085513072867,-0.00378541852521741,-0.0004083632718312469,-0.01638755277259818,-0.004159487719345711,-0.013247294244726149,0.02349996566772461,0.0038193036870834973,-0.0033288948069241098,-0.0029440628066732533,-0.005271401040626178,-0.008774009959687024,-0.006080707573244859
2017-02-15,0.04821150855365475,-0.0016917321672406116,-0.007992670503023214,0.006373009724831569,0.001830873137567579,0.00591720250352501,0.006884675085537362,0.0004885309827691309,0.0041965512549260175,0.012024048096192397,-0.013779527559055094,-0.004769483231859106,0.015550239234449759,0.011679644048943283
2017-02-16,0.02472799208704246,0.0047072113938420035,-0.009245766169686198,0.00673869380300629,-0.007309934386093064,0.012456768524275574,-0.02427345706700801,-0.005859322976901948,0.006463432247571177,-0.013861386138613874,0.020958083832335328,-0.005324833749385194,-0.01648998822143699,-0.015393073117097256
2017-02-17,-0.01833976833976836,0.0007496423363906324,-0.020397263507847208,-0.0019355035597278247,-0.003866050196063231,0.010252904775875704,-0.007007701571457359,-0.002947022175456615,-0.002435953400841795,-0.014056224899598346,0.003910068426197455,-0.0005353441498106015,-0.010778443113772407,-0.015075376884422065
2017-02-21,-0.001966568338249708,0.012359547351178612,0.0005442744189674276,-8.078182604209783e-05,0.014784772476580832,0.017253064946587626,-0.09527177445502344,0.02463054279761634,-0.001609375107506028,0.0027155465037338455,-0.0165530671859786,0.010176782714579113,-0.006053268765133124,-0.0113378684807256
2017-02-22,-0.0009852216748768017,-0.008694066014865776,0.008433117177522487,-0.004444444444444473,-0.0047350249603532735,-0.007648880003913394,0.010920482658162589,-0.004326930571590171,-0.002668167665595078,0.004739336492890933,0.001980198019801982,0.0031813077412867763,-0.003410475030450666,0.012041284403669694
2017-02-23,0.019230769230769162,0.016047781449950893,0.011869399253607638,0.014772687639508897,-0.0329369259194886,-0.009048196195304725,0.009645098492995885,-0.026557183069742862,0.009530790308049264,-0.014824797843665749,0.000988142292490224,0.001057106642865735,-0.010999755560987534,-0.007365439093484416
2017-02-24,-0.018867924528301883,-0.008448100606561426,0.005331932068486367,0.005359201330880969,0.014191161450840983,-0.023334542202289477,0.003821165483258948,-0.017857173267676107,0.012256291285913878,-0.004103967168262668,-0.005923000987166804,-0.004751855863258991,0.001977261492832394,-0.015410958904109595
2017-02-27,-0.00591715976331364,0.0011112716563903557,-0.005966546793519822,0.00039780411352374756,0.0027984824835742828,-0.03670351812319428,0.025123708562294178,-0.035858541001543065,0.0010363244084461432,-0.010302197802197766,-0.00893743793445878,-0.007427124358824755,-0.0024666995559941007,-0.02898550724637683
2017-02-28,-0.03621031746031744,-0.0007400724531354541,0.004801928831396962,-0.003817439744652318,0.00613953346429863,0.011502449852776264,0.03007792383017982,0.011524322241803109,0.0035959455384109162,0.018043025676613533,0.03406813627254501,-0.0074825973543003466,0.013847675568743778,0.014328358208955283
2017-03-01,-0.006176016469377266,-0.0033326512881366455,0.02017783892366487,-0.002953817055715846,0.008321020036506921,0.013859253664088689,0.009012291277377793,0.008803732832503686,0.0012486817083505741,0.024539877300613577,0.01065891472868219,0.010231585200864313,0.01585365853658538,0.025309005297233567
2017-03-02,0.01605385810460902,-0.022663963945832588,-0.015094288298593384,-0.013611978275023029,-0.01723819209375499,-0.0031545528741399043,0.0017863079592876918,0.009240262289817114,-0.04001522734916296,-0.007984031936127733,-0.01342281879194629,-0.0026653061726620297,-0.013925570228091266,-0.008036739380022917
2017-03-03,0.013761467889908285,0.013685634144650738,0.021006688949726016,-0.005195246600556369,0.0027990046480721453,-0.006680710046625182,0.008202568730705018,-0.007121026995677515,-0.0004518170121708964,0.005365526492287165,0.01263362487852282,-0.0032068128743082402,0.00024348672997320797,0.004050925925925819
2017-03-06,-0.010558069381598756,-0.0024376722979884136,0.014363362162072457,-0.00081599347205219,-0.016375194707764273,-0.011327476839048667,0.026176201878050254,-0.01895496058178825,0.0015821821287786975,-0.005336891260840582,0.013435700575815668,0.0,-0.00024342745861738457,0.01037463976945241
2017-03-07,-0.009146341463414642,-0.0011278453464387272,-0.014159977280190361,-0.0076766226329624265,-0.012674974482535628,-0.004654449873919719,-0.026542619971143266,-0.03916449164177904,-0.013145263561140874,-0.008718980549966449,0.005681818181818121,-0.005361950858721154,-0.011687363038714427,-0.00513405590416427
2017-03-08,-0.002564102564102555,-0.05382010995861408,-0.004917148802023097,-0.0054316317328167996,-0.006706236507582064,0.007553978789624605,0.027266340073724082,0.0,-0.013434747459503682,-0.011502029769959399,0.006591337099811634,0.011859904568814805,-0.003695491500369519,-0.019495412844036664
2017-03-09,-0.007197943444730126,-0.019888624190097515,-0.0035111088049858408,-0.005047559442232119,-0.008487682994537393,-0.009282420731382413,0.025163720664488354,-0.021739110153428554,-0.015298136375482718,-0.015058179329226595,-0.012160898035547207,0.008524232472564064,-0.010633036597428314,-0.0035087719298245723
2017-03-10,0.018643190056965242,-0.01603078572238048,0.008612862922684483,-0.0014138998733104202,0.00642023214548626,0.0064864424971846635,0.011432387408548683,0.012222184075249665,-0.006473289598894483,-0.00486448922863103,0.021780303030302983,0.0,-0.00399900024993749,-0.007629107981220629
2017-03-13,0.042196237925775204,-0.0018560558769347146,-0.0054340556859915345,0.001415901816709697,0.011598674737409942,0.006086689156217906,0.011635667230427194,-0.002195335328547099,0.0030800241403938777,-0.009776536312849138,-0.000926784059314234,0.016376094080549075,0.0,-0.024837374334713225
2017-03-14,0.020000000000000018,-0.014049592639210795,0.003642497323955496,-0.00041583498823005716,0.002866490328943927,-0.00640565050878561,-0.03450542874328333,-0.0011001351720537622,-0.002775257109139617,-0.002115655853314524,-0.061224489795918324,-0.007276475640015101,-0.00903387703889591,-0.0006064281382656134
2017-03-15,-0.020564323290291675,0.023889341166945632,0.012054443120961267,-0.0014976693498300886,0.008193548633300018,-0.002865394969802648,0.014635801008937355,0.003854608778214974,0.0,0.027561837455830407,0.01679841897233203,0.013089004974185414,0.010888832615852051,0.058252427184465994
2017-03-16,-0.01025390625,-0.002251342795281497,0.0011526170053806073,0.021998187610305475,0.007560000508289866,0.003951171435458534,-0.026501173297758474,0.0010971178423417882,0.024159108651104377,0.00687757909215958,-0.03109815354713319,0.016020643918914335,0.003507014028056199,0.0
2017-03-17,-0.006906758756783371,0.0006153595753204399,0.0024306312633601834,0.002690622770586959,0.005252364574799717,0.007513438653007576,0.01585113873217514,-0.004383557463345511,0.0047988081276255645,0.004098360655737654,0.0030090270812437314,0.008647002930487035,-0.0014977533699450651,0.0005733944954129377
2017-03-20,0.051167411823149545,-0.011480065039104148,-0.013144445779404546,0.00308987364363289,-0.00895695723983636,0.022727250560256484,0.031546789889499216,-0.025866775530050345,0.0013809867223115724,-0.010884353741496544,0.0029999999999998916,-0.006051479561023143,-0.0004999999999999449,-0.013753581661891112
2017-03-21,0.017958412098298737,-0.018249710614636205,-0.006336550906006599,0.010132944428815183,-0.017134265172463192,-0.00347222222222221,0.017099653952001637,-0.023163832188672795,0.008446782747914883,-0.0061898211829436445,0.011964107676968982,-0.008624970920431685,0.002001000500250205,-0.00871586287042414
2017-03-22,0.005106778087279551,0.01478666583614685,0.006507027899914641,0.002568071025507157,0.004597733488759026,-0.012543575273573637,-0.02651148363575928,0.0005782718914852936,-0.0002848524777165906,-0.00692041522491349,-0.00886699507389166,0.0010234672199604944,-0.0017473789316025945,-0.009964830011723325
2017-03-23,0.005080831408776021,-0.007077438511829737,-0.0009050904853731279,-0.0019210952695581929,0.005530092616798488,-0.008468574270192097,0.013284689923999782,0.017341107377999654,0.0010259133069010495,-0.0055749128919860835,-0.013916500994035741,0.007157530716748628,-0.008752188047011722,-0.002960331557134377
2017-03-24,-0.020680147058823484,0.005660386864678069,0.002588386001368681,0.001042526852482295,-0.004930693574282108,-0.02064052595362542,0.00819398753846845,0.006249926171521203,0.008939223963327914,-0.0014015416958654825,-0.007056451612903247,-0.007106664546960184,-0.015388496468213941,0.008907363420427528
2017-03-27,0.008916001877053104,-0.005003161816956925,-0.006841342080103674,0.005768365265058417,0.0005717138246510434,0.011627839925551386,-0.007802317822354743,-0.000564557992663528,0.020316062319497563,-0.0014035087719298511,-0.023350253807106647,0.0025562957962366184,-0.004355623879067405,-0.009417304296645113
2017-03-28,-0.009767441860465076,0.013408744935815564,-0.0007798958420098812,-7.963643778341467e-05,0.016761870611281537,-0.002514302100571908,0.014416746295762728,-0.007909677455506525,0.008019936857054377,0.005621925509486925,-0.022869022869022815,-0.0050994583558013895,0.0005146680391148184,0.00891265597147961
2017-03-29,-0.0201972757162987,0.023568315377757276,-0.009625362775837365,-0.0015136018004908713,0.0003747343472926268,0.003240885332815191,0.02551679499505788,-0.02505687016462399,0.00016462328321620312,0.002096436058700135,-0.015957446808510634,0.011276233253386225,-0.0030864197530864335,0.002355712603062443
2017-03-30,0.004793863854266611,0.01696627309766141,0.0011820852115398406,-0.0067017905301137715,-0.001872701984285463,0.0,0.0050393803669994686,-0.018107555963466693,-0.00235907249368561,-0.002789400278940035,-0.017297297297297343,-0.0020273192654203243,-0.006191950464396245,-0.010575793184488869
2017-03-31,-0.0004770992366411875,0.004965243447395462,0.0144299937777852,0.0018474287776104603,-0.006941782923682749,0.0,-0.0003133586729969773,-0.002974374696551707,0.0027495818464455812,0.018881118881118875,-0.01320132013201325,0.00507873939854675,-0.017653167185877505,0.013064133016627011
2017-04-03,0.005727923627685039,-0.007114561393483321,-0.024052768218151166,0.0028060609821096705,-0.018515028432754432,-0.010409166665297453,-0.019435747688872018,-0.013126450498215148,-0.0024129763716801422,0.009608785175017065,0.00557413600891854,0.017685621926701423,-0.008192389006342449,0.0029308323563892458
2017-04-04,0.0014238253440910231,0.015724464061247723,-0.008215221101811165,0.0033578118067791873,0.0032723235736993317,-0.0007254704322647854,0.05274934806467457,-0.022974670319304447,0.0061019218914992734,-0.01291638341264445,-0.012195121951219523,0.0,-0.0005329070077271236,-0.001753360607831711
2017-04-05,0.00047393364928915993,0.0023516117862560915,0.0002672581545590802,-0.007649382937002014,0.026669213701731254,-0.003266765504480462,-0.008199195429603456,-0.0037128382740666543,-0.007430864344075583,0.004820936639118534,-0.001122334455667784,0.010427060485872053,0.006931484937350074,0.0064402810304449165
2017-04-06,-0.0113690194220748,0.010752672935547825,-0.004808342422132461,0.003934498408547871,-0.007475231378755387,0.0032774722377286736,0.019902038143030376,0.021739153613471895,0.0032478263827699916,-0.010966415352981485,-0.016853932584269704,0.0004914117294534392,-0.002912364310299176,-0.01512507271669572
2017-04-07,-0.038811691423095374,0.010444891828985003,-0.01409210873243616,0.0031992320593356993,-0.003954040474506426,0.016696936854866173,-0.02101476126613644,0.019452868084064434,-0.005212686897922758,-0.0034650034650034467,-0.010285714285714231,0.004911516263425453,0.0005310674455656361,0.0017720023626697223
2017-04-10,-0.025423728813559365,0.01607963486980779,0.023005750918440482,-0.0025512820837225725,-0.016257082474079976,-0.0014280395850350125,-0.007053051973569979,-0.008348318018814194,-0.013017102700471295,0.020862308762169768,0.0,0.0034213883335887374,-0.0002653927813163204,0.011202830188679291
2017-04-11,0.008695652173912993,0.006028630063780405,-0.0018629326254934186,0.01606584284083601,0.0015372592254108142,0.0025026158702310397,-0.02717721525325234,0.005411915642197895,0.018944937909904258,-0.0013623978201634523,0.01501154734411081,0.0,-0.0026546323334217803,0.010495626822157433
2017-04-12,-0.01572008113590262,-0.005430728600013257,-0.003732819241737295,0.0032253758761320306,-0.023791265353113822,-0.013552025234250142,0.01174601261968422,-0.001196085600258745,0.0025228721262537945,0.006821282401091366,0.021615472127417545,-0.00828056846605607,0.009049773755656076,0.0
2017-04-13,-0.03194229778464708,0.0013180134441681535,0.0119095323119085,0.008311750317643085,0.010023608500934644,0.00433832849954463,0.012550976278062231,-0.005988046521030466,0.011488648150041803,0.005420054200542035,0.00445434298440972,-0.000982340725152242,0.008177261936164637,-0.008078476630121179
2017-04-17,0.01703033528472586,-0.0099661296776129,0.018645807742695197,0.0027218290174579884,0.009924132878251779,0.015838821480948395,-0.01983262823642873,-0.007831389465529859,0.0002163291694352587,-0.0121293800539084,-0.027716186252771613,-0.0068829591247876465,-0.0023547880690737433,-0.02036067481093662
2017-04-18,0.008895866038723277,-0.004558436306005276,-0.0027261987251789854,0.0017837185623272855,-0.025433519851079778,0.012756822927762368,-0.005690839480607779,0.013964873052451532,-0.013086063885504262,-0.012960436562073685,-0.0022805017103763037,-0.004950513747167595,-0.007605559926566974,0.0035629453681709222
2017-04-19,-0.01763485477178428,-0.0375882699186918,0.011064807048916991,-0.007973931367317943,0.001779324706961516,-0.03428967183885179,0.01271858890162636,-0.016766507416387855,-0.006301012250255478,0.0,-0.0022857142857143353,0.0,0.004492600422832949,-0.008284023668639007
2017-04-20,-0.043294614572333634,-0.0033703047893283156,0.03089998174917552,0.00039019821326169435,0.0029603052586002487,-0.04601453698199731,-0.0081632726390235,-0.005481129851992339,-0.007939959322655676,-0.011057360055286791,0.016036655211912887,-0.01990047815616136,-0.0036832412523020164,-0.030429594272076366
2017-04-21,0.02593818984547469,-0.01293020727988714,-0.013488220746483925,0.0042905061980273995,-0.0017709218645703961,-0.013672524697449395,-0.01836019334924599,0.004898954322095195,-0.00900403795615179,-0.002096436058700246,-0.01916572717023679,-0.008121819351048387,0.0044890414576181925,-0.003076923076923088
2017-04-24,-0.018289402904787533,-0.007859721846906975,0.013925794453345963,-0.009010389440700095,0.006702132899301549,-0.002695464667414771,-0.011286709137105388,-0.010359541613326417,0.0010095148135094156,0.006302521008403339,0.005747126436781658,-0.016888526898299894,0.010778128286014654,-0.006172839506172867
2017-04-25,0.02520547945205487,0.0067032669941742284,0.00774132569523811,-0.00799504064258083,0.011161183008089104,0.003088755957408207,-0.007501631448732726,-0.003694548447536805,-0.014959670817778936,0.016005567153792644,0.017142857142857126,-0.03227480278153205,-0.007022106631989544,0.01552795031055898
2017-04-26,0.006413682522715236,0.0012106044578539255,-0.0002477591784566524,-0.002765486779011339,0.003485694377486137,-0.013471902095657962,0.0325336765265507,-0.049443768581324044,-0.0129684740136351,-0.016438356164383605,-0.00786516853932584,-0.016137667272626888,-0.00916710319539027,-0.0024464831804281717
2017-04-27,-0.0037174721189591198,-0.013099510785437918,-0.016978593445660994,0.0012677090697150728,-0.004245525303930742,-0.008193487884294637,0.030872095259985244,-0.013003888672104003,-0.005071241166985652,0.008356545961002881,0.010192525481313774,-0.0010935186857586876,0.0,0.014101778050275904
2017-04-28,-0.017057569296375252,0.007351451937464226,0.011472562602250713,0.0018992043260244174,0.006395347547763164,0.031077927813201178,0.011423260245539524,0.056653530504761296,-0.004286093687995929,-0.011049723756906049,0.06502242152466375,-0.000547357888958655,-0.0005286809410520732,0.012091898428053138
2017-05-01,-0.017353579175705014,-0.009933137244651946,0.0027420364215848814,-0.010109728303160925,0.0206047283368731,0.019458244886501053,-0.018620301676644413,0.008728141001096423,-0.02390781795477326,0.03142458100558665,0.02421052631578946,0.024643967686213797,0.014546416291986164,0.05794504181600946
2017-05-02,-0.003863134657836609,-0.02416053033352128,0.004723491575232552,0.0014361499143764611,-0.009433997912352998,0.002993966154271277,-0.006220834046796964,-0.018541420585690416,-0.0006556368572033788,-0.014218009478673022,0.008221993833504637,-0.0026723270714663627,-0.0010427528675703845,-0.0028232636928289256
2017-05-03,-0.013850415512465353,0.0033571096920763654,-0.001732022596523719,-0.0069316798192219364,-0.035047621954055086,0.00746268656716409,0.010328636325545038,-0.006926930471317538,-0.016816721519008926,0.006181318681318659,0.004077471967380175,0.03269027949301728,0.007828810020876764,0.003397508493771184
2017-05-04,0.03314606741573023,-0.04809701488370122,0.0017350277037120332,-0.015966001303167165,-0.01223841255582081,-0.017037059642650454,-0.013011095992063959,-0.025364651908279856,-0.014738887469782247,-0.022525597269624553,0.012182741116751217,0.0015567606945638968,-0.0002589331952356222,-0.038374717832957095
2017-05-05,0.014681892332789603,0.015377872493409939,-0.01323765520951814,-0.0013860180773542785,0.006994373721966429,0.0030143870721373034,0.025109830814859402,-0.0039036738054081255,-0.001785233288565502,0.010474860335195624,0.01905717151454356,-0.0031087807416680935,-0.002331002331002363,0.0035211267605634866
2017-05-08,0.04769560557341901,0.004543467739645868,-0.037362127346031615,0.0004082298988135058,-0.013494709132647498,0.010894041185200987,-0.02878141462224193,0.004572154990572619,-0.0009867867733637237,-0.013821700069108545,-0.004921259842519676,0.008316000484173136,-0.007009345794392496,-0.022222222222222254
2017-05-09,0.01790281329923271,-0.011845772850430869,0.008465766296080979,-0.008977392933690265,0.0018104655344397536,-0.013006317059144346,0.01733923958001049,0.003901135597915051,-0.011790850778311102,0.0042046250875964475,-0.010880316518298683,-0.005670036348756513,0.009411764705882453,0.008971291866028741
2017-05-10,-0.0030150753768843908,0.03160420072324599,-0.012140028899669475,0.002470559070548717,-0.0012048276985320294,0.011295180463327226,0.020142565001201707,0.025906773515252945,0.008933011883277997,0.01953942777390094,-0.006000000000000005,0.04250905422011497,-0.0036260036260036266,0.005334914048606976
2017-05-11,-0.0010080645161290036,0.010564123825407057,0.03516802871660696,0.004435966587652995,0.0056292476997448215,-0.017870507079203124,0.02551636415439007,-0.013257578038132989,0.0035911440726754673,-0.013004791238877433,0.007042253521126751,0.03580304781213561,-0.005978684689368352,0.004716981132075526
2017-05-12,0.031786074672048414,0.00020903870270627678,0.03788835549933567,0.002862517493883443,0.006797265269228081,0.0053071435892606544,0.01421803859753945,-0.0076775358080907186,0.008452158720027692,0.0034674063800277377,-0.012987012987012991,-0.01776288240943824,-0.0020920502092049986,-0.0023474178403756207
2017-05-15,0.012224938875305513,0.021112004981433286,0.03820880236052604,0.001957286339612674,0.00595715074446157,-0.010181041036014138,-0.021904219375172063,0.0064474162681955605,0.013153073764657464,0.016586040082930298,-0.06781376518218618,0.039100741945600204,0.011792452830188704,-0.004117647058823559
2017-05-16,-0.017391304347826098,-0.0038894295321142414,-0.046882325531028446,0.005209201156796572,0.00454011851464764,-0.015238095238095273,-0.03553298263709037,0.017296634445996162,0.007970530941060705,0.0,-0.0021715526601520097,-0.00047037764695090356,0.01139601139601143,0.002362669816893037
2017-05-17,0.009832841691248762,0.00842580864565945,-0.014141681384586824,0.018218623481781382,-0.0007860457345751914,0.022823960914833075,-0.01176473888146401,0.026448307279147487,0.009524859631121707,0.010197144799456215,0.02502720348204579,0.02682351505055136,-0.0005121638924455718,0.006482027106658794
2017-05-18,0.014605647517039966,0.005706109252868075,-0.011600353329383362,-0.004612364873260444,-0.006293031388356574,-0.036308589509593814,-0.0031328291786105744,-0.016564329021633073,-0.01370751262464065,-0.014804845222072704,0.002123142250530785,-0.002291440777261178,-0.03177043300025617,-0.0029274004683840227
2017-05-19,-0.026871401151631447,0.019858224665346258,0.002650165196037557,0.0007989135088355415,0.01880067102586236,0.03689171523818224,0.02325585228837257,0.021833965011160306,0.007761248290288902,0.01775956284153013,0.02436440677966112,-0.005052852918628892,0.008732468907118207,0.022313564298297228
2017-05-22,0.0034516765285996787,0.007947500429750232,-0.013341694138569782,0.006386206044405318,0.0058275468505497585,-0.011355033540457082,0.022727236115083427,0.007936573551640569,0.02346266561479715,0.006711409395973256,0.020682523267838704,0.020775658638484185,0.003672612801678854,-0.0022975301550832716
2017-05-23,-0.00687960687960687,0.014587062589083821,-0.01492534989226968,-0.004679862435360449,0.0005794243752195172,-0.0026799853534326123,-0.0333332808287401,-0.03876440547851523,-0.0030333107881300725,-0.014666666666666717,-0.02228976697061802,-0.013116278042596297,-0.00862519602718248,-0.010938399539435761
2017-05-24,-0.06284017812963882,-0.00213717908961919,0.004144000126464986,-0.001912674785360391,-0.004825341487085799,-0.013051799986504298,-0.0031065517704930157,-0.012602382527244216,-0.0008191410268457711,0.0047361299052774974,-0.011398963730569922,0.013290601264129842,0.0,0.006984866123399325
2017-05-25,-0.008975712777191114,-0.04789717786679393,-0.004900660935404644,0.002714807048692869,0.005430542510457048,0.00583430557911413,-0.007790618418692774,-0.0006381766964356217,0.0043919168714523504,-0.005387205387205385,0.01467505241090139,-0.01130710054720463,-0.009227524387028785,-0.004046242774566444
2017-05-26,0.018114011720831158,0.018404860595052197,-0.000907300685538015,0.009396342012268466,-0.01253859124790413,0.014694461342926735,0.016331672590190305,-0.038952724305297615,0.007637623340466693,0.01354096140826,0.009297520661156966,0.004117115739936006,-0.01383714741883979,0.01741149158444566
2017-05-30,0.06593406593406592,-0.0028112327669325143,0.0022052900040971934,-0.004338908256492857,0.0005861026419238247,0.00685982603817048,-0.028121161431478137,-0.001993337713687149,0.006075307324469925,-0.019372077488309936,-0.008188331627430934,0.019134399166084615,-0.014840798704803038,-0.01996577296063895
2017-05-31,0.005400098183603319,-0.026983490872034777,-0.003624110426545979,0.007844088903865343,0.006247478846985066,-0.02081756149083791,-0.023529374306255013,-0.009986722212585342,-0.0011502448356354167,0.013623978201634968,0.021671826625387025,-0.004917327055197873,0.003560668310051973,-0.0005820721769499437
2017-06-01,-0.01171875,0.0008278335219367161,0.00844367196855722,-0.0039308176100628645,0.0029104276074847224,-0.012756158310135546,-0.020514555566355508,-0.043039700621940624,-0.007197144160545843,-0.0040322580645161255,0.030303030303030276,-0.007187773843978396,-0.0040938864628821126,-0.0005824111822947398
2017-06-02,-0.011363636363636354,-0.014474788132852412,-0.012108654454065837,0.007734845168212212,-0.005029990740927803,-0.01683628776714685,-0.002991963042582646,-0.0344342787688634,0.014150639724487046,0.006072874493927127,-0.03529411764705881,0.0063348139018957195,0.009865716634694488,0.0011655011655011815
2017-06-05,-0.006496751624187946,-0.005455273234695968,-0.004955077203222635,0.001958019975245584,-0.006610911736174008,0.02309831800871298,-0.005668542692506495,0.010917072394709626,0.0034311988886832623,0.0006706908115359234,-0.015243902439024404,-0.006744587233542543,0.0008141112618724744,0.0
2017-06-06,-0.006539235412474809,0.016666604966220522,-0.003800300416792357,0.011803310411634405,-0.00391465651206091,-0.022576831182432033,0.020120704398151057,0.006479423807706386,0.007408625645973332,0.011394101876675666,0.057791537667698734,0.004526952502443171,0.0016268980477223138,0.014551804423748482
2017-06-07,-0.006075949367088662,-0.05125539482038666,-0.003025463531904027,-0.0033220401321233384,0.001768485778325335,0.0015929664944709376,-0.0072321084768461885,0.011444978993241817,-0.005091370275206564,0.01988071570576544,0.01658536585365855,0.012167577463580548,0.007850568489442322,0.0206540447504302
2017-06-08,0.0,-0.001749821279936059,0.010027736205961313,-0.010696788635737198,0.022754055384008653,0.004771359635157735,0.0026490514808872323,0.014144257737559451,-0.011542566453807579,0.002599090318388564,-0.05950095969289826,0.0,0.007789417136717658,0.010118043844856706
2017-06-09,0.029037187977585255,0.0041630684475719715,-0.01123449478859051,-0.006111453835081271,0.01495964489076873,0.0015829408789242994,0.003632733672835675,-0.004881429154767858,-0.010987113218537625,0.005184705119896327,0.0295918367346939,0.008014261465407735,0.003731343283582156,-0.007790762381747363
2017-06-12,0.019306930693069324,0.005454941959670556,-0.0073986678547380835,-0.0018920176697378999,-0.012660603662167147,0.008297079391881512,-0.004935868619518002,-0.01751927063632197,-0.016227605600302786,-0.027079303675048405,-0.009910802775024763,-0.0017667406915655715,-0.010886882634094541,-0.02636006730229945
2017-06-13,-0.017969888295289005,0.008246467845447913,-0.00865158951479672,-0.000236890264272982,-0.0074641215395424565,-0.009404364910596485,-0.019179844799277812,-0.016405170356701415,-0.010405503863582077,0.00994035785288272,0.01401401401401392,-0.003982307569414201,0.0013422818791946067,0.025345622119815614
2017-06-14,0.008902077151335286,-0.03723632320979764,-0.013157939215403647,0.005530099328468596,-0.008677222795869355,-0.006724671391297954,-0.011126092879065852,-0.012327779315751464,0.022045612500118272,-0.01049868766404205,0.008884501480750151,-0.019991148750059584,-0.0008042895442359477,-0.004494382022471877
2017-06-15,-0.006862745098039191,-0.006036227599526933,-0.021632603236607095,-0.016184865545233573,-0.002528693243529778,0.001991238501977133,0.04193655058318657,-0.011013187943511915,-0.024317551743534227,0.006631299734747964,0.022504892367906093,0.040344574729981764,0.0032197477864233104,0.024266365688487612
2017-06-16,-0.025172754195459057,0.006297854245614021,-0.00041727725161022633,0.001437509102631962,-0.0005849810236842057,-0.0178855321575333,-0.006217294974259602,-0.0022272224239625604,-0.003295207310889836,0.011857707509881354,0.030622009569377884,-0.006536013982236355,0.004546670232682626,0.02534435261707979
2017-06-19,-0.03898734177215191,-0.012069756264386666,-0.006816887625106682,-0.007815030963417069,0.010536566013243043,0.005260978392789495,-0.04708590393497425,0.001488129344353828,-0.009196915176526654,-0.02278645833333337,-0.00371402042711233,0.010526389758675148,-0.0013312034078807322,0.0037614185921548415
2017-06-20,-0.010537407797681753,-0.021945728596377,-0.0005603153924825799,-0.002571894629043392,-0.013322990659368483,-0.018115942474118074,0.00449205639398409,0.011144102385227228,-0.00515677276561155,-0.013990672884743538,-0.026095060577819185,-0.013020882486467267,-0.010663822980538473,0.01177730192719495
2017-06-21,-0.034611288604898816,-0.016192476760392815,-0.006447079107359754,0.0019339439275281034,0.018395275971597735,-0.02132020122333078,-0.004816022384280916,-0.04041140712231461,-0.0026223425445853765,-0.0033783783783783994,-0.009569377990430672,-0.017150369110547348,-0.009700889248181133,-0.016931216931216908
2017-06-22,-0.01103143960286812,0.004937759350986504,0.0035265905226753436,0.0033777956324667624,-0.0015372592254108142,-0.04943444994813484,0.00034571931497962005,-0.016845349154687494,0.008254370691555213,-0.01627118644067793,-0.005797101449275366,-0.006264040027182505,-0.016054421768707527,-0.006996770721205636
2017-06-23,0.02788622420524267,0.006317188405784213,0.021225782248884606,0.0068932155772916115,0.009622731513337479,0.05729396363902417,0.012093934611687507,0.010124619384425548,0.008368738034972845,-0.013783597518952417,-0.010689990281827044,0.013507481169547475,0.0005530973451326471,-0.003252032520325243
2017-06-26,-0.018448182311448735,0.008602714741255513,0.014177546561096488,-0.00788083324992539,0.0007625213615509718,0.01667361443004456,0.0334585363296529,-0.02775640731995388,-0.00408953526558864,0.0034940600978337066,-0.018664047151277008,-0.006663688005556501,0.0024875621890547706,-0.021207177814029365
2017-06-27,0.00995024875621886,0.019824817638920633,0.010314904086354604,8.02179106320633e-05,0.008190518333798469,0.006560090789484496,0.0033035978285713696,0.0031720827075396585,0.0009662287558385163,0.0006963788300835549,-0.013013013013013053,0.009838967233866791,0.00496277915632759,0.007222222222222241
2017-06-28,0.004378762999452723,0.011301988721292622,-0.0004029927231731234,0.0012836774346900448,0.005856727601762257,0.0,0.009878160017729565,-0.00790509334474021,0.008385613970407935,-0.00695894224077942,0.08113590263691695,0.011957504812929898,0.0030178326474623596,0.008825151682294585
2017-06-29,-0.00708446866485013,0.004246728198055161,-0.005510061039254555,-0.0030449109199719437,0.007888860755933758,0.016293279022403295,-0.008151241494628758,0.05976095526705194,-0.007717601490002668,0.008409250175192673,-0.0037523452157598447,0.014442009549096912,0.001641137855579844,0.050300710770913026
2017-06-30,0.044456641053786994,0.024705110233967487,0.017702669710726315,-0.002813052674293548,0.005963396751073713,-0.00561119798190135,-0.00230110761181479,0.028571436766266833,-0.001085231434199363,0.029881862404447457,0.09227871939736354,-0.007333911736661425,0.029219006007646042,0.06402915148360222
2017-07-03,0.009458749343142392,0.02237182360588319,-0.02151102336614852,-0.018376664508028218,-0.006669095314964291,0.014510240855151402,-0.027677136161671556,0.017543842526623443,-0.032049741181736424,0.020242914979757165,-0.018965517241379293,0.0008692071953380065,0.02387901300079598,0.05039138943248522
2017-07-05,-0.005726184279021385,-0.04121518247900702,0.002306936671368387,0.0020527136463461826,-0.011935869048172787,0.014302765781343707,-0.03761438900976788,-0.014367802310988553,-0.012159421370605439,0.009920634920634885,-0.016695957820738183,0.00825004867755652,0.01192018657683347,0.004657661853749495
2017-07-06,-0.010471204188481686,0.00864168802167331,0.015570017822579496,0.0014748662092798348,0.0009437739853013216,-0.007050540658994353,0.016901443213183986,0.014577245289547625,0.00536548656142144,-0.003929273084479323,-0.02502234137622883,0.0030147116383674177,0.004609475032010257,-0.037552155771905404
2017-07-07,-0.02910052910052907,-0.028339211391798846,0.003732819241737184,-0.0111274555140487,-0.005280007179083279,-0.001577885193232209,-0.008310224838295577,0.01652295552986538,-0.034909258131559984,0.005259697567389976,0.03574702108157646,0.006440515785049561,0.01554932449655877,-0.007225433526011571
2017-07-10,-0.018528610354223485,0.0038435899932631745,-0.10054455575472077,0.00289591268467726,0.0007582388645870353,-0.0023706285620168632,0.022695466808829945,-0.041696057584406865,0.013401819693203532,0.024852844996729795,0.08318584070796464,0.002986335035381593,0.0243473895582329,0.02959728287239205
2017-07-11,-0.011660188784008874,0.014414400172383157,0.006349679524877638,0.0012375216815549983,0.009471527292582937,-0.0142574499149134,0.040286799082727365,-0.008849619138639464,0.0077036584801404295,0.0012763241863433805,0.007352941176470562,0.005104165491982782,0.004900759617740835,0.009425070688030113
2017-07-12,0.0011235955056179137,0.009991135741391988,-0.00029353297157797,0.0037079763435454716,0.004691329590040816,0.01245482595232561,-0.0203478955158527,0.003720252402972024,0.009046327478901661,-0.040790312300828524,-0.025952960259529645,-0.02031314258501038,-0.008290660814435524,-0.024276377217553713
2017-07-13,0.028619528619528545,0.012969886366638095,-0.023337683868919545,-0.0014776510909514373,-0.00840494499896327,0.02658735002790169,-0.008040177645409985,0.04818388311586408,-0.012437625670632224,-0.04053156146179404,-0.01915070774354699,-0.006479465270064488,-0.04352102286697812,-0.05167464114832532
2017-07-14,0.02345881069285327,0.009982618624000406,0.009618265416931893,0.008468244959569216,0.01111320683541428,0.018167690250017632,0.006416769208397177,0.011315406190047561,0.015471143273925625,0.011772853185595622,0.011884550084889645,-0.007391307664954105,0.013110539845758273,-0.0015136226034309086
2017-07-17,0.01812366737739879,-0.011173193973663675,0.02069067257121393,0.005054682345991157,0.01229507905476801,-0.001138905846317706,0.013422805905036084,-0.014685317157060895,0.010450731199350027,0.026694045174537884,-0.04194630872483218,0.03723172949234699,-0.0002537427048971974,0.022738756947953576
2017-07-18,0.0005235602094240122,0.008257302571389458,0.004229268146682452,0.006732581464206078,0.0023923465969060143,0.002660515671663255,0.022516582328067525,0.0007097394445378935,0.010716566553635953,0.005333333333333412,0.02189141856392296,0.0021114542405482606,0.004568527918781706,-0.0044466403162055634
2017-07-19,0.017268445839874413,0.015517184963976582,-0.0014521997274867804,8.055401490958403e-05,-0.00752705877965576,-0.0053070279047287006,-0.007124376284115219,0.028368766504145215,0.0017876543209875972,0.01458885941644561,0.00428449014567267,0.0,0.010358767054067686,-0.0014888337468982327
2017-07-20,0.006172839506172867,-0.007003353646812593,0.011489250886906,0.002900497742407193,0.0020347168490573164,0.028963438568195166,-0.007501631448732726,-0.006206907075026913,0.0029536851465059577,0.022222222222222143,0.009385665529010323,0.011378022038437186,0.013503375843960885,0.005467196819085585
2017-07-21,0.006134969325153339,-0.02179953917088262,-0.0058950919355712506,0.00763174777261888,0.002399854510525712,0.011481504087094807,-0.023989469153939957,-0.0006939784169138763,0.006810237590648471,-0.028772378516624064,0.0,-0.0012500286102294922,-0.004194423883543075,-0.012852199703410783
2017-07-24,0.0,0.012453565416723267,-0.002024868251147227,-0.00031892242564790507,0.005156603250835223,-0.02929329850314133,-0.023905757070094125,0.0,-0.0007312084314806677,-0.006583278472679366,-0.023668639053254448,0.012932890370101147,-0.011397423191278455,-0.021031547320981447
2017-07-25,-0.021341463414634165,0.033448408113006645,0.007971058721127688,-0.0017545842566001335,0.04085746465918638,-0.014711406287035378,0.01552262069313759,-0.03472222314204698,0.006037261806793426,-0.022531477799867417,-0.023376623376623384,0.01317955872218013,-0.01604010025062652,-0.030179028132992336
2017-07-26,-0.007268951194184803,0.01795783297791087,-0.0076205087769296576,-0.0021570274644072684,0.010033388671957688,0.03215924006093229,-0.006793471768899884,0.023741002357016372,-0.004970529572806859,0.010847457627118695,0.023049645390070816,-0.002032566814382797,0.007386653082017247,0.007911392405063333
2017-07-27,0.05282426778242688,0.0059487367287660575,0.02144310966265839,0.008486769884657797,0.0017428074290863904,0.008531111798586677,0.015389902842799064,0.014054867840707086,0.006944770437271375,0.004024144869215318,0.011265164644713943,0.003258652798053374,0.006068268015170686,0.004186289900575568
2017-07-28,0.023348236462990668,0.013662278883301848,-0.003971613890735859,0.0069863837715871124,-0.0012178095521729881,0.01397579402665805,-0.009430823642610164,-0.004158033149533447,0.008167477425456537,0.0,-0.005141388174807249,0.00812020989663842,0.0060316662478010485,0.002605523710265789
2017-07-31,0.0,0.00925365304656256,0.0039874505045482955,-0.0014191491591594163,0.006096472102826045,0.010155921904225984,-0.04998302453222614,0.03757828574485189,0.005160852423703011,-0.009352037408149605,-0.02067183462532296,-0.01248487583144997,-0.006245316012990276,-0.013513513513513487
2017-08-01,-0.017961165048543726,-0.020131519999902703,0.009503520126883824,0.004737091517173164,-0.0031163652724518487,-0.010053816132742366,0.008947779588245774,-0.002012054545821984,-0.0013133945749767006,-0.022252191503708718,-0.014072119613016687,0.008972239365714785,-0.0351935646053293,-0.027924130663856683
2017-08-02,0.015818091942659374,0.008746954973768428,0.008149527131894319,-0.0006285767508711348,0.001215694617512142,0.018135653894151282,-0.002837849232683709,-0.0060483973048189865,-0.0018531884350460048,0.006896551724137945,0.033006244424620856,0.009700880086439767,0.007295466388744121,-0.0010840108401084514
2017-08-03,0.0029197080291971655,-0.011292626972532749,-0.002787413912783143,-0.003145148487520233,-0.0019080103764399503,-0.0010688218649794745,-0.003913253638258007,-0.0324543301875837,-0.0061688110296997944,-0.004109589041095929,-0.014680483592400706,-0.008406688883944469,-0.016554578375582052,-0.00651112316874658
2017-08-04,-0.032508491023774844,0.011217684386116256,-0.007826766793890716,-0.00749329518387476,0.0027806384231126025,-0.00035665515582194995,-0.009285722618200487,-0.01187980931579169,-0.022417725905700348,0.008253094910591452,-0.005258545135845782,-0.004440880432728611,-0.0013150973172014746,-0.006553795740032786
2017-08-07,0.017552657973921804,-0.0038322394995806697,0.0032399403275793492,-7.954991048697568e-05,0.007972271051430946,0.01355696923309746,0.009733305520696733,-0.019094798529561086,-6.161081716637984e-05,0.01568894952251032,-0.033480176211453716,-0.02311434299883164,0.01106136423492221,0.01924134139637168
2017-08-08,-0.005421389847215408,-0.004454367755048705,0.009688323919961883,-0.0014305570081576402,0.011863865942512541,0.0049278207194909385,0.007497289382602412,-0.006488835856559461,0.008569134653328536,-0.006715916722632609,-0.0027347310847766204,0.00830223170081501,0.0033862985152384173,-0.014023732470334394
2017-08-09,-0.007928642220019877,0.00793173111387313,-0.001251619561974504,0.013212333065401705,-0.004248104400189967,-0.0007005681507223915,0.02161582910102333,-0.010159607573392293,0.02897304436147663,0.006761325219743153,-0.010968921389396757,0.01358583414029857,0.0,0.00547045951859948
2017-08-10,-0.0174825174825175,-0.01957225976240351,-0.03564463338167123,0.008405303355754068,-0.008191183378791544,-0.02909214212442146,0.03537981329748874,-0.029325554408831334,0.011999505090946272,-0.040295500335795875,-0.01663585951940849,-0.004874120030173623,-0.033489096573208754,-0.041349292709466856
2017-08-11,0.011692933401118433,0.0047334748202110255,-0.0002888286434296061,0.003115992951739477,0.0027529716793013304,0.012996411926049278,-0.0006699682116537709,-0.0030211452072894662,0.00029355883548287665,0.009797060881735487,-0.007518796992481258,0.01999999065788427,0.005103411227504795,-0.002837684449489175
2017-08-14,-0.033668341708542715,-0.025194583161104123,-0.010687433370888955,-0.002718024487626036,-0.0025737588038554637,-0.023877448543459967,-0.0080455679201612,0.022727287505283966,0.003051466736628594,0.00554400554400547,-0.009469696969697017,-0.012404940727556935,-0.010689470871191875,0.003984063745019917
2017-08-15,-0.030161206448257927,-0.0008405319478690387,-0.011970798464587151,-0.008176296837901553,-0.00756926668550606,-0.03614455683495155,-0.008110904680432851,-0.027407398930302418,-0.02357689511591332,-0.020675396278428626,-0.0124282982791587,-0.007698562873103776,-0.004051863857374438,-0.02607709750566889
2017-08-16,-0.011260053619302934,-0.01619349043361351,-0.0019207631919592183,0.0025124231489868087,0.024267614004084725,-0.007954568573922849,-0.015332142675529292,-0.014470718385496961,0.013600915253040302,-0.007741027445460902,0.006776379477250627,-0.004899915598459259,0.0,-0.023864959254947582
2017-08-17,0.03253796095444694,0.006626793103470696,-0.0014804751887131928,0.007439893349801885,-0.0055847000876608766,-0.01909125664957534,0.013494738580637433,0.02704794380367037,0.006679722821662848,-0.005673758865248235,-0.006730769230769207,-0.005334471220285963,0.009221589368049843,-0.012522361359570633
2017-08-18,0.009453781512605008,0.03015498331586386,0.005040829987672968,-0.0005442111543074724,0.0008509384789980867,-0.003114004717692187,-0.012290889235396674,0.009029336787323095,-0.0029360623836256483,0.004279600570613384,-0.013552758954501476,0.002062753501704151,0.007793603869927335,0.004830917874396157
2017-08-21,0.004162330905306932,-0.023500297445741225,0.013571296010037148,0.003966786847585668,0.013773142433066266,-0.012885603174972005,0.02385067694643883,0.008202879314185063,0.0008834686337744202,-0.008522727272727293,-0.04317958783120701,0.0032935331696473114,-0.005333333333333301,-0.015625
2017-08-22,-0.0036269430051812934,0.005699819798432371,0.002474140171888406,-0.004415922704188335,0.001845044716481059,-0.004351289913910317,-0.007765024556631528,-0.0007396618745003636,-0.001941803143000631,-0.008595988538681931,-0.019487179487179485,0.00164132157575958,0.0013404825737264314,-0.017704517704517753
2017-08-23,-0.007800312012480548,0.016162898145019255,0.010452979811456098,0.002957006381073546,-0.002009054716843872,0.003178399131734233,-0.0037427418819038216,0.011843067705510357,0.0041268538654057885,-0.011560693641618491,-0.0010460251046024993,0.007783717134179469,0.0013386880856760541,0.0024860161591049312
2017-08-24,0.008385744234800763,-0.020243741898890222,0.00818965096725055,-0.001862071819847766,0.017782242443338925,0.0035643322633045482,0.007172099944938948,0.02560353910141422,-0.004697036498425011,0.0,0.0020942408376962707,0.00569103201127974,0.006684491978609541,0.014259144451332917
2017-08-25,0.01975051975051967,0.009276799997426366,-0.022231688745919742,0.004663816556548683,-0.00016481416436664453,0.027624310057637658,-0.019328560218520474,0.0007132150414432825,0.005073173915049134,-0.009502923976608235,0.008359456635318674,0.002021064869513589,-0.0023904382470119057,0.0012224938875304847
2017-08-28,0.02701325178389391,-0.027156867893612047,0.025069249459292564,0.013307505742263137,0.010550631365100038,-0.002304170958445373,0.011410785901679432,0.019957283818579974,0.023066066826160858,-0.00811808118081181,-0.011398963730569922,-0.005244092913034404,-0.003993610223642197,-0.023199023199023228
2017-08-29,-0.018858560794044688,-0.0027915196256632635,0.0032702363365715303,0.002596033092175265,0.005220238866630478,-0.02001532691986474,0.012307697072929003,-0.034241838604055386,-0.0005162567251246752,-0.007440476190476164,-0.014675052410901501,-0.0036496412467470485,-0.004811547714514863,0.0068749999999999645
2017-08-30,-0.014162873039959556,-0.010335907761208851,0.012896877743705959,-0.003807783179471058,-0.005355402695623401,-0.0027494587205415533,-0.007429947531808034,0.006512312197922698,-0.0010332657262102085,-0.01199400299850073,-0.028723404255319163,0.008954058747891125,-0.008326618318560297,0.0018621973929235924
2017-08-31,0.008722421754745913,0.027632734618411536,0.00013994873456879553,0.006192168593466496,0.004731571963780823,0.009452516558400736,0.034365455701964365,0.035226439719143965,0.004366824669896241,0.038694992412746654,-0.020810514786418377,0.012505020350693563,0.014355362946912198,0.016728624535315983
2017-09-01,0.010681586978636748,0.0012704080853813693,0.014969217187654538,0.006306069849596252,0.0061708520393963795,-0.0031212946978950162,0.009868411765204144,-0.045138863593707224,0.013672787568276723,-0.006574141709276837,0.0,0.009163328236685198,0.00614152202937257,0.024984765386959262
2017-09-05,-0.006542526421741357,0.02897016082389081,0.03735353508585404,0.011098490880992795,0.0030665030828953554,-0.009784735812133127,-0.031921840951816716,0.02036361694335942,0.007110979832955389,0.012499999999999956,-0.022371364653243853,-0.013422824856374693,0.019639065817409707,0.02378121284185486
2017-09-06,-0.010131712259371817,0.010275380221288488,0.0,-0.003957532072170977,0.0077232273013243535,0.0007905017717082519,0.009421304658283614,0.018531734414137135,-0.0016250675107384316,0.007988380537400142,0.07551487414187652,-0.0032012774885461504,0.004164497657470179,-0.020325203252032575
2017-09-07,-0.004605936540429845,-0.0014239156843265377,-0.0030561168004918926,0.008396394757391734,-0.0027143858108245045,0.010268586630540533,-0.006333351135253906,-0.01819455770300238,0.01122590722444694,-0.015129682997118143,0.0,-0.0024086497916464555,-0.0012960082944530882,-0.019561351511559022
2017-09-08,0.013881748071979505,-0.03279691597773782,0.007463648776551368,0.0006691133970695429,-0.032500736135516406,0.011727852640423642,-0.030526616343629853,0.004276580239392036,0.0006105505722098226,0.007315288953913646,-0.007446808510638281,0.0024144653932127724,-0.007007526602647252,0.0006045949214026347
2017-09-11,0.0005070993914806365,0.012426288085008341,-0.024870979554150185,-0.011144130757800852,0.008108519705928074,0.009273665097629058,0.020761225121661564,0.014194450468363096,-0.012203983773729443,0.0036310820624545492,0.009646302250803762,-0.004415921759348795,-0.001829587036068947,-0.003625377643504568
2017-09-12,0.013177901672579928,0.0033284761478651337,-0.040700041205562365,-0.002253944402704766,-0.010013110673653847,0.024502272578041273,0.017288094580568014,-0.018894297047593822,-0.0006738434763682299,-0.01591895803183796,0.0,0.02379032946526105,-0.010997643362136711,0.017586416009702788
2017-09-13,0.01950975487743878,0.02218535569106095,-0.01032379772296399,-0.0034638370376035565,-0.018073321756202798,0.020926778683814318,0.018993722623770637,0.022111230800332615,-0.001292538188506498,-0.004411764705882337,0.014861995753715496,-0.004332363357510638,0.009266613714588257,0.0029797377830751426
2017-09-14,-0.008341511285574144,0.011967548919237458,-0.002858024693376926,0.0009822629090459056,-0.008274195701637455,-0.005490482917194339,0.003924082786288308,-0.004186982991055466,-0.004163819917605838,0.009601181683899451,0.01569037656903771,-0.009098158359879371,0.014952780692549794,0.017825311942959
2017-09-15,-0.005937654626422595,0.0,0.005015742049925942,-0.003245962796336377,-0.0028946361220254513,0.030548352668620105,-0.014983714923442415,0.019621564400080782,-0.004915803673494423,0.038039502560351046,-0.02780638516992795,0.022355344924023468,0.0015507883173946357,0.04845300642148276
2017-09-18,-0.016923842707814885,0.0004008911206325738,0.003992676738309164,-0.010678563560459264,0.007172099944938948,-0.00750002179827014,0.040343909347325235,-0.016494829413884915,-0.03066270590289255,-0.009161381254404466,0.01588983050847448,0.006247553440019704,-0.0010322580645161228,-0.012249443207126953
2017-09-19,-0.005063291139240533,-0.008615514055107298,-0.006107091078127347,-7.662684873954717e-05,0.00016961756494171532,-0.03598416775685476,-0.0076287126912046865,-0.03843467327791983,0.0072638132226159335,-0.009246088193456625,0.002085505735140769,-0.008149048819982574,-0.00232498062516151,-0.0011273957158962622
2017-09-20,0.016793893129771087,0.01879547925989633,0.0008573528967659172,0.004440398901348397,0.0,0.01941027370474857,-0.008968570825706457,0.02252903058037048,0.0032567465456967426,0.005025125628140614,0.024973985431841816,0.001956226347962442,0.0046607975142414215,0.015237020316027028
2017-09-21,0.011511511511511419,0.0027772146413846954,-0.014277555495838201,-0.01631099421803539,-0.012035954765542312,-0.01135117551898035,-0.0478345174763356,-0.001421428892902754,-0.018201796187115926,0.0007142857142856673,0.015228426395939021,-0.007418997638790281,0.000773195876288657,0.00611450806003333
2017-09-22,-0.018802572983671495,0.002176075410717626,0.0007241515310008051,0.0020921069992749786,0.0036032786890611845,-0.0040740966796875,0.004412766804624546,-0.004982252494537098,-0.0020074627252257837,0.009279086366880795,-0.008000000000000007,-0.027144002045109916,0.013906773113572024,-0.006629834254143652
2017-09-25,-0.005547150781644028,0.030793552664621693,0.014473875423431926,0.010438412967070265,-0.002393561124915067,-0.02156931173156329,-0.013518147609376419,-0.017167366164289044,0.009229139114695917,0.0007072135785006761,0.011088709677419262,-0.027901279396731815,-0.013208026416052787,0.010011123470522909
2017-09-26,-0.0005070993914807476,-0.006510918127920151,-0.010129820538866685,-0.0074992718564046434,-0.006855177650646582,0.005321147335639154,-0.00034255825675255647,-0.03857348921397108,-0.014948072017029856,-0.004240282685512353,-0.001994017946161497,-0.004159749486745468,-0.007979407979407993,-0.0005506607929515184
2017-09-27,0.022323693556570268,0.005011532694300547,-0.0014413156252491843,-0.010485717491085178,0.004659180337095448,-0.021928120200259915,0.019191225019668634,-0.009841038157873738,-0.0033326386789034323,0.004968062455642297,-0.00899100899100902,-0.005848007262903021,0.002075765438505517,0.017079889807162463
2017-09-28,-0.017369727047146455,-0.011123859285517623,0.004618933320764462,0.0016362595807930536,0.017691543036682855,-0.006571365005080709,0.01445863589939278,0.011467860810795205,0.0014928067283355162,-0.004237288135593209,0.006048387096774244,0.0058824076254198054,-0.006214396685655155,-0.014084507042253502
2017-09-29,0.031818181818181746,0.0021333745679703586,-0.007471216299807182,-0.003111629716063824,-0.00843885048527937,-0.003501921776203787,-0.003314547761358533,0.023431627387970222,-0.009896879455867258,0.007801418439716379,0.007014028056112176,0.0020885228047267113,0.009119332985930262,-0.014835164835164782
2017-10-02,-0.002936857562408246,-0.02109534307175054,-0.012738923848969796,-0.00686699089202103,0.0006808828800282107,-0.006638079525636997,-0.030262747267106205,0.05686857163464065,-0.001324818812220352,-0.010555946516537684,0.004975124378109541,0.002084249474207045,-0.011360702297960268,-0.007808142777467886
2017-10-03,0.022091310751104487,-0.0031633779422114428,-0.0007330707419418436,-0.0009428390177670387,0.0030616854015241834,-0.013757861965296048,-0.007201614967062064,-0.018867955964106398,-0.00024116432341270144,-0.005689900426742556,-0.004950495049504955,-0.0004159828827368095,-0.0020893183598851284,0.007307476110174349
2017-10-04,-0.0019212295869356355,-0.008726668835541296,0.018782079980010247,0.0017302014721785053,-0.001356604582957499,-0.0023913545608698072,0.015544067906882564,0.014957267714925004,-0.0010855587556232171,-0.003576537911301858,-0.01990049751243783,0.001248388615883167,0.0031405391258831905,-0.013392857142857095
2017-10-05,0.002887391722810495,0.016206510218282677,-0.007633570170924586,-0.0029833767005458256,0.02954665733019124,0.0163803068107784,-0.00578229918871187,0.009824585496333693,0.001147196002847517,0.003589375448671994,0.004060913705583813,-0.009559415932735127,0.01043569006000511,-0.002828054298642524
2017-10-06,0.0004798464491362342,-0.029533372178802697,0.008272854603785795,0.0013386496095701972,-0.005607850172311801,0.02201260313628106,-0.020526917277238765,-0.028492063329009887,0.009166476491601294,0.0014306151645206988,0.015166835187057526,-0.00251781225910519,0.004131164471985471,0.00623936471922848
2017-10-09,-0.03693045563549158,0.005883564823306431,0.0015834260604385975,0.008021448126787956,0.000829343938010707,0.007307668832632119,-0.010478509350039134,0.0014306479555485918,0.01087612776523672,-0.0014285714285714457,-0.010956175298804771,-0.0037862915799184993,-0.005656981229107738,-0.016910935738444155
2017-10-10,0.018426294820717226,0.027026952166252505,-0.009054395892977962,0.00686528820611132,0.009446496681145389,0.0003818484377482445,0.02047302819289243,0.012142862592424697,0.014128654248078965,-0.0007153075822603494,0.0050352467270895485,0.015202728281759281,-0.0007757951900698723,-0.0017201834862384802
2017-10-11,0.025427872860635636,0.007462707811858982,-0.003190625105810141,-0.003719143691780502,0.011328150779179813,-0.032061045406428956,-0.0006918344647700581,0.009174319953491494,-0.004313687513487929,-0.009305654974946287,0.013026052104208485,0.0012478693075881342,-0.0007763975155279379,-0.004595060310166543
2017-10-12,-0.0033381020505484083,-0.01364523924658756,-0.012949323084140096,0.005832944248863159,0.007792262480903256,-0.003548931914875708,0.03461410355272565,-0.0013986333913919013,0.007610858431980949,0.00867052023121384,0.035608308605341144,0.017864574600233274,0.02771302771302775,-0.006347374495095259
2017-10-13,-0.0014354066985645675,0.016798464712466155,0.011497736597838593,0.006340331603099436,0.004671360276270686,0.0007914402479520799,0.003680133048571177,0.00910364964088628,0.008366689676901018,0.010744985673352359,0.019102196752626588,-0.005306088194555136,0.008316532258064502,0.020905923344947785
2017-10-16,-0.02060373742213706,0.008163229596059418,-0.015884638934081763,-0.00122933199073183,0.03383036172116127,-0.021352289548471348,-0.0179999669392904,-0.01596110650047189,-0.0023047542053439285,-0.006378454996456395,-0.027179006560449914,-0.005334471220285963,-0.009247688077980487,-0.0068259385665528916
2017-10-17,0.009784735812133016,0.00019283085476073936,0.003553944441105239,-0.013001018614243298,-0.013492539361990685,0.0032323355626577843,0.005431022901455362,-0.010578319391843616,-0.018943171367145406,-0.0014265335235378318,0.020231213872832443,0.0008251014006817048,-0.006306760847628712,-0.004009163802978222
2017-10-18,0.0014534883720929148,0.0030840370878566503,-0.002065801926858457,-0.0024161929742303467,-0.005345058884628329,0.0012082281436591735,-0.0364617844464149,0.0035638055371705057,-0.0025901406679481598,-0.004285714285714337,0.011331444759206777,-0.015251477153446547,-0.0005077430820005224,-0.010925819436457762
2017-10-19,0.037735849056603765,-0.014411990522779194,-0.004731623655478523,0.005469177175150497,-0.003319094038058523,0.020514846015743604,0.006657258016010026,0.003551149929388764,0.015227492656769925,0.0014347202295552641,0.006535947712418277,-0.0012557044815109109,0.002286004572009226,0.006395348837209269
2017-10-20,-0.0032634032634032417,0.003509461921676227,-0.006388357164943681,-0.007382080829725246,-0.00047577851073610233,-0.012613310944954548,0.014618885025893702,-0.00920029111026388,-0.01040642127022473,-0.012893982808022897,0.0009276437847867136,0.012154191146704907,-0.00785605676634571,-0.01559792027729634
2017-10-23,-0.006548175865294659,0.008354386923985935,0.042464175895880585,0.00023479470180065576,0.007139469535870191,-0.007185640925180925,0.02607203300138483,-0.008571420397077256,0.00011754252092299744,0.019593613933236664,0.013901760889712733,-0.008281526242234882,0.002043422733077893,0.025234741784037507
2017-10-24,-0.01883239171374762,0.010982652756570621,-0.0025817599257633717,-0.0021131339712415764,0.0039382632596296485,-0.009248102452677043,-0.005683704548119506,0.028818416083016496,-0.006872684367976167,0.004270462633451988,0.01279707495429605,-0.030897772646917177,-0.005353046138159567,0.0028620492272466436
2017-10-25,-0.002399232245681393,-0.005526985111121374,-0.0033074971801192454,0.0003137446384804399,-0.004707391985873666,0.007305207371531175,-0.018493633887184835,-0.007002761181046813,-0.002306710737886797,-0.0049610205527994555,-0.0027075812274368616,0.005170221627181393,0.0,-0.005707762557077611
2017-10-26,0.023088023088023046,0.00881562057842733,-0.016159214494859464,-0.00713499718656363,-0.0012612166301376737,0.0036261449087009456,-0.009934842871206717,-0.004936575951481781,-0.00616552592865649,-0.0014245014245014564,-0.04977375565610864,-0.015002159563407669,-0.004356740133265036,-0.008610792192881744
2017-10-27,-0.005641748942172065,0.023936211072187907,0.0001465685067914002,0.0017373063942554001,-0.023362310881566928,0.01645921615522883,-0.04775086727848665,0.036853328874291824,-0.003698417733472681,-0.004992867332382356,0.010476190476190528,0.005221968739069993,0.00411840411840414,-0.01042269832078746
2017-10-30,0.0014184397163119478,0.004638218792627935,0.006451648989664438,0.004414643741377677,0.002747728934829663,-0.005529201869503009,0.07776162041459012,0.0068352308279686635,0.005987329869454827,0.0,-0.007540056550424112,-0.008658041542713102,-0.0025634452704434985,-0.005851375073142151
2017-10-31,-0.011331444759206777,0.004247452183845368,-0.003787909943799961,-0.005572541968437261,-0.0032237235555788724,-0.006354273566814617,-0.023600866409556165,0.0006789021855133637,-0.009344101153729079,-0.008602150537634357,0.005698005698005604,-0.013973786032960511,0.0010280133641737965,-0.014714537963507968
2017-11-01,0.01384909264565426,-0.0014711627341543743,-0.0030710601478147748,0.005603769207527698,0.01325999006229428,-0.017186263406099633,-0.0010359188797224306,-0.008819546571204318,0.029258005306428192,0.007230657989877098,0.025495750708215192,-0.007971669875286636,0.007445442875481323,-0.0011947431302270495
2017-11-02,-0.033443240697126675,0.004419920475855044,0.013349034568757245,0.0006279325354803245,0.0007979755195173244,0.02806022499609373,0.014517821274404596,-0.026009590922012493,-0.0022180776838205407,0.006460875807609456,-0.025782688766114226,-0.004464302820210819,0.00815494393476035,0.019138755980861344
2017-11-03,0.004385964912280604,0.020168655219217735,-0.005211357857690779,-0.0065887710825977,-0.007973164507681374,-0.019382947373897896,0.016695068398920432,0.010541150880530203,-0.017549973059007185,-0.006419400855920077,-0.005671077504725952,0.012107644260137773,-0.01213346814964611,-0.0005868544600938774
2017-11-06,0.027171276079573037,0.030733269288834464,0.0018916945737597057,0.010185570007155587,0.012859656197430347,0.012908480378452492,0.0502681290205671,0.012517406379922047,0.023877519011304305,-0.000717875089734421,0.02281368821292773,-0.003987600966097071,0.007164790174001956,0.01174398120963005
2017-11-07,0.021728861596598925,-0.0026154789044907645,-0.01132895855604199,-0.004455270543548773,-0.02158389999209176,-0.006770259520943345,0.0057434228158663725,0.010989000192372256,-0.016865310458016536,-0.0007183908045976795,0.005576208178438735,0.0,0.00203252032520318,-0.008125362739408004
2017-11-08,0.024503005085529272,-0.006818171056758526,0.008226789497640219,0.006202421855158402,0.0034063112047373334,0.00842023317926488,0.007296955034648667,0.008152165990639837,0.011889985534388803,0.0014378145219267058,-0.003696857670979714,-0.00889674642630911,0.0020283975659229903,-0.001170275014628408
2017-11-09,-0.008122743682310474,0.006336855957612242,-0.004954048542872291,0.0031210986861724965,-0.0042030429087159815,0.005168998217724985,0.00787404590327423,0.0026954151914919677,-0.009528826039577942,-0.01938262742282848,0.01298701298701288,0.003141817444654471,-0.01290485829959509,0.005272407732864748
2017-11-10,0.011373976342129222,-0.007521366175451294,0.011129039772170612,-0.010267541554563886,-0.003409076131079436,0.009098113227818727,0.004062503515742666,0.00537633891739131,-0.005843175715624427,0.005856515373352744,-0.00366300366300365,-0.0008948750524521154,0.0020507562163547544,0.005827505827505908
2017-11-13,-0.006747638326585648,0.00035242584552119816,-0.002462067933761136,0.003851009368157632,0.013683028418531862,0.0003919672376879735,-0.014316838770051077,0.01136364143452262,0.010626980286842835,-0.00363901018922852,0.005514705882353033,-0.004030459153398613,-0.014070094653364063,-0.016801853997682525
2017-11-14,-0.02672101449275366,-0.018675080865737326,-0.004065023090328079,0.003288147664073371,-0.01655152871784904,-0.004310309004234236,-0.020524173061320816,-0.0019827979341888735,0.0017035380010319567,-0.013878743608473298,0.010054844606947055,0.010791356726084,-0.004670472236637302,0.008839127872716457
2017-11-15,-0.007445323406235493,-0.006642709637644129,0.0030612112120071977,-0.003901677721420249,-0.0035947445064384853,-0.002361299051961474,-0.007092222566126405,-0.0006622667966358353,-0.005981660952562473,0.0022222222222221255,-0.025339366515837125,0.07517796123093223,0.01798748696558916,-0.01869158878504673
2017-11-16,-0.0009376465072667983,-0.003433985814538798,0.005813130941303868,0.0007050720047492298,-0.001803895754859064,-0.0003945013945390041,-0.008766217882384741,0.011265743841943676,0.006253627619397184,-0.005173688100517326,-0.02599814298978642,0.006619770248533774,-0.004353393085787416,0.0035714285714285587
2017-11-17,-0.002346316283434957,0.025571270638730104,0.008235799774083397,0.014404277487392703,0.006242830208367023,-0.02288866587478322,0.014412024480660701,0.007208365336001554,0.017706381924203374,0.019316493313521477,-0.020019065776930356,0.009864355605045505,0.019032921810699488,0.013641755634638209
2017-11-20,-0.019755409219190945,-0.00813437826133856,0.022785955791058132,-0.016360605373768933,0.009142895134127915,-0.007269802129993841,-0.016144641328603604,-0.025374127926258483,-0.03059109018304418,0.005830903790087438,-0.0077821011673151474,0.0073260198376681185,-0.0005047955577991425,-0.012287887653598561
2017-11-21,0.008637236084452882,0.013193112434546128,-0.006585416878460704,0.0050996392001434465,0.011324978513013395,0.007729836748961771,-0.009845740750188292,-0.0066755294293208145,0.007250237299247786,0.0,0.002941176470588225,-0.0028282704979482043,-0.0010101010101010166,0.006516587677725116
2017-11-22,0.008087535680304514,0.020939619714365643,-0.002256751180054195,0.008196081648661036,0.0028795594454835705,0.005652035415914636,-0.016241307738172672,0.026881694586956106,0.00896810623535016,0.0007246376811593791,-0.019550342130987275,0.006482975908981503,0.008341759352881617,-0.004708652148322501
2017-11-24,-0.00471920717319485,0.016028960665948055,0.021063126069547078,-0.003793763167144415,0.010049405775259368,0.0020072259644674517,-0.05222371117805613,0.011125659637749807,-0.007017071110610895,-0.00868935553946415,-0.005982053838484491,0.0,-0.004011030333416876,-0.016558249556475446
2017-11-27,-0.020862968231389334,-0.014249366271696151,-0.0011075983294552838,0.005518067867946508,-0.01058116149764221,0.006009615237661192,0.04088162496206116,-0.0038834606267375005,0.0016488944376209513,-0.010226442658875068,0.005015045135406293,-0.010064412176501336,0.0027686886483766493,-0.015033072760072153
2017-11-28,-0.008716707021791725,-0.0020650306423054543,0.026334046925798216,0.0006955497834191249,-0.019792509995504082,0.015133364000804672,0.04986335716487744,-0.022742064565422937,-0.011640892772338818,-0.0073800738007380184,-0.022954091816367317,0.0008133573663913207,-0.003012048192771122,0.0030525030525030417
2017-11-29,0.023937469467513406,-0.011898644963524219,0.019851364358231427,-0.009731965753557725,-0.009933214842285043,0.016869432771713377,0.034157457095900234,0.0019946631015479444,-0.021057645244290657,0.008178438661710086,0.007150153217568844,0.005688719470797077,-0.000503524672708977,0.013998782714546465
2017-11-30,-0.022900763358778664,0.0017452406657918473,-0.006355875912014253,-0.00694175538845565,-0.0009868490192369572,-0.02546298531129698,-0.04844284688741873,0.0006635852079857063,-0.004557377383577199,0.008112094395280156,0.005070993914807254,0.012525230947167065,-0.0068010075566750094,-0.017406962785114
2017-12-01,-0.00390625,0.016724722281406867,0.005197219947897569,0.004398443191185875,0.00938428734392982,0.009897070228001015,0.011900830484789626,-0.006631325064698657,-0.005188565781406362,0.008778346744696464,-0.0020181634712411745,-0.005586567942218124,0.008622875982754241,0.012828344532681779
2017-12-04,-0.0186274509803922,-0.015250160732359075,-0.005302950076369828,-0.0035189238568795744,-0.0008155463067519575,-0.0062720739523085545,-0.02482855632921077,0.005340512671900166,-0.0007977227449995627,-0.015228426395939132,-0.02426693629929222,-0.022471888612677127,0.004274578828262543,-0.010253317249698468
2017-12-05,-0.036463536463536506,0.0026100175395089575,-0.0009329560970688933,-0.009966313078200728,-0.04652299229253365,-0.006311661157852533,-0.02378554883040307,-0.010624222883686918,-0.01909855173161812,0.0007363770250368162,-0.00932642487046631,0.012315239308042791,0.01001502253380071,-0.010359536867763586
2017-12-06,-0.009331259720062213,-0.028809439052133068,0.0028014819508737077,0.0009512311869142032,0.005478524980478738,-0.008733612550805625,0.002745331815003471,-0.030201330254095993,-0.0065735644553219785,-0.0014716703458425018,-0.029288702928870314,-0.01175989497052432,-0.005701536936043583,-0.018472906403940836
2017-12-07,-0.013605442176870763,0.013045024199060062,-0.012504919980163787,-0.010294583067259166,0.0013621482727257384,-0.03203844652692667,-0.05441475825726294,-0.00968853920390167,-0.009642039175411843,-0.0014738393515106862,-0.012931034482758674,-0.0045137712992801005,-0.010720518573921756,-0.010664993726474226
2017-12-08,0.003713527851458842,0.011818698180862341,-0.0068705659863456114,-0.0036806668879260096,0.004931101044639119,-0.0020686802081634204,0.003257351757230298,-0.01816912797049386,0.0013362970565296006,0.0036900369003689537,-0.012008733624454093,-0.005358658981398756,-0.002268145161290369,-0.005707038681039944
2017-12-11,0.013213530655391104,0.010983282102712266,-0.009766701150039081,-0.0012046258101667817,0.011167510396825397,-0.013266985857088742,0.020202017595669197,-0.007117464776667415,-0.002478425967092135,-0.010294117647058787,0.005524861878453136,0.012847135684739275,-0.0073250820914372294,-0.010841836734693855
2017-12-12,-0.023474178403755874,-0.014657738648315766,-0.0012328265464469634,-0.004181033509710552,0.0038487685696002583,-0.016386528976825132,-0.05304105082227428,-0.012903179495523331,-0.007326226311776152,-0.0022288261515601704,-0.001098901098901095,0.003273319229047278,-0.006870229007633566,-0.0012894906511927706
2017-12-13,0.011217948717948678,-0.009450488647102961,0.01673286970279797,0.005571275263675846,0.010001657285318988,0.016232326757345206,0.013816258865245068,0.005809725566199964,0.012963715880452531,0.0029784065524944836,0.02970297029702973,-0.03996735415745212,0.003586984370996582,0.01291155584247905
2017-12-14,0.0,0.007773894934068437,0.016187840578685497,0.0067448404122318895,0.006271679603206071,0.001681417257402229,-0.011418011009406315,-0.005776167617517758,0.004181448497358797,-0.0014847809948033142,0.020299145299145227,-0.004672922942794089,-0.011743681388817984,0.007010834926704845
2017-12-15,-0.008452192287374483,0.0045581752692858135,0.007832156160221926,0.00039878766990586456,0.020173801157735927,-0.018464159038712902,-0.026825643179416603,-0.007988424596568788,0.008075665781985819,0.03345724907063197,0.06492146596858639,-0.0008536260137927965,-0.0005166623611470023,0.05886075949367098
2017-12-18,0.023974427277570598,-0.0024432703579844173,-0.009483683325451353,0.006298255629608507,0.0038585480154718077,0.013681112828277664,0.050918796931812116,0.007320672224507607,0.008887292202939268,-0.0014388489208633226,-0.010816125860373615,0.0004271776568567365,-0.005944688550012955,0.005379557680812885
2017-12-19,-0.005202913631633721,0.005248412138932679,-0.002260614040480835,-0.001188401250219795,0.0017617162838745593,0.026992803592295944,-0.01930782349971738,0.047238343584177,-0.0033499287643186104,0.0014409221902016434,-0.01988071570576544,0.0004269952540247868,-0.00572022880915235,-0.0023781212841854638
2017-12-20,0.009937238493723743,0.010964167736742692,0.009063045664921665,0.004283354186730204,0.014068716083004196,0.011498985838841014,-0.020430843287958855,0.01110338994492377,0.007593659947495057,0.005035971223021685,-0.006085192697768749,0.010670080953638417,-0.0020920502092049986,0.009535160905840279
2017-12-21,-0.012428793371310198,0.004647967930012875,0.029454542119931704,0.0009478503003936822,0.007252089592463262,-0.0073081730793952415,-0.01478954610962735,0.013726888615550159,-0.002223826211174673,0.005726556907659219,-0.004081632653061273,0.013091193494394693,-0.005503144654088077,0.008264462809917328
2017-12-22,-0.051389617199790294,0.0018848630774697117,-0.0008981228205227065,0.006391521560681346,0.006260754771506338,-0.015132911853751319,0.026558893150485874,-0.011509822005766224,0.012691921637164594,0.002135231316725994,-0.006147540983606592,-0.00375156954758471,0.0007905138339920903,-0.005269320843091285
2017-12-26,0.02598120508568269,0.025654181096012696,-0.005650474199136446,0.006821350952907368,0.01291027910809417,0.014950127903249122,-0.00899893788860906,0.00684927569743965,0.009965158850292255,0.0021306818181818787,0.003092783505154628,-0.012970689158590343,0.010268562401263726,-0.005885815185403209
2017-12-27,0.005387931034482651,-0.005502781796521972,0.019630590689340366,0.0022584101465614737,0.0003071030429562249,0.01882162937149645,0.03594401538219372,0.015646292441832577,0.005992676797474061,0.0028348688873138794,-0.0020554984583761593,-0.0004239181355298882,-0.003909304143862369,0.013617525162818334
2017-12-28,0.02411575562700974,0.0033534668844106275,-0.0018998594335944974,0.005516686546960026,0.008903912846406126,0.0024096630663277274,0.0642805418737229,0.004688526014293037,0.012816731323786579,-0.004946996466431042,0.001029866117404632,-0.011450401129655119,-0.010204081632653073,-0.0005841121495326895
2017-12-29,-0.009942438513867113,0.009692480195161446,-0.0021574339055314695,0.009427458057607696,-0.001978090595141646,0.011217899537260045,0.013383676689356028,0.01066665649414067,0.013545551544644097,-0.0035511363636363535,-0.008230452674897082,0.002145051289350608,0.006344171292624878,-0.001753360607831711
2018-01-02,0.023255813953488413,-0.0008275279472987895,-0.014371070747669967,0.005664779964134947,-0.007165715997272337,0.03169572184411784,0.034879757270030565,0.011213725462072777,0.003575663885358793,0.0071275837491091565,0.006224066390041472,-0.012414422429374183,0.003414762280010475,0.015222482435597096
2018-01-03,-0.014979338842975198,0.020871329443820752,0.007870975617439546,0.0019030220696665268,-0.005835397162438194,-0.012288716453369819,-0.01570683814288465,-0.0013045990990794287,0.0037380512202362937,-0.0007077140835102247,0.008247422680412342,-0.010836584451974995,0.004973821989528782,0.005767012687427853
2018-01-04,-0.001048767697954922,0.006165783657832158,0.014594794273978806,0.002431297189563253,0.0016991282733207491,0.007387223197155235,-0.04255312065993755,-0.0039190344854478365,0.0002327442657727996,-0.005665722379603388,0.005112474437627856,0.005696804112785392,-0.0005209690023443292,-0.004587155963302725
2018-01-05,-0.005249343832021025,-0.009192061123250883,-0.015646660741571394,0.0006821467313995466,-0.010948357397126518,-0.00849097705598778,-0.029513900961588457,-0.011147545986488261,0.0009308713972702165,0.0007122507122507837,0.011190233977619535,0.007843067182717434,0.0023455824863174435,-0.00748847926267282
2018-01-08,0.010026385224274348,0.004720067089996283,0.0016664177651342094,-0.0012876415809394137,-0.001870920464469461,-0.025690895295956917,0.014311256086284585,-0.019893911953093424,-0.008195335559774364,-0.011387900355871894,0.006036217303822866,0.006917499375967973,-0.0033801352054082523,-0.006964596633778242
2018-01-09,-0.00783699059561127,0.01992547466964978,0.0026874723075627216,-0.005232841302758584,-0.0020306172359875196,0.0,0.03104058481259364,-0.0033829628983904625,-0.007501075845726568,0.005039596832253412,-0.0040000000000000036,0.0055817585082158505,-0.002608922515001333,0.010520163646990044
2018-01-10,0.02211690363349139,0.009688701067691152,0.016592253695923098,0.004345561831495814,0.006417262445681304,-0.009588530267724993,-0.005816010194494292,-0.005431087996755513,0.0015941496565849977,0.0,0.008032128514056325,-0.0012809857620741383,-0.009155113784985569,0.0046269519953729965
2018-01-11,-0.006697578567748552,0.0036180516492130277,0.03766478270593976,0.0024289897620870526,-0.00046652918232359397,-0.0092778856377429,0.0612526558526143,-0.032081865228174244,-0.004067691258005657,-0.0007163323782235498,-0.0019920318725099584,-0.0149635948377147,-0.00686378035902846,-0.0023028209556706924
2018-01-12,-0.007261410788381717,0.007837050480822283,-0.01173625169745951,0.00969260113945225,-0.004201019171717446,-0.0044788521017055105,0.03761346721675074,0.0,0.010358775525918018,-0.007168458781361964,-0.003992015968063867,0.005208286767206527,0.0037214247740564588,-0.029428736295441404
2018-01-16,0.00940438871473348,-0.008864750893754492,-0.003060724768192191,0.001499924976286815,-0.000312551851383569,-0.014723951343622144,-0.022187530663795307,-0.041607908313833875,0.0031050146875564177,0.005776173285198638,0.002004008016031955,0.04879106543869427,0.025423728813559254,-0.009512485136741966
2018-01-17,0.027432712215320842,0.0037659137014074417,0.008719134002355355,0.0019469638598204053,-0.010159359610206864,0.022000843445580287,0.03291791809754008,-0.012509203413185621,-0.0009928862645609549,0.013639626704953445,0.016999999999999904,0.00041162293768426395,0.0007747933884296732,0.01200480192076836
2018-01-18,-0.0005037783375314575,-0.0003126537030172516,0.005965398921481846,-0.008968609865470878,0.0033159494457757344,-0.016246953897570138,-0.01330452343912003,-0.025335331643439485,-0.012394030918562615,-0.004249291784702569,0.02163225172074723,-0.0004114535739554448,0.004387096774193466,0.008896797153024938
2018-01-19,-0.026713709677419373,-0.009069614138156656,0.00956070364016215,0.004449490508342757,-0.003147620497063297,0.001238658363079681,-0.0012542955904523145,0.012996947804704506,0.004854125029624123,0.002844950213371167,-0.006737247353224229,0.004940260492458659,0.004367934224049241,-0.005878894767783693
2018-01-22,0.0036250647332987107,0.001893683897817633,-0.00011980948280165826,-0.000750807103888973,0.003315425967870711,0.010721674653672686,0.01224490895853525,-0.006037730091023041,-0.0025920839246863503,-0.0014184397163120588,0.027131782945736482,-0.0020483096015195823,0.007162957278076254,0.007096392667060858
2018-01-23,-0.004643962848297267,0.01543549403572797,-0.01378733335796889,0.0036065269139398115,-0.027694747085346916,-0.01305594503200358,0.06823822275808888,0.0015185652219815715,-0.004488820194846754,-0.0021306818181817677,0.018867924528301883,0.0016419953684940758,0.0020320040640080528,-0.00998238402818552
2018-01-24,0.013478486262312073,0.01768263328778019,0.00012149898585445129,0.015123211784551671,0.038517546511880996,0.012815238452805522,0.018873419602922326,-0.002274430168732411,0.03381784101482044,0.014946619217081958,0.020370370370370372,-0.0028688399966636524,0.006083650190114032,0.027283511269276417
2018-01-25,0.002557544757033181,-0.0015241346317761417,-0.004740481409528652,0.0047938637679492135,-0.0029608935558543825,0.009387767558195259,-0.0176688615353382,0.006079021628696113,0.007231068209417213,-0.003506311360448766,-0.052631578947368474,-0.002055044686285812,0.0,0.0034642032332563577
2018-01-26,0.013265306122449028,0.00961681014920246,-0.01709811850813092,-0.007927223014231655,-0.005157860830024563,0.012131014811884722,0.01682625102661084,0.009063435621868399,-0.009629116282840577,0.0035186488388458947,0.019157088122605304,0.016062577373111342,-0.006802721088435382,0.014959723820483273
2018-01-29,-0.020140986908358527,-0.008769305056048449,-0.026341981338888543,,,-0.0015981188589546669,0.03594862294058743,0.02320362481908922,,0.006311360448807868,0.013157894736842035,0.008107043466596409,0.0060882800608828,0.018707482993197244
2018-01-30,0.012332990750256956,-0.016168358725858534,-0.01697296861530384,,,-0.021208435063684528,-0.12007714229695254,0.0036576584093492848,,0.0076655052264809065,0.0018552875695732052,-0.0020105003104905483,0.008825012607160954,0.017807456872565464
2018-01-31,0.013197969543147225,0.0035659435183503785,0.0032454888220405653,0.0026958031452164466,0.0022033268434251685,-0.0036795140344050292,-0.06259782530909908,-0.03571433784662703,0.011226707768143163,0.0,-0.01666666666666672,0.0024173838307861573,-0.004498875281179759,-0.012028430836522719
2018-02-01,0.010521042084168375,0.01653019680725243,0.01384575196332527,0.003958214210698197,0.004082918147547465,-0.0036930402451975652,-0.04641066586848852,0.010582036898475033,-0.004998863063259029,0.0006915629322268302,0.006591337099811634,-0.0028134926521461434,-0.010795882500627685,-0.0016602102933037655
2018-02-02,0.020823004462072303,-0.005319241448063616,-0.013401345792113717,-0.007885217043241521,-0.006412244140026391,-0.008237232186416699,-0.003501397286502672,0.019446539349836645,-0.025820740427434208,-0.0006910850034553828,0.00093545369504211,0.004433720786756412,-0.006345177664974666,-0.009423503325942328
2018-02-05,-0.006799417192812074,-0.01986242143588357,-0.009443768798363505,-0.0005248190728807112,0.010703579100737493,-0.00498337596774967,-0.03478565658391741,0.01980920776393047,-0.0022187967622655513,-0.007607192254495132,-0.0009345794392523477,0.0056179530184519155,-0.00919540229885063,-0.014549524342473474
2018-02-06,-0.0019559902200488866,-0.01184726606629738,-0.0049627433058963,-0.005176312388644022,-0.010278770394331227,0.02545905963830042,0.0043684324772454985,-0.004316508459640267,-0.00546905484736393,0.013240418118466879,0.00654817586529477,0.0015962057613652103,0.017014694508894035,0.013628620102214661
2018-02-07,-0.013718765311122039,-0.025240550394805217,-0.003018812830600459,-0.010934318880138072,-0.031786017393788946,0.0036630409705011857,-0.020659716896306968,0.011560682489023755,-0.020667207781355224,0.004814305364511773,0.01579925650557623,-0.00398407888246699,-0.003295310519645156,0.031932773109243806
2018-02-08,0.010432190760059523,-0.010357653020969804,0.00868883188604852,0.0040409034208446215,-0.001462672631639017,-0.003649672072171928,-0.0018504353080457392,-0.03000000544956749,0.006664186462108201,0.001368925393566034,-0.013723696248856387,-0.004400024414062509,0.004832146490335809,-0.009229098805646041
2018-02-09,-0.001474926253687281,-0.03188880971841357,0.0007830534644091003,-0.0028856016080763824,-0.015462282910649994,-0.008140008241112495,-0.04189837410376451,0.0066274044987866265,-0.012136812812557185,-0.01025290498974707,-0.011131725417439675,-0.009642417718096818,-0.004808909136927331,-0.01589041095890409
2018-02-12,-0.030034465780403696,0.001520272828176017,-0.002999522118130038,0.008453260065734547,0.017523628231914,-0.0036930402451975652,-0.012383925495304426,0.004389134279993989,0.026805729383952093,0.013812154696132506,0.031894934333958735,0.005273877084261969,0.0190742624618514,0.03340757238307357
2018-02-13,0.014720812182741128,-0.0016866636409879066,-0.0009156271761738832,0.002945192990387202,0.025020276230865335,0.011120250882643568,0.016457701629990718,-0.018208303593233777,-0.0024776628824754177,-0.0006811989100817817,-0.00545454545454549,-0.008474616061429852,0.009982530571499781,-0.0070043103448276245
2018-02-14,0.028014007003501762,0.023821589459808834,-0.010212081792945749,0.02063099534504098,0.023458513731307917,0.00040735683713077897,-0.002698615122667447,-0.00593471264263723,0.02126369617751478,0.0013633265167007913,-0.02833638025594154,-0.002848990463722445,0.005436125525080326,-0.01085187194791104
2018-02-15,0.03990267639902667,0.0122112491270574,-0.002513158939768445,-0.0025083175315843143,0.0032523441232790162,-0.008550513238303914,-0.002705825191896105,0.016417930842668182,-0.004804803377787992,0.001361470388019148,0.010348071495766664,-0.02448981148856022,0.006881297616121884,0.013165112452002248
2018-02-16,0.00046794571829678056,0.005542878248159688,0.004110828053831783,0.0008135312519776949,0.0012349331276020337,-0.031211524039078564,-0.008527068456814502,-0.017621128717675627,-0.004887687329893864,-0.0006798096532970588,-0.0027932960893854997,0.005439375321765416,-0.0026848913839394584,-0.008662696264212233
2018-02-20,0.00374181478016844,0.003566816141611806,0.023639737013605888,-0.018031261619999017,-0.01757629394459459,0.0021195422337290104,0.0226739043510924,-0.0014948025106581442,-0.01617253445337752,-0.0054421768707483276,-0.0056022408963585235,-0.013316753767330991,0.004894762604013669,-0.01856908793009282
2018-02-21,0.012115563839701693,-0.0035541391806128697,0.01806220471286113,0.0009030336602811051,0.008003709930657354,-0.010575296381330368,0.01643730270201349,0.0014970402902425572,0.010898073839072042,0.0006839945280436854,-0.030046948356807546,0.00885706452678936,0.007549926936190943,-0.004451864218141366
2018-02-22,-0.007366482504604033,0.017671857120539425,0.0206564082850329,0.0004511094631109991,0.008095912645034176,0.022659269730906484,-0.009401977323065913,0.024663671217004524,-0.0015056383035670917,0.002734107997265811,-0.0019361084220715918,0.005016757477033895,-0.00217548948513413,0.008943543879262217
2018-02-23,0.02226345083487935,0.01242629876706336,0.011298684161541894,-0.001803715961294583,-0.008957542639736693,-0.0012541933761927027,-0.003416880306544412,-0.0021881643244142657,-0.006212717168127546,-0.0013633265167007913,0.008729388942773975,-0.004575732369482277,0.004118217054263518,0.00221606648199435
2018-02-26,0.00907441016333932,0.005664840514138403,0.0030693678252544654,0.0018822467187973313,-0.003895842176036113,0.008790314596766269,0.005333310081845344,-0.0014620217337352193,0.004005825771642213,0.006143344709897525,0.009615384615384581,-0.006268266469592554,-0.0019300361881785522,0.01603095632946383
2018-02-27,0.006744604316546665,-0.01408232714798463,0.0007344576527499314,-0.011422523280690933,-0.012046329592340088,-0.004564340678488099,0.0166730389506764,-0.047584160013985355,-0.011848576210697126,0.005427408412483015,-0.00952380952380949,0.005046212296879959,0.0036258158085569203,0.008161044613710589
2018-02-28,0.0004466279589101507,-0.0217425641704323,-0.0013454086041763125,0.0,-0.015835297502211465,0.009170538820357566,-0.005963485613754149,0.036126003465480894,-0.0013459724443792842,0.010796221322537214,0.011538461538461497,0.036820128960711296,0.00674373795761074,0.04587155963302747
2018-03-01,0.013392857142857206,-0.010545063556421708,0.01126758299757924,-0.00957808862480991,-0.0025744602495051394,0.011565418101524338,0.01162350891173225,0.017062351908098572,-0.00759609449204568,0.011348464619492571,0.02281368821292773,0.0024212858869983034,0.011961722488038173,0.04334365325077405
2018-03-02,0.022026431718061623,0.004262966295752735,0.001816658912841218,0.013968801006093878,0.000483990878633378,-0.017149845050700385,-0.0011119425617996948,-0.0211524406306437,0.011851816443369634,-0.003960396039603964,-0.014869888475836479,-0.012479849598957649,0.003073286052009516,-0.02670623145400597
2018-03-05,0.059913793103448354,0.02155101542570148,0.03251937139397665,-0.00227083495226732,0.0014511164655126585,-0.009555476032068189,0.003339541063244189,0.010432216283668971,-0.0032943419862559997,0.002650762094102088,-0.0009433962264151496,0.002853636072759125,0.005656375206221975,0.02083333333333326
2018-03-06,-0.0020333468889792705,0.0004794434943773407,-0.0183820074569937,0.01175935079818946,0.010143326763355054,0.006291946469811238,0.016642040073013842,-0.008112139155425746,0.02307509021030918,0.00396563119629878,-0.010387157695939564,0.0008130267257531187,-0.0021092102179517402,-0.0004977600796416404
2018-03-07,0.0008149959250203231,-0.02316289111159675,0.004293900597283962,-0.005698842025396944,-0.007331846124333907,-0.005418873805931312,0.01018547733410391,-0.049070621321307684,-0.017170245498531744,-0.0013166556945358732,-0.009541984732824416,0.00040610565363063955,-0.008924377642085535,-0.017928286852589626
2018-03-08,0.02035830618892498,-0.016843868655640803,0.010926435055637507,-0.004600283247313319,-0.017822745361537606,-0.0025146944181355657,-0.007562084559696647,0.007818638136668055,0.0004870542829253921,0.01713909030982208,0.00481695568400764,-0.004466045747096414,-0.0011848341232227888,0.003549695740365122
2018-03-09,-0.011173184357541888,0.03193616130662136,-0.007048943657837481,0.0018940828500324525,0.0188000276576461,-0.001260517024192498,-0.00870824711998841,-0.0038789906441518696,0.006692546695573176,-0.0071289695398574215,-0.0047938638542665,-0.00815663781425946,-0.02325029655990507,-0.011622031328954008
2018-03-12,0.03510895883777243,-0.010960675292407851,-0.014671059075003545,-0.0022686024989519993,-0.0038510416390099556,-0.005889751428096224,0.016837482401140358,0.007009357594886856,-0.004532748563695899,0.0032637075718016106,-0.0028901734104046506,-0.002055889707563874,0.0038863249939276034,0.0015337423312884457
2018-03-13,-0.00545808966861594,-0.010593245101259807,-0.003602250561486109,0.004926481642962388,0.004832431070610044,0.019466740521873804,0.00287973242193007,-0.023975283240527667,0.005342683521647906,0.003253090435914041,-0.0028985507246376274,-0.002884206572061565,0.007016694894749653,-0.00867789688616638
2018-03-14,0.00940807526460219,0.004117937798881366,0.005543493201536798,-0.0011313070158988081,0.0067329743983237655,-0.0041511001466845165,-0.01974158883475363,0.011093529682433267,-0.005555949104350089,-0.005188067444876765,-0.018410852713178327,0.0,-0.011532916866890952,0.021112255406797065
2018-03-15,-0.015145631067961185,0.003772958426682571,0.001078575446517016,-0.0057384290590751785,-0.009235682452279237,-0.019174618431676338,-0.01830829487149488,-0.0015674339659024206,-0.006922840811031561,0.008474576271186418,-0.008884501480750262,0.025619789766050394,0.01191054934370439,-0.03429147755925366
2018-03-16,-0.005520504731861164,0.01879394593378758,-0.008140791513387646,-0.004176792068693147,-0.005785961276715712,-0.005949890085490073,0.002610954680105193,-0.007064376311208598,-0.009233839090369789,-0.010342598577892659,-0.03486055776892427,0.004029024282807603,0.00840739851068939,-0.02297650130548301
2018-03-19,-0.030531324345757338,-0.0044914786431108356,-0.01955335120124979,0.004194310832913661,-0.00759779054653742,0.011970941106552502,-0.013764859141006558,0.018972389883784357,0.0032711700751801853,-0.020248203788373664,-0.029927760577915352,-0.014044959084999253,-0.025726536445926595,-0.036344200962052375
2018-03-20,0.014314928425357865,0.021592009715368565,0.02277481715705454,-0.004328731037988809,-0.014334553116817084,0.005069695664189577,0.009053160777401148,-0.02560123467157238,-0.007997488002359887,-0.0013333333333332975,0.0021276595744681437,-0.006512000382556504,0.005623471882640674,0.004991680532445919
2018-03-21,0.01774193548387104,0.027917927452161262,-0.0058979956952878165,0.007322077465257593,0.007602049729914517,-0.0008406765589460408,-0.01383175384364177,0.008757934156231828,0.014387618663699087,0.001335113484646211,-0.01698513800424628,0.009012671639890169,0.0014587892049597873,0.001103752759381793
2018-03-22,0.004358161648177594,-0.01334962623341096,-0.005327458911750238,0.00446734658302006,-0.01197309377760758,0.0012621079327279627,-0.007960541454194225,0.007892689886942472,-0.0017730167720040324,0.002666666666666595,-0.011879049676025932,0.0008120364776760258,0.0,0.004961411245865577
2018-03-23,0.03155818540433919,0.024572225920243662,-0.0038953096637912576,0.017111468159164644,-0.009130196487932896,-0.015126076065191674,-0.009935048477227815,-0.01566176630932381,0.0123714835009896,0.0033244680851063357,-0.010928961748633892,0.0028397442558820707,-0.0014566642388929019,0.009873834339001686
2018-03-26,0.005353728489483789,-0.005009019663294478,-0.0006110601324567089,0.0037797194110877896,-0.008041524536863243,0.008105841317182394,0.010420667531512828,-0.011933144166426435,0.006170555269203293,-0.008614976805831676,0.0011049723756906271,0.008090645974711208,-0.002674446875759795,-0.0130363932645301
2018-03-27,-0.028527957398250314,-0.004576705382010937,0.0029346767834665943,-0.00967216136281801,0.010471170035652788,0.0067710149135127295,0.02788386301477641,0.009661826475196644,-0.008597862512640497,0.0,-0.002207505518763808,-0.0012038798777551651,-0.005850804485616812,-0.011557512383049029
2018-03-28,0.016836335160532512,-0.013333375426544558,-0.015605935524079073,-0.012748898109106954,0.0008357203086570841,-0.010088246986373006,0.002601252144969868,-0.026315783469690768,-0.017223627340012704,-0.0013368983957219305,-0.01880530973451322,0.0,-0.0014713094654241754,-0.007795100222717122
2018-03-29,-0.01578744705429347,0.008698434480882922,0.00891752835958659,-0.001057168400067643,0.008350065370011484,0.0033970405594812014,0.012972604308572055,0.01146603954835057,0.0011107466295954271,0.0381526104417671,0.014656144306651742,-0.007231832446353614,0.026277013752455725,0.012345679012345734
2018-04-02,0.03090766823161184,-0.029719803623574514,-0.006015196038259396,0.014590207170698477,0.00712152097625407,-0.014811679876421291,-0.018294896298388097,0.013765187938699741,0.02490299245525618,-0.0012894906511927706,0.030000000000000027,-0.0036421792219252236,-0.008853792773390712,-0.010532150776053184
2018-04-03,-0.051992409867172684,0.007935248584653998,0.012967709108726133,-0.006929384492203927,0.005755685759835538,0.001718186818045142,0.005218016588529606,-0.00399362531203884,-0.016840119866881387,0.0032278889606196515,0.003236245954692629,0.0060925919340848456,0.002414292612264557,0.025210084033613356
2018-04-04,-0.009207365892714203,-0.00220436771135879,-0.029017280551414948,0.002250900277680712,-0.016677605229677872,0.0025729250058643682,0.007786395342731289,-0.01603847674277481,-0.008441945754617874,-0.019305019305019266,-0.010752688172043001,0.0028259868199671523,-0.021917148362235017,-0.0038251366120218844
2018-04-05,0.01333333333333342,0.002682688756635576,0.03679056162268912,-0.00860907289986157,0.020784835595045736,0.005560320935795726,-0.015820450279549703,0.006519960938993652,0.006848051301313385,0.022309711286089273,0.011956521739130421,-0.0024154374224564235,0.01575966510711657,0.01974766867800337
2018-04-06,-0.021929824561403466,-0.023292406687307143,-0.0003633133027461932,0.0057388622711769255,-0.005049704778842035,-0.0008507537296412737,0.00971963489781369,-0.0008097351071211234,0.0007353577096855801,-0.0025673940949936247,0.002148227712137407,0.008474539090139288,0.00242424242424244,0.016137708445400856
2018-04-09,0.01997554015491243,0.021914224388651204,0.004482708292682158,0.003303569587363109,0.0057302431869585835,0.010217152906062177,-0.002961827869905176,0.0016207053356609435,0.010225312846270374,0.005791505791505891,0.017148981779206762,0.026010389134997203,0.012817412333736344,0.03917416622551606
2018-04-10,-0.005195843325339733,0.032954967323044926,0.007477928956730162,0.00426547254628451,0.019371635292158906,-0.008849583128987981,-0.013739390351404923,-0.01860837772046986,0.004060817818906104,-0.0038387715930902067,-0.0031612223393044925,-0.0035101464403398674,0.002865329512893977,0.0025471217524197787
2018-04-11,0.023302531137002758,0.019996909111215766,0.0035915605907104187,0.0108047690014903,-0.0060683657461267915,0.004676896759304272,0.007153634837695488,-0.005770790945078708,0.010382765010756634,-0.005780346820809301,0.0042283298097252064,0.0023483904141954337,-0.002142857142857113,-0.009654471544715437
2018-04-12,-0.0019630938358853323,0.003741394809065879,-0.0016700392054217472,-0.013343144552847352,-0.016709526339200642,-0.002115954268060216,0.004112208074270374,-0.0008292063460934029,-0.01762457049617383,0.004521963824289488,0.0,0.006247553440019704,0.01240753996659505,-0.012827090815803022
2018-04-13,0.008654602675058909,0.0047711301070560985,-0.003345665803904274,0.004781847203614964,0.0024510365364791564,-0.005089045516164736,0.01824265986360074,0.002489604356542552,0.011250955240238003,-0.006430868167202619,-0.013684210526315743,0.01746212058972829,-0.006127739806740529,-0.017671517671517645
2018-04-16,0.05382215288611536,-0.017361599340287803,-0.0019182790442924258,0.0020076971102340746,0.007823937581979523,-0.026001730370049714,0.006215794887137305,-0.008278177326266678,0.0020447676327943753,-0.009708737864077666,-0.016008537886872953,-0.004195221429578955,-0.01161963481147732,-0.021693121693121653
2018-04-17,0.009622501850481191,0.0045302841563448215,-0.0014414744334177998,-0.00022267074443416135,-0.005337213634534876,-0.006126887949603366,-0.005087273585743346,-0.02754590453385386,0.006601770415995967,-0.00588235294117645,-0.007592190889370909,0.0076598564119347845,0.0038387715930903177,0.008653326122228133
2018-04-18,0.035190615835777095,0.029314562177446657,-0.0046914399438693355,0.002969121247755835,0.025528465433377168,0.011889021909631703,0.0003652907121940441,0.007725335239044728,0.027367133238519248,0.007232084155161189,0.03169398907103815,0.0015203693021401676,-0.004063097514340308,0.0193029490616623
2018-04-19,0.002478753541076406,-0.0026288929745389433,0.0027798327637413855,-0.0032562925568003775,-0.008086271913755327,-0.0056571063293894275,-0.028842641044083628,0.0008518082688926398,-0.0005223595686830729,-0.0026109660574412663,-0.006355932203389814,-0.007210646349410821,-0.004319654427645814,0.0031562335612835835
2018-04-20,-0.02896503002472628,0.0013178552743313698,0.03013137234203378,-0.007499329737208016,0.0011189209455675364,0.013129102844638973,0.029699245727893286,-0.009361672908701824,-0.0043549391712834895,-0.014397905759162333,-0.008528784648187626,-0.006880745650829523,-0.008194745721860741,-0.02831672784478234
2018-04-23,-0.001091305929428854,0.003802312762120952,-0.02667601201279257,-0.01062314033858236,-0.007504379889760271,0.010799136069114423,0.00036507027776933043,-0.03694160588426865,-0.03359189567568999,0.005312084993359889,-0.02473118279569897,0.005773657473950866,-0.007776427703523714,-0.0037776578521316884
2018-04-24,0.032410779315367844,-0.013694674384685523,-0.011179231612967078,0.006729697099480125,0.009813363821453924,0.012820512820512775,0.014963463223020668,-0.006244397376094057,0.007000249540284109,0.007265521796565366,-0.011025358324145529,0.004975165414870197,0.0014695077149156077,0.02383531960996743
2018-04-25,0.007407407407407307,0.005169957448937668,0.030391440980754636,-0.007661163478404176,-0.0020710548903613013,-0.013924063509526685,0.0017979556356246817,-0.02513471077344609,-0.012045317331737415,0.013770491803278606,-0.006688963210702337,-0.0019040801208443092,0.005135730007336692,0.02910052910052907
2018-04-26,-0.011904761904761862,0.0020573017394569515,0.002713493649627363,-0.0037086758438069634,-0.006066428349583153,0.006418485321299405,0.012562844818003072,0.010128969965844226,0.00012136410945129406,-0.001293661060802087,-0.008978675645342271,-0.030141130704835595,0.00048661800486615725,-0.01131105398457588
2018-04-27,0.010276399716513174,-0.0013198997516167266,0.004000517423593086,0.003038820824751154,-0.02152261936017119,0.023384354044912348,-0.017724278261939563,0.022789425151738207,-0.004973358084442769,0.0090673575129534,0.003397508493771184,0.00786785060342976,0.01653696498054469,0.03068122724908995
2018-04-30,-0.00210452472816558,0.006901633351456438,-0.007617502776641749,-0.003105428693946588,0.002133948034768629,0.0024927549278059846,-0.0028870073141419317,0.026737984277633853,-0.005729602699259817,0.007702182284980763,0.018058690744920947,-0.001951644916912354,-0.006937799043062243,0.034308779011099855
2018-05-01,0.024253075571177396,-0.019250396685124294,0.005196060933166491,-0.009420986782980645,-0.012284981004229256,0.01616242787882527,0.014115104658248612,0.014756867696568587,-0.016736188852768175,0.010828025477707115,0.009977827050997812,-0.011732469325029804,0.004577210310768409,0.033658536585365884
2018-05-02,-0.027110501029512735,0.010111528701498562,-0.001292300361867449,-0.0009204427038226326,0.010779366189336503,-0.008156606953066858,-0.01713065542134229,0.005132628038531761,0.015711753579920718,-0.001890359168241984,-0.009879253567508184,0.009497418550478365,-0.009352517985611541,-0.007550731477111827
2018-05-03,0.009876543209876631,0.007360518147412787,-0.006587521161225962,0.006218313939622133,0.0037736244655726114,0.004934198039885596,-0.010166985640258197,-0.005106418690782877,0.004358182058302074,0.008838383838383868,0.0011086474501109667,-0.0007840242094951932,0.010167029774872827,0.02805515929624347
2018-05-04,-0.02235417394341599,0.01885139426822091,0.022498538715677974,0.001525902246514832,0.002124879270880342,-0.014320785955021065,-0.005502606205372462,-0.015397720954885008,0.004400470950293833,-0.001877346683354153,-0.008859357696566983,-0.005100006352840358,-0.015336688233884455,-0.02405180388529138
2018-05-07,0.025366202215076905,0.014486547885064427,-0.004169086470330985,-0.0003808943540781762,-0.0019572800262941392,-0.018679950660080435,0.011066016882955276,-0.01650743095389806,-0.0012778330551154182,-0.01379310344827589,0.006703910614525244,-0.011829697838679265,-0.024336821611097625,-0.025592417061611417
2018-05-08,-0.026480836236933758,-0.0236109956041185,-0.007093855396042237,-0.00015237858505967594,-0.006210182557952804,-0.013959339586166686,-0.0032834092413687177,0.021201478026736664,-0.001523159591030443,0.005721551176096629,0.01664816870144281,-0.00039905144034124707,0.008979795460214435,0.007295719844357951
2018-05-09,-0.007158196134574135,0.03011876490858434,0.00562196500790324,-0.0005334993688071998,-0.0003288694442412643,-0.009009034957223716,0.0018301155989712825,-0.023356440135200662,0.004271399361641004,-0.0018963337547408532,-0.0010917030567685337,-0.005988008906138154,-0.003955500618046948,-0.0062771607918880035
2018-05-10,-0.005767844268204758,0.00309251086014406,-0.015140962526397628,0.007244718711396203,0.01743706969250791,0.006926433348552585,0.028132956904338924,-0.0017714352663357191,0.01348888805446724,0.0,0.014207650273224015,-0.0076305436533509186,0.005956813104988745,-0.013119533527696792
2018-05-11,0.01559100797679469,-0.009248930163456737,0.0007096167185518532,-0.001362847336144557,0.0008084259478053912,-0.00902840089600443,-0.0028428917243247254,-0.004436573975506786,-0.00023979076797542298,-0.01266624445851805,-0.03663793103448276,0.010522065500407685,-0.01825808043424626,-0.03594288527818812
2018-05-14,-0.0092823991431632,0.003677540982368166,-0.01087220241643172,-0.0018953752843062777,-0.005331178039669315,-0.013882850100833788,0.012829655532734296,0.0035650589038371816,-0.0063564941524256735,-0.0019243104554201862,0.02460850111856816,-0.012815366584855159,0.01834631817039467,-0.018386108273748758
2018-05-15,-0.037837837837837784,0.004932334817316475,0.0007169078874087464,-0.020964660528627,-0.011694011035329854,-0.006599208006426771,-0.0021112040624781114,0.02309060600326962,-0.02269157861246307,0.03406169665809777,0.04912663755458513,0.012981732242448585,0.005676209279368294,0.027055150884495394
2018-05-16,0.022471910112359605,0.002524194521642986,0.007043891151423676,0.0010085551502752033,0.005258843820746817,0.003100075016747139,-0.007404763293895611,0.007812430150809568,0.006360419866388911,-0.007458048477315127,0.004162330905306932,0.005206290416103654,-0.01865030674846624,0.001519756838905817
2018-05-17,-0.033333333333333326,0.0,0.00806165165947692,-0.0015501473226560147,0.006048667946807251,0.005297999771488593,0.015630518458340514,-0.0043065666269671565,0.007117826317875275,-0.010018785222291826,-0.0010362694300518616,-0.00398407888246699,-0.004751187796949274,0.006575619625695417
2018-05-18,0.014778325123152802,-0.002937461053962087,0.01787609425240899,0.0015525540100980173,-0.008449718976779041,0.0008783353136698757,-0.0041973011750391365,0.008650469218471457,-0.0015841696456035947,0.01834282099936746,0.004149377593360981,-0.014000015258789023,0.0035175879396984744,0.04170854271356794
2018-05-21,-0.02352501867064971,0.01346800085456068,0.021605950909894478,0.0,0.011307729372183273,0.05484861928376228,-0.012996116046458672,0.03773589535297228,0.003966591658483232,0.0006211180124222615,0.013429752066115741,-0.007707932535414241,0.026790185277916878,-0.021225277375783835
2018-05-22,-0.009942638623327005,-0.0015227105980678557,-0.012101331338864707,0.0011626104919919555,0.010857221231655556,0.00540766674194515,0.034875463198097645,0.004132168221838928,0.00340382670812156,0.004965859714463061,0.0183486238532109,0.008176646378798003,0.00512070226773953,0.028092656481025102
2018-05-23,0.011201235998455017,-0.004020531354083756,-0.0044647898850734835,-0.001857941034659527,-0.01875602830569012,-0.012412081248980855,0.0020632881627962174,0.01646096865998481,-0.01029804229858855,0.009264978381717137,0.009009009009008917,-0.03325221816294022,0.008491023774866546,0.0182166826462129
2018-05-24,-0.005729564553093924,-0.01572936123358315,0.005749770069733984,0.01116877514806447,0.008168631312162278,0.010054500150638246,0.008922451126237352,0.002429128100773559,0.017321640189137844,-0.01040391676866581,-0.031746031746031744,-0.030201313286331244,-0.0033678133269184896,-0.0014124293785310327
2018-05-25,-0.01805608912792933,-0.04002265404746885,0.02000914724810099,-0.00030674415795639565,-0.005995815794506476,-0.0012443095983539765,-0.00034019248975003524,0.006462029318783147,-0.008423042368476907,0.0043290043290042934,0.01946721311475419,0.00043245333781460893,0.005551532705768691,0.0240452616690241
2018-05-29,-0.02308294209702655,-0.016941572525276838,0.044838023103356495,-0.00352957683104993,-0.004890729349429024,-0.001245859833703289,-0.021776078138345922,0.0,-0.010678999179589033,-0.014778325123152691,-0.019095477386934623,-0.009079078776140226,-0.01056168987037931,-0.011970534069981609
2018-05-30,0.012815378454144932,0.022178864874660364,-0.007724506252281049,0.0021560398347582055,0.0024573830702188104,0.00041582579424370714,0.003478257552437247,0.011235982575773296,0.010671559835648603,-0.016249999999999987,-0.021516393442622905,0.01745199027917943,-0.00727802037845704,-0.027027027027026973
2018-05-31,-0.029655990510083052,-0.017152883516335482,0.007135946343965749,-0.0010757006638973943,-0.0004902406574320839,0.028262625188975043,0.023223539855611763,0.015079331319920009,-0.004672593232529443,0.0012706480304955914,0.025130890052355914,-0.008576280369129163,-0.004398826979472137,0.008141762452107182
2018-06-01,0.0016299918500406463,-0.01834730519296146,0.001610322312632917,-0.004076553232318814,0.010954857805697715,-0.007679846173639593,0.0033875307563611123,-0.02111020366650862,-0.0008535507011442345,-0.006345177664974666,0.005107252298263587,-0.009948159223016173,0.0027000490918016595,-0.005700712589073675
2018-06-04,-0.04353132628152967,-0.01610693812364883,-0.012861784977338364,-0.0013130006009237638,0.01132131551526916,-0.010183299389002087,-0.010803452932210522,-0.0495208319939745,-0.0005492297980268512,-0.027458492975734328,-0.019308943089430874,-0.020096072378257945,-0.019094247246022045,-0.03440038222646913
2018-06-05,-0.026371756699276938,0.01189184004735755,-0.0245385686609485,0.0034026946849710082,0.020630128163431127,-0.016872453100887363,-0.013651863802616737,0.010084104460519328,0.00683799460902379,0.007879185817465606,0.011398963730570033,-0.024074940177452264,-0.000499126528574978,0.009401286491835803
2018-06-06,0.003058103975535076,-0.012057285204644663,0.012355305605499245,-0.00030830398000958326,0.01989969533826308,-0.01004601907827718,0.002076056513945934,0.01497498707541256,0.009156569261301595,-0.014332247557003241,-0.013319672131147486,0.05573326883143048,-0.006991260923845166,0.01911764705882346
2018-06-07,-0.009581881533101022,0.01884742048569521,0.030456342665270197,0.0012335021324896278,0.004148095120114714,-0.02156450783727537,0.011740386527900881,-0.038524612653835666,0.007451060439753743,-0.005287508261731633,-0.007268951194184803,-0.029424503990328366,-0.020115665074176503,0.013468013468013407
2018-06-08,0.05233069481090591,-0.003184216742837198,0.013017511788440128,-0.000461981680523027,0.007649968246116856,0.013396742373737558,-0.013651863802616737,0.04433081654362403,-0.004294435186041556,0.003986710963455042,0.007322175732217495,-0.0031208066817576263,-0.005132152938157608,-0.012814428096820096
2018-06-11,-0.008775595486836596,0.005476127503039718,-0.0020012896199735897,0.0006163229667759396,-0.012906170450967314,-0.0012793307111207408,0.0204151469545244,0.008163296446508372,0.01263929791656393,-0.027796161482462,0.007268951194184803,0.041144903898975294,-0.015991746195512024,-0.01057692307692304
2018-06-12,0.01728499156829688,0.0039334665995833795,0.004854871603932942,-0.0029255899273996633,-0.0024611281625486203,0.0021349274402873153,-0.003390976895306541,0.0,-0.0033126148231164,0.02791014295439065,-0.0010309278350515427,0.024484522251375873,0.0002621231979029748,0.0388726919339164
2018-06-13,-0.013675922088686288,0.004219390848727578,-0.014704353947496474,0.0013898917937285038,0.0016961726043125402,-0.00852151694079939,0.008166100283936384,0.012955452831578729,0.006172365034064375,-0.003973509933774877,-0.03818369453044379,0.013836474567205714,-0.018867924528301883,-0.0336763330215154
2018-06-14,0.02941176470588225,0.003751500634599836,-0.0042638727949495525,0.005474574332855919,-0.009698233860005012,-0.0055866053665954984,0.0006749426262557812,-0.02238214880276901,0.016103387684465398,-0.034574468085106336,-0.012875536480686733,0.017783304373397257,-0.009348290598290565,-0.029041626331074544
2018-06-15,0.041632653061224545,-0.027358377152831737,-0.028797798265127517,-0.022546030992379174,-0.023472722031514515,-0.0043215212894403,0.019224337897916888,-0.01717081703457335,-0.04493208959644612,-0.004820936639118423,0.01521739130434785,0.004469674940059232,-0.023456457266109454,-0.003988035892322994
2018-06-18,-0.01684952978056431,0.012142652093029449,-0.03747797045998047,0.0012552766488183043,-0.011938918390330788,-0.006510416839133781,-0.023494406828080683,-0.002495897296420746,-0.0024312551054502807,-0.01453287197231834,-0.0010706638115631772,0.031148886697083933,0.00331308669243513,-0.019019019019019034
2018-06-19,-0.01634117178158634,-0.011845084242536608,-0.045808520544888376,-0.0004701266328889231,-0.018366336017562213,-0.0030580907248024536,-0.017282236619979074,-0.012510393777620976,-0.006641552236793857,-0.006320224719101097,0.007502679528403,-0.041977234383367756,-0.021463951568519546,-0.025000000000000022
2018-06-20,0.04051863857374394,0.017673298467379306,-0.0013202185640237563,-0.00344937637055176,0.0,-0.0039438821582828965,0.022068927302231423,0.004222989027912627,-0.0008587339383703263,0.001413427561837377,0.015957446808510634,0.03603600155680886,0.0005624296962880582,0.0219780219780219
2018-06-21,-0.0229750778816199,-0.010268805385693414,0.0,-0.0031466332234457717,-0.007057236972418224,-0.009238918061243662,0.00371117342562699,-0.0016821242376922063,0.0010436612944983992,0.007762879322512406,0.013612565445026092,0.003557318391379738,-0.010118043844856706,0.014336917562723928
2018-06-22,-0.009964129135113575,0.046383901023216545,0.026679500602438955,0.00015788608735545218,0.0024793166963146263,0.011101243489690438,-0.010084024319817808,0.015164305552754609,0.008156471369884732,0.0007002801120448154,0.010330578512396604,-0.0074832072184470855,0.015900056785917105,-0.008076728924785503
2018-06-25,-0.020531400966183555,-0.007290755127591586,0.005969824820421632,-0.0014202688917867023,-0.01335529273909497,0.0026350729536988027,-0.007470233095656864,-0.0041493933563011565,-0.007968770485811794,-0.01889433170048982,-0.014314928425357865,-0.010317469087707587,-0.02235885969815543,-0.029516539440203604
2018-06-26,-0.0008220304151254076,0.03598702823660349,-0.010472440078094336,-0.007111251717457745,0.0016710815007427993,0.005694275227245971,0.005473757603109419,0.009999990463256836,-0.004292352980185377,0.005706134094151105,0.0010373443983402453,0.0028067238702993436,-0.00829045168667808,-0.015207131620346148
2018-06-27,-0.03784450843274367,0.0316177994545519,0.008349001373811449,-0.003023974877956359,-0.0025024802453460504,-0.004355400581083413,0.019394407051998463,-0.033003269167260596,-0.006096866946876278,0.0,0.0528497409326425,-0.06437427411505237,0.00028826751225130565,0.021299254526091493
2018-06-28,0.03377511757161189,0.009483160964176784,-0.009562678656842238,-0.0039910598699904876,-0.012042151798024592,-0.01881016157895754,-0.01869158655386083,0.013651863802616848,-0.01164878406671932,-0.021276595744680882,-0.04330708661417326,-0.023931601498784816,-0.007204610951008661,0.0
2018-06-29,0.023986765922249687,0.00953035543527636,0.005298445150420772,0.0028049365788109792,-0.0008464727249067883,-0.005795822710969123,-0.005442187793715081,-0.001683540199579614,0.009591867336257609,0.01521739130434785,0.030864197530864113,0.016637441253412044,-0.0031930333817126177,0.037539103232533844
2018-07-02,-0.004442649434571844,-0.002832084695229109,-0.010306831596703314,-0.009190441581753306,-0.0066079353879989755,-0.03318382913221696,-0.02120384258340069,-0.025295046015591183,-0.02235467303965566,-0.036402569593147804,-0.019960079840319334,0.015934575804255058,-0.011648223645894018,-0.03467336683417088
2018-07-03,-0.019066937119675442,0.0027048544987631207,0.00047338361570825604,0.009517604688728643,-0.008698638749042087,0.005101998207729386,0.002795212101733835,-0.014705888418954038,0.013211332805250775,0.015555555555555545,0.03462321792260692,0.017380239286142185,-0.005303476723629963,0.02342529932326909
2018-07-05,0.011579818031431044,-0.016185553791759677,-0.009581234324838706,0.004554229269235099,-0.031658641028819656,-0.018920124146129202,-0.011498255639887267,0.00790159755933062,0.003510516363956384,0.002188183807439792,0.0167322834645669,0.019583304723103767,-0.010071090047393372,0.025432349949135347
2018-07-06,0.005314799672935466,0.01179052072341813,0.031649274934191673,-0.0023860652855268727,-0.00035534028407402385,0.046566291685165906,0.007402237453820515,0.002613300334650015,-0.0016866238474350093,0.024017467248908186,-0.015488867376573068,-0.009807918996842191,0.046080191502094525,0.01736111111111116
2018-07-09,-0.006506710044733577,0.0006774447194564104,0.00902994250396949,0.003029519740003872,0.009242809535421115,0.00853929841116563,-0.010496840787028172,-0.009556959875251736,0.004505321951463248,-0.017057569296375252,0.017699115044247815,0.0028889680621826397,-0.025457665903890203,-0.009751340809361242
2018-07-10,0.02374130167826438,0.0035206789655057857,0.0039008297797769043,-0.003417794166802879,-0.0036984692754535864,-0.0022281640534742575,-0.014144257737559451,0.0008772130891636643,-0.003114635185254455,-0.017353579175705014,-0.010628019323671523,-0.027983474040199408,0.0005870267097152215,-0.03594288527818812
2018-07-11,-0.006797281087564944,-0.050330634546136954,-0.025828595842633972,-0.008773328737928576,-0.03358671646497535,-0.02456453840969197,0.014705842110124046,-0.010517080382459354,-0.016934318818628613,-0.025018395879323085,0.0,0.0,-0.026400704018773813,-0.04034729315628194
2018-07-12,0.0020128824476650653,-0.0007103640851712223,0.04692632684473774,0.0017701569725150357,0.01262113905380935,-0.0045787547067147605,-0.011311440400496031,-0.018600534885432007,0.01055170409569528,0.01584905660377367,0.005859375,0.002116817751229627,0.00030129557095515125,0.027142096860031995
2018-07-13,0.011249497790277285,0.009668708765417922,-0.003809909749321716,-0.004337369007279102,0.000722577146458514,-0.01517933710034991,-0.016088608859522124,-0.010830314655719264,-0.010001223136218429,-0.01857355126300153,0.001941747572815622,-0.0016899415039464127,-0.01927710843373498,-0.002072538860103612
2018-07-16,-0.04251092570520465,-0.04154350780017202,-0.000225019933831061,-0.0012100677876272226,-0.004693144957980677,0.003736514573390304,0.0025435934755442258,0.01642338545157651,-0.0002541879201901631,0.03482210446631351,-0.1027131782945736,0.01946682218190854,0.01904176904176902,0.014537902388369606
2018-07-17,-0.006224066390041472,0.00029392114573201233,0.0036003567136915215,-0.01001536601129005,-0.006347451541444893,-0.016286645413707723,-0.006886572298768989,-0.0008976865865026884,-0.012011447970988853,0.013167520117044695,0.0,-0.0029057573425004257,0.012055455093429757,0.01893551688843398
2018-07-18,-0.024217118997912346,0.009988253332648966,-0.004147927464640877,0.0004895958881911966,0.004562893767053433,-0.010406797595838402,-0.006934326036361571,-0.004492380073742197,-0.0027659377902017335,0.002888086642599319,0.010799136069114423,-0.015403864786930455,0.003275759380583665,-0.006529382219989999
2018-07-19,-0.019255455712451908,0.010180292706438943,-0.005966438909962846,-0.0031803182408656205,-0.0239825517804505,0.006214163817982454,0.0176406093526853,-0.009927766916486891,-0.010514100760122047,0.011519078473722022,-0.008547008547008517,0.0033826606763820433,0.0044523597506678225,0.019716885743174872
2018-07-20,0.01308900523560208,0.014396775312131238,-0.006342074389963814,0.005808225985058257,0.022338026936327582,0.05130642779932448,-0.00433372469913107,0.0136736203171397,0.009778332271070278,0.011387900355871894,0.005387931034482651,0.005478342630552913,0.004432624113475114,0.023301933564700006
2018-07-23,-0.009905254091300608,-0.036474591657929434,-0.00307723557830053,-0.004473363155754417,-0.003277517397566654,0.00903750552381255,-0.013057676369216176,-0.003597118908694741,-0.007876032434039115,0.005629838142153343,-0.007502679528403,0.00502929290926768,-0.0023536334215945587,-0.0043604651162790775
2018-07-24,-0.018268812527185707,0.009279676816642102,-0.0017148910916374716,-8.167940027570264e-05,0.023017889668905722,-0.006269633390685314,0.004042688930516958,0.00992776691648678,0.006181693573669822,-0.01469559132260323,-0.004319654427645814,0.0054212289656745405,0.01209082866411082,-0.0068126520681265346
2018-07-25,-0.005316792202038068,0.011383631741177735,0.01694919104564896,0.006127951507796325,0.0021428721656606697,0.00045068096559885973,0.015739378134207227,0.0,0.004526915441845247,0.02059659090909083,0.00759219088937102,-0.0008295502802718735,0.0032051282051281937,0.06369426751592355
2018-07-26,0.031180400890868487,0.004473269046788131,0.0025900418877802256,-0.004953691298520191,-0.0007127916835928394,-0.013063035569749415,0.0018017570632469226,-0.014298467686504446,-0.006116028267267759,0.006263048016701411,0.0010764262648008671,-0.003735996347771775,0.0005808887598024448,-0.011515430677107363
2018-07-27,-0.03542116630669545,-0.01321646546298838,0.00033695136143085946,-0.0022036016768054445,-0.005884449632287847,0.008215370802492572,0.015107933721349553,-0.013599240449833405,-0.00012954107248885904,0.0013831258644536604,-0.0021505376344086446,0.00041667620340990474,0.010740203193033482,-0.011183597390493905
2018-07-30,0.002686968204209661,0.020963673909315306,0.009993256389468241,-0.0010632478192137418,-0.00304927750828754,0.0086012186861526,-0.008858998983299338,-0.005514744392057569,0.0025265944219443615,0.014502762430939287,0.003232758620689724,-0.004164947126882423,0.0051694428489375,0.03016022620169645
2018-07-31,-0.03081732916480573,-0.01953508014889771,0.003668725316851029,0.001965039095882082,0.014393652832526804,-0.013464990838905289,-0.005362841206232649,-0.024953744150150947,0.0016154841947666476,0.013614703880190593,0.012889366272824887,-0.003345877215248594,0.03285714285714292,0.013266239707227845
2018-08-01,-0.04608294930875578,-0.015997650377347683,-0.013513527217535737,-0.004739664124574161,-0.029797839821112504,-0.016833470868382716,-0.008626947263559837,-0.006635132439145375,-0.006838706231886316,-0.019476158495634666,0.01378579003181346,-0.0033571096920764765,-0.018810511756569892,0.00812641083521437
2018-08-02,0.0009661835748793202,0.01921364694059724,0.004266841379177988,-0.005993963939393998,-0.0029250081572282927,-0.012494271775901233,0.021029764287177732,0.010496241904232928,-0.004222397048057713,0.004794520547945158,0.01673640167364021,-0.020631569310238462,-0.004792782633211146,0.0040304523063143805
2018-08-03,-0.012548262548262579,-0.006815563035715733,-0.008609170968721491,0.0029737119267618795,0.00971763354128874,0.009840703671876838,0.013139183619559791,0.02455148490420922,0.005023136664530137,0.008179959100204526,0.02777777777777768,-0.011607930142167988,0.004249291784702569,-0.007582515611061602
2018-08-06,0.03714565004887582,0.007592411865674942,0.00022560361874401913,-0.004612070343548269,-0.01180317007093934,0.009280742459396807,0.00245354702591416,0.011981489050324923,-0.007399735130362961,0.0033806626098715764,0.047047047047046986,-0.019138779401397854,-0.010155148095909783,0.03280898876404503
2018-08-07,-0.00895381715362864,0.002318447004232782,-0.005299370929814029,0.0008274036241935345,0.007350231991532841,0.002758648751795878,0.012937126100674767,-0.009107416390205292,0.0016348791854527978,-0.0006738544474393926,-0.02390057361376674,-0.032372486338562045,0.013679110857794274,-0.010879025239338591
2018-08-08,0.003804089396100885,-0.03223934923479943,-0.009408318063590215,0.0024801587802172342,-0.00018240195981644725,-0.011004168216915744,0.01794953607959382,-0.006433795412493448,0.0038519301273098883,0.0013486176668915384,0.033300685602350555,-0.023831368700111266,0.005060444194545877,0.0030796304443467815
2018-08-09,-0.01421127427759361,-0.0019421105179416864,-0.001487552973176598,-0.0005772317218930567,0.005473492081858433,-0.001854399175445276,0.002034602306637101,0.00277518333086757,0.0027965183693632323,-0.005387205387205385,-0.008530805687203769,0.008450718855547823,-0.006713286713286748,-0.009649122807017574
2018-08-10,0.0024026910139356428,0.012273607615463034,-0.01604402351140466,-0.0006601607492431327,-0.008346942933989077,-0.006038100479939579,-0.0037224765712390306,-0.027675293958666858,-0.009922814785978673,-0.03114421123899802,-0.018164435946462665,-0.01769083653933068,-0.04702900591382708,-0.03144375553587242
2018-08-13,0.016778523489932917,-0.0063581298630623895,-0.031679492212526195,-0.016348713695773287,-0.003842705342739894,-0.007009345794392496,-0.00475541404131552,-0.02277037684884109,-0.020503061022225655,-0.0034940600978337066,0.004868549172346581,-0.023222737547838546,0.00886524822695045,-0.024234110653863716
2018-08-14,-0.006129184347006156,-0.002380893452094579,0.003247585692123023,0.0014269714615955387,-0.017083016003913487,-0.01129408892463235,0.00989762566835517,0.0038834913701271123,0.004815057148070512,0.016129032258064502,0.008720930232558155,-0.010674488800967219,0.01288810779144689,0.015463917525773141
2018-08-15,-0.01185958254269448,-0.030280410972170824,-0.02793432116959771,-0.012992455993294239,-0.04429078601942993,-0.02522609661013775,-0.006421106013997591,-0.010638356743547184,-0.04019967433528737,-0.0020703933747412417,-0.04034582132564846,0.012751360307241333,-0.0080971659919028,-0.017535763728657172
2018-08-16,0.01008161305808919,0.006921964827800053,0.012950115918240135,-0.0011040754378981443,0.022096283998774835,-0.006835982101619509,-0.010884375587430162,0.006842683443877506,0.019138758195773153,0.010373443983402453,0.0160160160160161,0.013075082941957472,0.03265306122448974,0.018788163457022167
2018-08-17,0.005228136882129197,0.006874497157508541,-0.00462677786589305,0.00025510018753704955,0.004208883675639763,-0.004916420993153703,0.013067437039621765,-0.011650474110381559,-0.0055112864442040665,-0.002737850787132068,0.019704433497536922,-0.010516219529262294,-0.004517221908526214,0.03365606270170596
2018-08-20,0.03924349881796685,0.007889494980643397,0.016513742802704456,0.008754822633340487,0.014859986204517117,-0.039031591574675395,-0.001697255353896976,-0.008840879164034199,0.0026682783953817513,-0.006177076183939589,0.007729468599033895,-0.008212563769480985,0.00028360748723765816,-0.03256021409455845
2018-08-21,0.032302092811646865,0.013849136906802562,0.004813496188011079,0.004887029422976141,0.0097616002250005,0.007197912064186962,0.013260807390214069,0.007928634538775237,0.006550711234114548,-0.006215469613259694,-0.014381591562799612,0.02679002526377472,-0.008222285228239312,-0.02766251728907332
2018-08-22,0.018069634200088114,0.007572414963400886,-0.011736567148905364,0.00310252667946731,-0.007808197113251536,-0.015824353962791027,-0.008053667541774834,0.000983306667336814,-0.0010847228826552646,-0.020152883947185507,0.010700389105058328,0.02466795349362849,-0.018582046883933723,-0.0023707918444760834
2018-08-23,0.016883116883116944,-0.0004420686564553522,-0.009573355771569703,-0.007774010238681517,-0.005995890104981028,0.008298707569506902,0.0027063250204886202,-0.005893950669745407,-0.01411599825432619,-0.01631205673758862,0.013474494706448459,0.0,-0.01893387707544425,-0.0076045627376425395
2018-08-24,0.010642826734780675,0.013121028536386747,0.0009787617566929807,0.016259518810551876,0.017530619822710092,0.03446508445159169,-0.01585692697272678,0.010869531415134803,0.01734699852895072,0.005046863734679219,-0.014245014245014231,-0.0013889206535036003,0.0,-0.01388888888888884
2018-08-27,-0.02232518955349616,0.0021827928290798493,0.02090207964189128,0.002238208623549287,0.0022230612169542585,0.01292884518058246,-0.0140555800531027,0.02737054732891009,0.004398104008510151,-0.005021520803443313,-0.047206165703275516,-0.025498342366343185,-0.008610451306413247,-0.030111704711024756
2018-08-28,-0.011202068074105953,-0.004936894928496693,0.003472233323555951,-0.0013233875814205875,0.010720903765973677,-0.02552772226876099,-0.008344899176958465,-0.019029477156007113,-0.005187258489558255,-0.016582552271088735,0.0,0.00808753913376603,-0.017070979335130243,-0.0020030045067601643
2018-08-29,0.017864923747276773,0.014300355674742304,-0.010022626922323474,-0.0024018753978987117,-0.009144058977815672,-0.006045324676283048,0.015077132841030627,0.005819540591698091,-0.0053497983314994,0.0007331378299120228,0.018200202224469164,0.020292604735175246,0.003351614868982278,0.035122930255895746
2018-08-30,-0.03167808219178081,0.010645919163104534,-0.006628938696707776,-0.005645536594541256,-0.00682912103724842,0.0030410077822915493,-0.007253854433720841,0.019286384905717213,-0.014365433876371902,-0.00073260073260073,-0.04865938430983119,-0.012951002579860926,-0.004555116914667479,-0.015026660203587006
2018-08-31,0.02696728558797523,-0.00640565050878561,-0.0013346349526249801,0.0021709090442110224,-0.015424676167668405,-0.008590181913453732,0.014613714626075192,0.0028382864249465456,-0.002693963565122637,0.029325513196480912,0.016701461377870652,0.014995299556519015,0.016473459426479486,0.02066929133858264
2018-09-04,0.00516573396470088,0.0010028609135204203,0.0057101352769273195,-0.0063318314980242985,-0.024726320394797385,-0.003567772472630848,-0.031892983085852755,0.003773581171086837,-0.026111640269655068,0.009971509971509862,-0.03901437371663241,0.0018467643494524122,-0.0012004801920768582,-0.030376084860173624
2018-09-05,-0.008993576017130578,-0.01645915959170563,-0.01292582399858433,0.0018446158566753912,0.0034836707030945213,0.02404090510609813,-0.009918483309854675,0.023496239843346478,0.004053777166848738,-0.007757404795486589,-0.0010683760683760646,-0.01336409701987773,-0.0078125,-0.017901541521631037
2018-09-06,-0.0017286084701815252,-0.01382428056986873,-0.004038695811433457,0.002510670297685369,0.010028938543920507,-0.021478537049476,-0.008228980779795059,-0.008264476561111844,-0.0030457728544759366,0.004975124378109541,0.002139037433155133,0.006538972005894594,0.0015142337976983278,-0.01569620253164561
2018-09-07,-0.00952380952380949,-0.0002950663133676201,0.009216023904061954,-0.003589655848139972,-0.005728510573593137,0.008677959469103103,0.001442982826207917,0.019444447633170325,-0.0005683424706514062,0.0021216407355020284,0.0010672358591248265,0.006496580137056451,0.006350166313879635,0.0005144032921811093
2018-09-10,0.017919580419580416,-0.003099617482991257,0.021916511773448333,-0.0005026605212881119,0.002688768272882447,-0.013157925218653999,0.010086411274793816,0.017257000584331328,0.0008530662963968094,0.003528581510232831,0.01812366737739879,-0.0027663149752716887,0.0018028846153845812,0.036503856041131044
2018-09-11,-0.019750966079862597,0.02531831598005696,-0.010723239873780877,0.0020117555859702207,-0.00248994655423751,-0.013333364633413503,0.008559261303710874,-0.001785670038387921,-0.0019177801220925383,-0.0007032348804500987,-0.020942408376963373,-0.015718828406427354,-0.015896820635872833,-0.020337301587301626
2018-09-12,0.031537450722733285,0.01617332486039036,-0.003251796302973453,0.007779761224591786,0.02092928673660288,0.0171517835574011,0.0003535811515111842,0.0438282430896999,0.009963018991366646,-0.03870513722730473,0.0010695187165774556,0.0,0.010667479427003856,-0.024303797468354427
2018-09-13,-0.017409766454352438,-0.025294960057080096,-0.013774762689975462,-0.002241181440447937,0.0022569276135713245,-0.014818568940761723,-0.004241811219342861,0.0008569176363717457,-0.0034527014309347903,-0.015373352855051259,-0.01816239316239321,0.0018787696786588537,-0.007539203860072341,-0.020757654385054503
2018-09-14,-0.041054451166810724,0.005831776457727145,0.0034305166610473226,-0.005823627287853572,-0.013886260423598529,-0.009854819114102242,-0.017749362397436408,-0.04452058597406394,-0.007141330316028149,0.0022304832713755385,0.0,0.0,-0.0015192950470981348,0.01748807631160565
2018-09-17,0.0076611086074809265,-0.0011595043359490242,-0.0047618972207857935,0.003933013532949836,0.002283555406661808,-0.02095337940224873,0.016985880742973247,-0.04749101614854345,0.005697188772912698,0.03264094955489605,0.05767138193688792,-0.03422407617662526,0.002434570906877598,0.0546875
2018-09-18,0.0026833631484795006,0.013640904978337476,-0.02895350936695118,-0.0024171896822345884,0.02980816064169778,-0.015516286737229934,0.04228862866186245,-0.010348039086830352,-0.0026908446048383716,-0.013649425287356354,0.011316872427983515,-0.024757292205712544,-0.011536126290224602,0.008395061728394992
2018-09-19,-0.02096342551293484,0.018181879745229557,0.006064380521611623,0.004511950303676349,-0.0007374097051134898,0.0510869233504585,-0.0085237281348709,0.02281366546339325,0.0074553037944375955,0.007283321194464731,0.014242115971515812,-0.024888003793050895,0.019656019656019597,0.02350636630754166
2018-09-20,0.0027334851936218207,-0.004499433105542128,-0.007032495013299944,0.003327233540561192,0.004059010269066299,0.0315408805378794,0.023383795866471102,0.0037174684946250647,0.0018324069807964527,0.01952277657266821,-0.0010030090270812808,0.008167424510763688,0.02439759036144573,0.002870813397129135
2018-09-21,-0.015447523852794132,-0.0002825462090207953,0.002655862973101719,-0.008290499423652453,0.04244762041868966,0.0015037746955279818,0.00033599714282250837,0.0037037001061668295,0.0037987970621329303,0.013475177304964614,0.016064257028112428,0.0005063407028778055,-0.00352837400764483,-0.00429389312977102
2018-09-24,0.0313797877249653,0.018366813706954588,-0.006937379299088775,0.0025916216207941822,-0.007227197319558121,-0.014014029074025935,0.020490463136699555,-0.042435427276000026,-0.0012614513266859806,0.009097270818754444,0.024703557312252933,-0.005060747991468273,-0.007376807317792888,0.010062290368950677
2018-09-25,-0.017897091722595126,0.002774652374606612,0.02133875566547694,0.0005836330721065153,-0.004438937411736066,-0.014213213460699592,0.014483182622660795,-0.0019268263529059748,0.01031502034663534,0.009015256588072118,-0.008678881388621051,0.00457783078771179,0.005648038049940629,-0.01185958254269448
2018-09-26,-0.02004555808656039,-0.009822898401542601,-0.01753517719056885,-0.0050000000000000044,0.001248434035951762,0.006694145582835764,-0.01979237779984211,-0.04440154955511921,-0.006459192932397606,-0.0020618556701030855,0.005836575875486361,-0.009113939502571222,0.005025125628140614,-0.006240998559769562
2018-09-27,-0.017201301720130124,0.007684826800377742,-0.011139205739467917,-0.009798954080297295,-0.015140726846280983,0.015856808713634818,0.011585596455273572,0.015151573533783491,-0.007270191494865297,0.004820936639118534,0.0067698259187620735,0.0,0.00588235294117645,-0.008695652173912993
2018-09-28,-0.02696310312204353,0.015668291879973983,-0.01740912138422912,0.0077814013295471884,0.00813891804618705,0.03172199194034775,-0.01570683814288465,0.03681590831213977,0.029716211885598254,-0.023303632625085724,0.01729106628242083,-0.000510997906887023,-0.011111111111111072,-0.007797270955165692
2018-10-01,-0.03257170636849782,0.027986389785089605,-0.0007817246784567189,-0.003692844661403738,-0.004664518019337871,-0.002440214811585628,0.028590494358721408,0.11420341378793397,-0.013745483938352066,0.026666666666666616,0.018885741265344702,0.03629862020484875,0.014488468361915974,0.0009823182711199419
2018-10-02,0.048241206030150696,-0.0009296107833635103,-0.0015644735588252745,0.012888593330627529,0.007570348738319632,0.05332685655946556,0.023270777612110827,0.039621020822546926,0.013035621012126075,0.004784688995215225,0.012048192771084265,0.012826848693151094,0.009618187117458543,0.019136408243375813
2018-10-03,-0.03211888782358585,0.015685235311996282,0.003525680812362042,-0.0034098265990434307,0.009838967233866791,-0.009753860073150045,0.02021482373215311,0.013255994321252462,-0.0013688914825001897,-0.007482993197278964,0.0073260073260073,0.021919086241606323,-0.0051963048498845366,-0.007703418391911465
2018-10-04,-0.004457652303120341,-0.0272215905165063,-0.005985674607756342,-0.0009180485783387704,-0.020371970151767727,0.003283287796725931,-0.020123856605766877,0.008176646378798003,-0.005483202389950925,0.007539410555174708,0.047272727272727355,0.02764537351578178,-0.0026117237376668268,0.005337214944201918
2018-10-05,0.006965174129353269,0.0001344612752554042,0.0013090519036533799,0.003341129437972823,-0.005063355100273337,0.018700327789330284,-0.006951050442893569,0.02433091586303049,0.004066162255556005,0.0020408163265306367,-0.00347222222222221,0.0037105716923799825,0.011347105033459481,0.005791505791505891
2018-10-08,0.03063241106719361,-0.0006725238744436091,0.01895678674510104,-0.01398595358035326,0.001454084705764025,0.026617729298850534,0.03945277662074753,0.02454469225126421,-0.021278084592069035,-0.004752206381534285,-0.016550522648083654,0.005083207645753429,0.0008630609896431718,-0.013435700575815779
2018-10-09,0.015819750719079595,0.009018685700477258,-0.006928417996051595,0.002364004306059986,0.014519041811780431,0.011622736428186897,-0.0003060690336734728,0.002318445720121076,0.004909225707271592,-0.00545702592087316,0.013286093888396744,0.006896534185300007,-0.007760850819200971,0.0019455252918287869
2018-10-10,-0.014629542236904158,-0.023879414853116288,-0.007751918117475554,0.0017689502549060876,-0.009302333516447936,-0.011047282219559751,0.0055112943318209595,-0.009252111263569951,-0.005164376867797915,-0.004801097393689946,-0.006118881118881148,-0.0013698072976902065,-0.012456546929316303,-0.008737864077669855
2018-10-11,0.004310344827586299,-0.030066926380980963,0.00013013680258833205,0.028756369097582946,0.010111909494276983,0.008936550369650575,-0.018879426842883462,0.00544744690631771,0.019642211906230722,0.01791867677463821,0.0079155672823219,-0.022862367664066685,0.007040187738339698,-0.004897159647404559
2018-10-12,0.030042918454935563,0.005213401589734934,0.020309923676253838,-0.004413587588118051,-0.001430085305607065,0.03232950820680247,-0.01893230059063733,0.011609877526664869,0.0019952034807046992,0.012186865267433955,0.005235602094240788,0.0,0.01077774541217602,0.018208661417322913
2018-10-15,-0.008796296296296302,0.006167682422105081,0.004465975014098955,0.00681393070723324,-0.0044754915003732965,0.02402398411881501,0.025624830529344278,0.027544041220913362,0.006316946361582643,0.012040133779264162,0.04253472222222232,0.006083254827390361,0.02766570605187324,0.014983083615273118
2018-10-16,0.02475478748248472,0.0019503955423416652,-0.004954260462407989,0.0007338750783967285,-0.0035964721080695705,-0.014243795307720908,-0.0009253611614823409,-0.013402851905104596,-0.0017740190123197719,-0.007931262392597449,0.006661115736885881,0.012558160826217302,-0.007571508693213658,-0.0028571428571428914
2018-10-17,0.014585232452142272,-0.030172389101676966,-0.0052343119178484,-0.0029333476028844396,-0.0012633043894921814,0.04164897120550459,0.025007671866556835,0.036226380546138026,-0.0025974098779407706,-0.0026648900732845204,-0.023159636062861866,0.00689019822582404,0.0011302627860978465,-0.011461318051575908
2018-10-18,-0.03638814016172509,-0.015770587442596296,0.001668440527047066,0.00228818251193319,-0.010661369012081146,-0.004079967258661221,-0.03674698237117191,0.010196675017510648,-0.004043312447090219,-0.009352037408149605,0.0,0.0,-0.025119954840530645,-0.008695652173912993
2018-10-19,0.007925407925407857,0.006846339552169622,-0.001665661469946289,-0.000978353992560077,0.011141529016042373,0.00040963065229981943,0.016260177148436306,0.0014419940828187539,0.0031652432860389546,-0.01011463250168576,0.0,0.006843048266796936,-0.007817023740590567,0.003411306042885087
2018-10-22,0.026827012025901986,0.0007233133735047304,0.02695069973651565,-0.0033461988842417023,0.002167645305492405,-0.036445511907073125,-0.03446153494027948,-0.005039643395846727,-0.003909744040598739,0.006811989100817373,0.0008467400508043177,-0.018124133396525632,0.0020426028596440826,-0.013113161728994682
2018-10-23,-0.014864864864864824,-0.039612518957672704,-0.012871767339496909,0.009990233974772167,-0.009733219573117236,0.029324240573709748,0.02358186152788777,-0.0007235365722376708,0.01418533052970683,0.002029769959404515,0.0050761421319796,-0.0013844340812129152,-0.0011648223645893685,0.0019685039370078705
2018-10-24,-0.022862368541380906,0.005870832272419024,-0.024306851764404946,-0.004540275235196178,-0.00018200355449382588,-0.007018980056409663,-0.014321296807091155,0.014482244981038672,-0.007944026931328119,-0.00540175557056044,-0.017676767676767624,0.003234736450949516,-0.008454810495626797,-0.018664047151277008
2018-10-25,0.03369209171736087,0.007632477380420832,0.007914890525068108,0.0010587446702361447,0.000728233551418489,0.007484420173629047,0.011370819522852571,-0.0028551007280189777,-0.003148345798350216,-0.019687712152070658,-0.020565552699228773,-0.005527357758876694,-0.009997059688326981,-0.02452452452452447
2018-10-26,0.019013128112268074,0.0038614956151095114,0.01094230781129979,0.0027662716472203197,-0.0016373114435275227,-0.012381345283595246,-0.005309169413531212,-0.009305662988979058,0.0048060865441297285,0.018698060941828354,0.021872265966754068,-0.0060213555903866345,0.0038610038610038533,0.03694202154951265
2018-10-29,-0.024877832074633455,-0.008137231131272515,-0.017318230376823895,-0.006490872210953347,-0.002004314820269415,-0.04513164610959863,0.0,-0.024566484742727046,-0.0176289969118808,-0.002719238613188346,-0.018835616438356184,-0.023765067254928773,-0.007100591715976323,0.003958436417615063
2018-10-30,0.009111617312072884,-0.0128281712202718,-0.0034987255341811796,-0.001551673674203724,-0.027569840490707764,-0.0161925468194406,0.000627972840193447,-0.0133333559389468,0.0018084456528020265,-0.005453306066803054,-0.023560209424083767,-0.0033413651371643205,-0.006555423122765247,-0.014785608674223738
2018-10-31,0.008577878103837477,-0.013146006989576686,-0.0005201679419197802,-0.0084246090000748,0.00018774455137915425,0.0026689983833694253,0.023219291152471344,-0.00975976857502725,-0.01208080176710824,-0.004112405757368043,-0.011617515638963405,0.013409995110135187,0.006598680263947276,0.0015007503751875984
2018-11-01,0.013428827215756556,-0.02480476178905633,0.02823312713652326,0.01954957536691082,0.02177580168301052,0.04525293914477935,-0.007359684155692214,0.0,0.03513950360411,0.009635237439779676,0.017179023508137492,0.005198516594744573,0.035756853396901045,0.014985014985015033
2018-11-02,0.0013250883392226243,-0.008635566791014182,-0.0030367944764843058,-0.00412619383975521,0.029946741063661353,0.019100169284473,0.01451959576818429,0.01895375344604333,-0.0014936732071713088,0.012269938650306678,0.010666666666666602,0.006111855099615315,0.0071921749136938384,0.001476377952756014
2018-11-05,0.019850022055579952,-0.0006335273347167769,0.00101538050672767,-0.0008936351971079448,-0.01694609188310192,-0.024573132050357938,0.08617539563763676,-0.02157737878774224,-0.007003446572676486,0.007407407407407307,0.029903254177660488,0.005140215528616876,-0.0025706940874036244,-0.0029484029484029284
2018-11-06,0.028979238754325287,-0.014104586547865727,-0.018257923053878078,-0.004878841894434327,-0.00907279791614124,-0.03287786954986116,-0.003364128343123829,-0.01444863771064786,-0.009997254692686197,-0.00200534759358284,0.0034158838599487318,-0.009298036299920986,-0.001145475372279492,0.009364218827008441
2018-11-07,0.0016813787305589578,-0.008680291327349154,0.019759767186706245,0.0019610248798798136,0.008057159686836401,0.02075053840283525,0.0,0.0038580393971983096,0.004841589012152259,-0.0026791694574681557,-0.02212765957446805,0.004223376576415694,-0.004873853211009194,-0.00341796875
2018-11-08,-0.04951741502308016,-0.01621534019281945,0.0006332706729683668,-0.0026911816092136664,-0.005631269152525653,0.009083071501881257,-0.0033755509699008313,-0.01306687727157374,-0.009774242810944522,0.00335795836131636,-0.0017406440382942145,-0.007943928940388534,-0.00028810141169688386,-0.004899559039686419
2018-11-09,-0.0066225165562914245,-0.007911645899505215,-0.011644168756679063,-0.013492517516226044,-0.01845082801893061,-0.024003454908970823,0.04967544993179529,-0.00856702562650613,-0.019671903147098768,-0.010040160642570295,-0.006102877070618962,-0.0018840795591698045,0.008933717579250766,-0.011324470704086709
2018-11-12,-0.01822222222222225,-0.00431962664006158,-0.02189779952189519,-0.004227433258230051,-0.003164004821442079,-0.03249887569461163,0.018553375597336608,0.016496468633028893,-0.009146969647892411,0.0040567951318457585,0.0,0.004719225056601717,-0.0039988574692945145,0.03535856573705187
2018-11-13,0.0009053870529651675,-0.07074923505549546,-0.006808021232851513,-0.0017481874393484587,0.0033607404900097837,-0.008624644253078184,0.08262928102324119,-0.025502313323589765,-0.0015743747560620358,-0.012794612794612803,-0.0017543859649122862,0.021606344043750836,-0.005162030398623507,-0.023088023088023046
2018-11-14,-0.023971053821800092,0.010055690197529277,0.00698653803101279,0.0072548979289781546,0.008373664995725338,0.031593449396082995,0.1794684445643353,0.0031720827075396585,0.007382500239922374,0.0013642564802183177,0.014059753954305698,0.002298815497036699,0.0037474776592678616,-0.009354997538158494
2018-11-15,0.003707136237256714,0.0037333170572917407,-0.0018326926399663268,0.004056647334235608,0.014578334382070013,-0.023080323470069386,-0.16518499152793342,0.0,0.012949139542193011,0.0013623978201635634,0.012998266897746857,-0.014678885597399938,0.020964962665134923,0.00497017892644136
2018-11-16,0.012465373961218829,0.0,-0.0017048820120388886,0.006596305803030056,0.020007212400332985,0.023171243540665687,0.05794941133403397,0.003162052415751404,0.008498934627191757,-0.007482993197278964,0.020530367835757124,0.01396653402246506,0.003938115330520464,0.002472799208704357
2018-11-19,-0.017327861377108955,0.005313482853793516,-0.0031529884984776713,0.0018839504143370878,0.00017838880051646022,-0.002220248697938132,0.10018726351381901,0.008668291094477754,0.001601877963959053,-0.006854009595613442,0.020955574182732528,-0.011019272890350318,-0.020734099187447508,-0.016280217069560954
2018-11-20,-0.005104408352668233,-0.05866804289693062,-0.008039017296143647,-0.0033521181160790503,-0.01354968993258987,-0.01513125920187497,-0.03765958573603467,-0.026562511525116683,-0.009317838020723501,-0.002760524499654915,-0.0024630541871921707,-0.0032498421168770664,0.00829756795422032,0.004513540621865486
2018-11-21,-0.027985074626865725,0.022459306683238145,0.016474100550903703,0.005578382959905648,0.010121133702105878,-0.003163113143195395,-0.01591853938329335,0.017656522179395395,0.01635430658230086,0.0013840830449827202,-0.04032921810699586,0.0046576797702795325,0.002270147559591429,-0.003994008986520248
2018-11-23,-0.011036468330134386,-0.07706393587510085,-0.020781648449755163,-0.003915849760908308,-0.008588358160744658,-0.028558489924980113,-0.03212763851309952,-0.016561516805425724,-0.017886728778440664,-0.007601935038009655,-0.01715265866209259,-0.0023179989693066227,-0.0022650056625141968,0.002005012531328232
2018-11-26,-0.0019408054342552328,0.02399847169996905,0.03310202105639615,-0.0006552406454750637,-0.004331292454191615,-0.0013999208935399077,-0.01392756303564624,0.0008018664790214736,-0.0026721121978642293,-0.00835654596100277,-0.030541012216404928,-0.000929389281516313,-0.02128263337116909,0.015507753876938368
2018-11-27,0.014098201263976762,-0.0013557949520836,-0.008139597808688115,-0.0073758403213805,-0.017400795921309498,0.02336448598130847,0.0032956540694704106,-0.011217900223043697,-0.008531293771571247,0.001404494382022392,-0.02970297029702973,0.008837234142214712,0.015366772977674747,-0.01871921182266012
2018-11-28,-0.011505273250239645,-0.024631505506932605,0.012895734485530719,0.00842146107446462,0.031543996254264295,0.005479438119827318,0.10628814165755385,0.040518638072718494,0.017138399286650063,0.011220196353436185,0.07421150278293132,-0.002305262479393111,0.01713306681896065,-0.0010040160642570406
2018-11-29,0.02133850630455858,0.02306621249342533,-0.014403327106651265,0.0022105380038535127,-0.006437727983502395,-0.014532229757452497,-0.014634197647428127,0.0023364277737289996,-0.002097510011979775,-0.0006934812760055475,-0.03799654576856648,0.008780061895403923,-0.0036496350364964014,-0.0020100502512563345
2018-11-30,0.018043684710351338,-0.010106908650198476,0.006785024485936653,-0.003186034222568912,-0.00018005837221224397,-0.048387096774193505,-0.007318106018370685,-0.00233098160357037,-0.012541154892734219,0.017349063150589927,0.035008976660682256,-0.0027484867683039704,0.008453085376162406,0.03877139979859012
2018-12-03,0.0,0.039662290313365434,0.022680144076501207,0.011227728069510334,0.00792081910583109,0.002421307506053294,-0.05919335736474063,0.005451689563267692,0.020363254239398332,0.012960436562073685,-0.005203816131829964,0.00872754353301941,0.012293936853869702,0.0
2018-12-04,-0.018190298507462677,0.005665707889290994,-0.0017742619762441958,0.005835117132195533,-0.01821749599768485,-0.015458922455276247,0.027195101995781457,-0.01239348174308319,0.009735091270169471,0.008080808080808133,-0.011333914559720992,-0.0004552969922604344,0.006624344465912202,0.0067862336403297085
2018-12-06,-0.01282660332541563,-0.033051611671985004,-0.009521391798434475,-0.002417210586587615,-0.0029107277079505334,-0.01226692817745001,-0.02916752166415637,-0.008627424053117339,-0.009021387366603184,-0.006012024048096198,0.0017636684303350414,-0.013211886352960112,-0.002467781738415109,-0.02696196437168996
2018-12-07,0.04667949951876804,0.02175177501214076,0.028326157510333516,0.007026955345888153,0.006203233027302746,-0.018380511138347377,0.037208174180993314,0.018196165821928068,0.012647616553214336,0.005376344086021501,-0.008802816901408494,-0.005540116931215144,0.007971412864211214,0.028203859475507187
2018-12-10,-0.008735632183908049,-0.030602558290690807,-0.004362533826135939,-0.0024864433227795857,-0.014143258486469579,0.01670034256598152,0.012700570695891145,-0.011654982118421198,-0.006450718197542393,0.0006684491978610207,0.003552397868561208,-0.009749349252344164,-0.007635669484592267,-0.009143407122232938
2018-12-11,-0.04174397031539889,0.012745127958409874,0.0017526213628211718,-0.0014472355298531525,0.01747292083161045,-0.027874519735485936,-0.030363038311897905,0.008647771569814555,0.0014504702929258873,0.002004008016031955,0.010619469026548645,-0.0018752465223526027,0.00577081615828523,-0.009713453132588645
2018-12-12,0.022265246853823806,-0.009680541824369171,-0.0006247866091058096,0.0020130444889712162,0.000903852925217441,0.0010240498981926027,-0.061493057512922555,-0.007014820976077862,0.015587336514966577,0.0033333333333334103,-0.008756567425569184,-0.008924402343216675,0.005464480874316946,0.010789602746444249
2018-12-13,0.04166666666666674,0.02795699437960497,-0.007002595348826524,-0.0013661790492072168,-0.0021672536634949058,0.010741719199568456,-0.0029013741464113396,0.0007849473360672654,0.0002716271632863254,-0.001993355481727521,-0.0035335689045936647,-0.009478708972683103,-0.01413043478260867,0.024260067928190132
2018-12-14,0.016818181818181843,-0.0262457402065015,0.0023925803204865037,-0.004586747723374307,-0.0007240157196594099,-0.018724757554374527,-0.07201749867464946,-0.007843167174096166,-0.014664984425499461,0.0033288948069241098,-0.012411347517730542,0.011961722706365308,-0.007166482910694549,0.0
2018-12-17,-0.003129190880643673,-0.02578124365536505,-0.013316552498909506,0.00840745708493329,-0.0027168749745214438,-0.0232078398228438,-0.07812902899841578,-0.012648209663005394,0.00868189956579668,,0.03411131059245953,-0.0018912060945697196,0.00471960022209883,0.0142112742775935
2018-12-18,0.018385650224215233,-0.07297512653774241,-0.00878536329721169,0.0014429426988811223,-0.029785694348423153,-0.0036958657381201965,0.0878684616088996,-0.015212136418341293,-0.003688769795957114,,-0.00347222222222221,-0.0023685998561582267,0.003315833103067156,-0.004670714619336769
2018-12-19,0.0202553940995156,0.020761225121661564,-0.014643537726303224,0.0023215053853804513,0.018906745041009643,0.06889242294776365,-0.02918186212361873,0.013821144199818836,0.008021914696856758,,-0.0017421602787456303,-0.002848977562388444,-0.008537592949600659,-0.019239793524167048
2018-12-20,-0.019853258523953365,-0.027966094777283512,-0.02150960168910876,0.00918457010161533,-0.007165172787113705,0.01636094745506922,-0.03837899172746417,-0.0032076953485549176,0.0034689563499714637,-0.017026850032743956,-0.028795811518324554,0.0023809160505021687,-0.007222222222222241,0.00191387559808609
2018-12-21,0.0,-0.006320856773669115,-0.025046593586022903,-0.007755561053464088,-0.008697248894799281,-0.02731710294397871,0.06502931723452288,-0.007240559161564519,-0.011523085020325619,0.008660892738174608,-0.003593890386343168,0.0023753513644384494,-0.009792949076664836,-0.018147086914995225
2018-12-24,0.019374724790841125,-0.06712001235028109,-0.008608871970357312,0.010926743211311596,-0.003733429418797174,0.025075226444568832,-0.09145701742854817,0.004862193290151584,0.00809161551367743,-0.0019815059445178473,-0.0054102795311090635,-0.01232228550622072,-0.0008476970895733293,0.004863813229571967
2018-12-26,0.049244060475162055,0.08676234534016736,0.013094375027999039,0.0013411843565089843,0.014989680589680532,0.01663409616829692,0.021920961937474504,-0.0008063931867043905,0.020610808248215484,-0.01191264063534081,-0.0009066183136899886,-0.010556588855263227,-0.015837104072398245,-0.012584704743465625
2018-12-27,-0.023054755043227626,-0.034833417737565986,-0.0195918699511054,0.006382050084993374,-0.015137489665740356,-0.02069298839561029,0.027942415351814853,-0.011299462424809614,0.012463361654994953,0.0033489618218351946,-0.007259528130671544,-0.017943783907583666,-0.0011494252873562871,0.0009803921568627416
2018-12-28,0.014749262536873253,0.016139906093972423,0.0018041200002372193,0.0020355245334273686,0.004311108401933161,-0.007862437855113646,-0.0930807222341693,0.011428599454918587,0.008886855968497143,0.002670226969292422,0.0,-0.006913550106095734,0.015822784810126667,0.0019588638589618235
2018-12-31,0.0033222591362125353,0.0017647918183540945,0.00013844724335676517,-0.0012500785650582102,-0.019036909938468627,0.008915319990949078,-0.10990006630678428,-0.029055738529141784,0.006981560471513104,-0.0013315579227696217,0.006398537477148025,0.003978116423570599,-0.0002832058906825363,-0.016129032258064502
2019-01-02,-0.009105960264900625,0.024884410304168547,-0.018836574346762114,0.0021121419609975156,-0.0011415604858767692,-0.023073132148531128,0.0061224105837087706,-0.008312504573157797,0.0070628010588855705,0.0020000000000000018,0.01089918256130784,-0.0009906120472822355,0.013881019830028318,0.00695479384003983
2019-01-03,0.0025062656641603454,0.011817774521724278,-0.0001410856486816492,0.008430951466139813,-0.020761943998790944,0.026633181164612107,-0.00439486534387612,-0.02011741145457957,0.010552085516766008,0.010645375914837052,0.0008984725965857088,0.008428362699599123,0.006146968426934851,0.013813517513566742
2019-01-04,-0.016249999999999987,0.018475237397869382,0.023859872487971057,-0.0070445094536923936,0.03151141524643508,-0.005384268659246905,0.033616291801679354,0.020530430573771685,-0.0007004095893268225,0.008558262014483287,0.0053859964093356805,0.005408092897067451,0.010274923632324295,0.006326034063260266
2019-01-07,0.020753917831427326,0.011676425854485029,0.0031715853223992507,0.0031964588854191955,-0.003960005384312515,0.011318912826281391,-0.032851480807343014,0.06035199454623008,-0.001656580018714937,-0.001958224543080922,-0.0017857142857142794,0.017603847900844016,0.0030236393622868896,-0.0004835589941972751
2019-01-08,-0.011618257261410747,0.02596863787398407,-0.014845385993878857,-0.002797713335128127,0.007383573239956753,0.02238445792465016,0.007812500632691899,0.008695700685273478,-0.0027442254437684,-0.005886200130804431,0.011627906976744207,0.008169153323245748,-0.006577144423129622,0.0019351717464926033
2019-01-09,-0.01301427371956343,0.0518280814447849,0.02037113327435902,0.004753816932956623,0.0005637629216952433,0.002379819064610933,0.0057296797782153686,0.00862066259436789,0.0017278556811151091,0.0052631578947368585,0.010610079575596787,0.0057197732055149775,0.0057931034482758825,0.004345726702076336
2019-01-10,0.007656316461080337,0.004392657363545993,-0.0038287814824686794,-0.003567903111794002,-0.006949606174951772,-0.009971538664074964,-0.005026764962663632,-0.015540000858084602,-0.005877468111343487,-0.015052356020942459,0.01049868766404205,0.0042654099981405125,-0.017553483269336256,-0.012019230769230727
2019-01-11,-0.005487547488391753,-0.019015021812103794,-0.0049416694288531016,0.0018681594965994641,0.009835453756943613,-0.0038369450923636528,0.04378574321187645,0.008681898659421483,0.0010281983252815596,0.0053156146179402786,0.020779220779220786,-0.006135019577101497,0.0041876046901172526,0.01119221411192206
2019-01-14,-0.006366723259762286,-0.020934325021522815,0.006897503307141006,0.0015538808468158471,-0.008990510146074326,-0.010592185751405747,0.15876092501793337,-0.002347396995149742,0.002054345661978596,0.0006609385327165374,0.01781170483460559,-0.00949662206374946,-0.009452321378926931,-0.0101058710298364
2019-01-15,-0.0286202477573686,0.03167694203102456,-0.00863128198186569,-0.0022496505073195117,0.001890045188229994,-0.0141118924403133,-0.025062698574255582,0.032156850777420365,-0.0040361764485031815,-0.01915455746367234,-0.025000000000000022,-0.0047938820011396155,0.002806623631770977,-0.006319883325230924
2019-01-16,0.02110817941952514,0.0038380495221050914,0.012575953911540871,0.004198433073444363,0.016223347245656106,0.010858819753036597,-0.033418985147223634,0.0007598958205006223,0.0011578929158546636,0.007407407407407307,0.01025641025641022,0.008188828247575719,0.0013993842709207893,0.0029354207436398383
2019-01-17,0.005598621877691556,-0.004588064847372397,0.015013049732679695,-0.00046452121189100026,0.0024132190906935858,0.0,0.008569752756979021,-0.024297622852730294,-0.006232338811486771,0.016042780748663166,0.0008460236886633776,0.003344466975803595,0.014812744550027901,0.0102439024390244
2019-01-18,-0.011991434689507474,0.033224496876812726,-0.006454260309351034,-0.007513517561483329,0.01518514394433157,0.024902298675443246,0.020216819092486515,0.014007731218516728,-0.008857573146425435,0.004605263157894779,0.010143702451394843,0.011904761904761862,0.009914624070503919,0.0
2019-01-22,-0.02644126571304728,-0.022862445347193172,-0.010285588611561702,0.0009365106736494155,-0.018971195538293184,-0.015245340835123189,-0.12693858024000304,-0.007674553326533884,-0.004631448110598901,-0.007203667321545537,-0.0058577405857740406,0.0023529052734374556,-0.008181074447777492,0.006760019314340893
2019-01-23,-0.00044523597506673784,0.0009510982946698832,0.005332960540077369,0.0004678172210039744,0.001859469930486135,0.0004838224721439577,-0.019736823530408287,0.003093577796515312,0.00380107249768602,-0.0006596306068601399,-0.007575757575757569,0.010328696177619445,0.006323893318669338,0.009112709832134192
2019-01-24,0.004899777282850737,0.009692173063147624,-0.005168624466385996,-0.0031174499852775206,-0.007609482050240479,0.018375256265381834,0.03993287156935277,0.0007709541250311425,-0.005157698701808822,-0.0046204620462045876,-0.013570822731128085,-0.007899631630008397,0.0010928961748633004,-0.008555133079847899
2019-01-25,-0.013741134751773076,0.010540138289773626,0.01353565589323269,0.014306973010254298,0.024125623178976152,0.014245013832171693,0.025492093181274766,-0.04160246385956268,0.026315791120665066,0.008620689655172376,0.0008598452278589797,-0.00046839478703308846,0.01009825327510927,-0.0028763183125599667
2019-01-28,0.011235955056179803,-0.03166319597178191,-0.0037771319259554126,0.0038538614967715823,-0.01844408970947764,-0.03885769107953785,-0.08401509194119694,0.028135079845311495,0.004475970017098874,-0.0013149243918474385,-0.018900343642611728,0.004686053456171013,-0.0021615779519048584,-0.0024038461538461453
2019-01-29,-0.015555555555555545,0.025389491290802146,0.004062329830148093,0.004453260633515255,0.01655818140783971,-0.00048712178289844754,0.01339746965077282,-0.007818638136668055,0.004901688189955289,-0.006583278472679366,-0.012259194395796813,0.0004664285742881358,-0.00460330354725158,-0.010602409638554189
2019-01-30,-0.01760722347629795,0.017257515386338795,0.002832084695228998,0.0012995515254869971,0.01500727953329295,-0.004873294419454721,-0.032542357484488416,-0.012608341426538994,0.005954634560477734,0.01060304837640813,0.0008865248226950229,-0.008857833440542029,0.0021762785636560977,0.006819288845591798
2019-01-31,-0.003676470588235281,-0.008113565008723622,0.0005379359225257119,0.007481431082647871,0.005769935958860994,0.03721844376639227,-0.014015486681307032,0.01596167705725171,0.008942017863136531,-0.012459016393442601,0.0008857395925598865,-0.0018815105878033922,-0.006243213897937028,-0.0004837929366231508
2019-02-01,0.0,0.027328451031528367,-0.010215082266713527,-0.0021216389038479777,-0.005019698383831539,-0.020774358318579433,-0.028429256146713322,-0.010212031849277214,-0.008862766843703351,0.004648074369189903,0.02123893805309729,0.003770024801824867,0.0027314941272875704,0.015004840271055198
2019-02-04,0.027675276752767486,-0.01266733567687095,-0.011949989960777563,-0.001974315086746503,0.007207200086191579,0.0183220981850869,-0.027066526196786733,0.01984126924056806,-0.0027078224774909065,0.0026437541308659274,0.0017331022530329143,0.0028169659831074334,0.0008172160174340082,0.0028612303290413976
2019-02-05,-0.004039497307001816,-0.016495628724809475,0.008796033134388148,-7.616042952995894e-05,0.007871139666367544,-0.007102272829897838,0.0007518251793137143,-0.0023346837163343848,-0.0029677294722760816,0.0039551746868820015,0.007785467128027745,0.005149751866094121,0.0019052803483941005,0.0028530670470756636
2019-02-06,0.01712483100495721,0.006522520967505718,0.0035422633627439915,-0.003576283173412076,0.006567302173087652,0.0061993470227788006,0.0,0.006240243807365431,-0.008486372694594957,-0.001969796454366346,-0.012875536480686733,-0.014904504194612422,0.0016299918500406463,-0.0023707918444760834
2019-02-07,-0.015950376606114314,-0.025365654035552243,-0.011539588124577671,-7.634638101372548e-05,-0.002468689641231925,-0.011374378656324069,-0.041697905740827546,-0.01317830087760219,0.0012135956335654896,-0.009210526315789447,-0.004347826086956497,-0.007092180673083925,-0.009221589368049954,-0.024239543726235713
2019-02-08,-0.011256190904997743,0.0015197916410010226,-0.003570862732507396,0.003283890848968518,-0.006540600824927467,-0.016299180516736067,0.012544031731819727,-0.0015710530093108188,0.006251966287811106,-0.005976095617529875,-0.006986899563318771,-0.012857164655412978,0.0013687380235423152,0.007793472966390658
2019-02-11,0.012750455373406133,-0.005880147308670369,-0.027567193878312857,-0.0051000619783067025,-0.006583577083103864,-0.023391828085497113,0.022841663384526756,-0.0031471252346950696,-0.007354350929782538,-0.004008016032064132,-0.0070360598065083435,-0.009165394640837876,-0.010388190267905939,0.0019333011116482446
2019-02-12,0.0013489208633092886,0.013165400280821693,-0.010914305303375227,0.0016832067114576077,-0.006089986676232395,0.0024950100560297006,0.017411053940986188,0.014206811688388887,0.00019162416033480234,0.014755197853789426,0.016829052258636068,-0.0019474641550334404,0.013812154696132506,0.0033767486734201935
2019-02-13,0.009429726088908907,0.015065971275831647,0.0011464865642620836,0.001222195016748806,-0.00018019959618786885,-0.01543051736638612,-0.042038659821475255,-0.007782130622652095,-0.0022988666743805064,0.0013218770654328527,-0.018292682926829285,0.000975632086032796,-0.0010899182561308063,0.004326923076923173
2019-02-14,-0.007117437722419906,0.009461935196575899,0.003864824516282672,-0.0007628928614200614,0.0007210142433187183,-0.010616815324143936,-0.0007767353099205065,-0.010980419084137605,-0.007936482261345912,-0.010561056105610533,0.0008873114463177068,-0.007309922767254173,-0.014184397163120588,-0.02920057443752988
2019-02-15,0.03360215053763449,0.02168719552444376,0.001283387577500239,0.0063367891650625285,0.009546104621781959,0.001021956828620052,0.02020988989564798,0.04203019041042255,0.014387069209929493,0.0,-0.022163120567375905,-0.0186549363013937,0.004427227448810189,-0.005424063116370781
2019-02-19,0.014304291287386306,0.008994423432767684,0.0027058165494624475,0.016690691455494733,0.028189115402843967,-0.007656968079297721,0.014095215570359088,0.015981737645363703,0.014246643973709894,-0.013342228152101399,-0.020852221214868516,-0.013006514850364748,-0.007438016528925617,-0.028755577590480863
2019-02-20,-0.017948717948717996,0.014797611233722252,-0.0018463978987471874,0.002387936199154339,0.016831532513914782,0.003600885951694055,-0.009767101226780928,0.006741512834598673,0.01316862382107109,0.0027045300878971723,-0.0009259259259258856,0.017232648782380622,0.0019428254232582987,-0.018376722817764146
2019-02-21,-0.018276762402088753,0.0007027567957507141,0.02717705884013233,-0.014739855660243828,-0.009385717392944137,-0.01486421868041743,0.023141164877396703,-0.014880938653975218,-0.022652672596049528,0.012811867835468727,0.000926784059314123,0.01743898289943613,0.009418282548476542,0.011960478419136722
2019-02-22,0.005762411347517649,0.005266840622936808,-0.004848401325373453,0.004306725479316098,0.02015505709847898,0.003642023721939447,0.007415639869668089,0.009818739931136689,0.007409259923140787,-0.0006657789613848664,0.0037037037037037646,-0.001958908686478522,-0.0008232711306256357,0.0005138746145940676
2019-02-25,-0.009695901278096053,-0.031086252732695052,0.0012528392521324871,-0.0024826413474535736,-0.0037149335060961963,-0.0005183558729412452,0.04379829138909663,-0.02019442830220075,-0.005217512141392655,-0.012658227848101222,-0.0073800738007380184,-0.008832110168761065,0.001647898928865743,-0.04108885464817669
2019-02-26,0.008900756564307999,0.00036049852070463295,-0.0150146229177337,-0.0006034005682129528,-0.0020339124965035316,-0.029564299056115684,0.006699595781302525,-0.016793913024613638,0.00012637314790575616,-0.011470985155195734,-0.013011152416356864,0.026237562340554632,-0.008774335069920536,-0.013926084627745028
2019-02-27,0.016321129245699062,0.025945921201963706,0.0047989269528261325,-0.005584502717080109,0.005095144318960632,0.022982296379989053,-0.019614708898015087,0.0023291717938385137,-0.009793374376619868,-0.0068259385665528916,-0.034839924670433176,-0.007718275491811699,-0.0002766251728907321,0.0016295491580662347
2019-02-28,-0.02864583333333337,0.004917502647476368,0.007725739619351302,-0.003718526618591955,-0.0030415892551622914,-0.005224660563682315,0.0046445199460265485,-0.013942703896457687,-0.008550269596160454,-0.004810996563573866,-0.01658536585365855,0.010695246668306124,-0.006640841173215284,-0.018438177874186557
2019-03-01,-0.00893655049151032,-0.0248165318655883,0.013799909710675351,-0.012492400825778516,-0.005593218955456725,0.01838235353044637,0.016714057869750443,-0.008640978839966396,-0.023748257970066966,0.005524861878453136,0.003968253968253954,-0.010582068831888058,0.001949860724234087,0.0033149171270718814
2019-03-04,-0.027502254283138017,0.014157722694065011,-0.010449637029447678,-0.008947836599417225,-0.007670031618196127,-0.029396581370111807,-0.000699494600974071,-0.02060223702373809,-0.010020401928875322,0.0027472527472527375,0.009881422924901129,0.015070465266967537,0.0044481512371421505,-0.0159691629955947
2019-03-05,0.00046360686138147145,-0.0005301074256226501,0.02056406422726753,-0.0021793654434236753,0.008588146771819849,0.024973416708049978,0.00945045479364448,0.006472485916521498,0.00019979086100962995,0.00273972602739736,0.0029354207436398383,0.0033525672886225433,-0.002214226404649855,0.016787912702853847
2019-03-06,0.040778498609823854,-0.0060113179691053675,-0.005445798680784653,0.0022621095273498426,-0.005960545462060596,-0.009849631708666484,-0.01490984115651861,-0.022508017879094178,-0.0011318374065342196,-0.0095628415300546,0.013658536585365866,0.014319772130569453,-0.01276005547850212,-0.03026967528893776
2019-03-07,-0.028049866429207482,0.007826371703224977,-0.015742662256483464,-0.0008560787337824616,-0.0023984819635136656,-0.019371711770901467,0.008799667808490952,-0.0016446960806181243,-0.002866108145635815,-0.017931034482758568,-0.01443695861405192,-0.008000003590303284,0.0011239112110144056,-0.020431328036322416
2019-03-08,0.007329363261566746,-0.010412992484588601,0.02211399588522034,0.01028193696045121,-0.006010621275503003,0.017618809385955503,-0.0003488930714278249,0.0032948896805451433,0.02085563327958706,-0.0035112359550562022,-0.0068359375,0.004743851130533772,-0.007858546168958758,0.0028968713789108147
2019-03-11,-0.004547521600727578,0.012841113333724286,-0.003946127690259704,-0.006322244542694699,0.002073269471646544,-0.013641164849194976,-0.03246071024103914,0.00903117027267264,-0.004910997996547151,-0.006342494714587699,-0.003933136676499527,-0.011331433789428025,-0.006789250353606779,-0.024263431542461023
2019-03-12,0.006852444038373706,0.0014086637624186604,0.022541005391647495,0.005819366632410894,0.00948272871205802,-0.012765924981299914,0.004328948478623751,0.0032546755066871214,0.009278196476745215,0.01134751773049647,0.021717670286278468,0.0014326064246312775,0.007974935915693537,0.056838365896980436
2019-03-13,-0.00045372050816694376,0.02444169888790193,0.011623283424418984,0.008639937321609947,0.002049544642911627,0.017780106058446155,0.012931039650620813,0.002433068382548198,0.0028034467821078657,0.0021037868162692153,0.004830917874396157,0.010491236428559203,0.00480361684091557,-0.013445378151260456
2019-03-14,-0.0009078529278256919,0.006007591810880619,-0.018753277153369385,-0.010783920142208414,-0.015340063236392143,-0.005293806417738689,0.012411378247956462,0.004045322987355604,-0.018204261159078028,0.011896431070678837,0.0,-0.0018877260273331142,0.0005624296962880582,0.01817149346961955
2019-03-15,-0.0018173557473875057,-0.00153557672156035,0.016150698505439598,0.006494529345526967,0.005193043113359552,0.006918590175548411,-0.021015741638773178,0.008863868791626262,0.01006558697672788,0.03250345781466124,0.06538461538461537,0.014184451528137965,0.02220348510399095,0.031232571109871765
2019-03-18,-0.000455166135639562,0.009740254449170926,-0.0030464020785906376,-0.0011522506865400128,0.0,-0.010042251200480412,0.019677934467733804,0.02555908012174135,-0.00013111224070627703,-0.0046885465505692725,0.0036101083032491488,-0.0009324222401999593,-0.003849326367885597,-0.01189832341806385
2019-03-19,0.002732240437158362,-0.0010154234749716329,0.005048557190914904,0.0036145128011881855,0.0055106016819286285,-0.002135660164206743,0.008421111806940162,-0.004672929821157856,0.003278423430259636,-0.0006729475100941684,-0.017985611510791366,0.006066223001182314,-0.0019321004692244292,-0.0005473453749316182
2019-03-20,-0.0267938237965486,0.013552482945982991,-0.0019828357283984133,-0.0034482758620689724,-0.001370161591360497,0.013911215561385415,-0.018789192023181522,-0.003129887534334741,-0.003659875640267929,0.0006734006734006037,0.005494505494505475,0.014842286769520152,0.0022123893805310324,0.01807228915662651
2019-03-21,-0.005132991133924403,0.0025070651277130374,0.02225165967120235,0.004306017367118331,-0.005316354190168848,0.0005277366940139583,0.0003546687812083782,-0.01883828692542433,0.00833059075072895,0.012786002691790088,0.022768670309653904,0.01325415569701427,0.004966887417218624,0.0037654653039267405
2019-03-22,0.012664165103189573,-0.01567186785400132,-0.007774014922889982,0.004211009955445988,-0.022069009515531812,-0.00949368667622863,-0.02410495420436487,0.0055999755859375,-0.0017564060647533575,0.0053156146179402786,-0.00801424755120217,0.011276499735664025,-0.007413509060955503,-0.001071811361200381
2019-03-25,0.02640111162575276,-0.003726307880955071,0.01501699527790512,0.007853041338708122,0.0047602169844487285,0.0037273532314547886,0.0007265141463277391,-0.007159916847487957,0.010557165176575234,0.00396563119629878,-0.011669658886894085,-0.004014279762784345,0.003042876901798053,0.007510729613734002
2019-03-26,0.009476534296028793,0.019041124408290644,0.0020583561791467364,-0.005749281674539808,0.00035099700301266523,0.011671071343459793,-0.005444683949575424,0.00881415179377898,-0.00877021215148488,-0.006583278472679366,-0.008174386920980936,0.008508756592332523,-0.006343077771649219,-0.0005324813631523151
2019-03-27,0.004917299955297327,-0.008842155346008185,-0.01206833288961584,-0.003347808149277376,0.0026310938297726683,-0.015731515721073785,-0.009853996465314041,-0.0007942993455627434,-0.008587597878650155,-0.009277667329357198,-0.011904761904761862,-0.010213123337527996,-0.014709963918956404,0.0005327650506126158
2019-03-28,0.0040035587188611554,-0.0018515504230615099,-0.014035012923867662,-0.015344663876106557,0.0036738817622385955,0.0015983114365234474,-0.00036865680705244763,-0.003974577983950622,-0.020867562620273117,0.0006688963210701449,-0.01853568118628357,-0.021534384471495915,0.0022535211267604716,-0.010649627263045747
2019-03-29,0.010190518387239722,0.014165264138197742,0.02293393700777102,0.0024809668558956055,0.023531502379489755,0.005319148936170137,-0.018436561314720268,0.0,0.009315789628425497,-0.046791443850267345,0.016052880075543063,-0.005043498656416734,-0.00590219224283306,-0.014531754574811595
2019-04-01,0.020614035087719307,0.02411042197630997,-0.0032212343516804243,-0.0035575990610499097,-0.0052793147447511846,-0.02539684154369215,0.017280242237580845,0.011173211995716192,-0.0005976612182904129,0.014726507713884951,0.03531598513011147,0.0009215921526231075,0.012722646310432628,0.010922992900054718
2019-04-02,0.01246239793725823,0.01607406520561927,-0.0011634432080538382,0.0012418313843676199,-0.005649716130459614,-0.004885960431026848,-0.008862603367178257,-0.0007892840427481396,-0.0021925448911574996,-0.0006910850034553828,-0.0017953321364452268,-0.005985228585466462,0.005025125628140614,0.0027012425715828847
2019-04-03,0.008488964346349714,-0.0019175893747335193,-0.00284707649626037,-7.750045421506258e-05,0.014634992572817973,0.040370942571096746,-0.0026080363050023925,-0.018957328120918104,0.0027300817132152044,0.003457814661134151,0.02607913669064743,-0.011579434841737735,-0.001388888888888884,0.015086206896551824
2019-04-04,0.016414141414141437,-0.005763698617169188,0.0035041743331929442,-0.0006977474199765243,-0.012896693025546635,-0.0005243358485931271,-0.01270084338010391,0.023349433178068146,-0.0011952751862416289,0.00689179875947632,0.011393514460999121,-0.011246474667389372,0.008623087621696834,-0.0005307855626327518
2019-04-05,-0.0008281573498964967,0.015781052834356935,0.01202793984540107,0.0010861322064099621,-0.005501128645781672,-0.022035740149715433,0.00794557236473259,0.003933925301714769,0.00013296024152742447,-0.007529089664613298,-0.0034662045060658286,-0.0033175210217386564,-0.008273579702151146,-0.006372809346787078
2019-04-08,0.0070451719850808114,0.020925803051806025,0.008562276919428902,0.005192150530931139,0.012791765001453959,-0.002682403521309551,0.016516482652990216,-0.01489032371861232,0.008641900719861484,-0.006896551724137945,0.0,-0.009034737415784866,-0.0002780867630700623,-0.005344735435595993
2019-04-09,0.006584362139917754,-0.006521769777812825,-0.010517002664874542,0.004934102640138827,0.0006826608537948697,0.007530980103490625,-0.003323509278559289,0.016706447354445153,-0.0003295402577139228,0.0,-0.021739130434782594,-0.012476018569008929,0.0,-0.012358946802794146
2019-04-10,-0.0012264922322158256,0.00984684389844892,-0.006018614590209026,0.004296107085490997,-0.003070122146113685,0.006406817558409772,0.00037056909342458866,0.002347471617554886,0.0021756323766641827,0.004861111111111205,-0.008000000000000007,-0.005345024818238842,0.003616133518776099,-0.0032644178454842576
2019-04-11,-0.022513303315595534,-0.015941785630193217,-0.008245289448622461,-0.015659613766950464,-0.012489299716679558,-0.04244031830238726,-0.013333338042836096,-0.01170964615855008,-0.024800990049565264,-0.004837595024188013,0.0035842293906809264,0.004885216649933577,-0.007483370288248303,0.005458515283842891
2019-04-12,0.015075376884422065,0.004875708550897473,0.014679101119007498,0.0015520720455473036,0.020790084166056655,0.001662066768741255,-0.0015014821509150567,0.00868883188604852,0.006475965690113439,0.002777777777777768,0.025892857142857162,0.01701508928839668,0.0,0.008686210640608039
2019-04-15,-0.007425742574257432,-0.007669398473165723,-0.020740017077497508,-0.0029443102663064824,-0.004073348105681052,0.011061946715938076,-0.026315853158898173,-0.008613986406295404,0.00187666741196435,0.00484764542936289,0.006962576153176636,0.0090822434686757,0.0039095224797542905,-0.01076426264800856
2019-04-16,-0.017456359102244412,0.010252389751340685,0.01895678674510104,-0.011035182393037135,-0.0011929054952313223,-0.00984684366360844,-0.006949763730862424,-0.01184831124314234,-0.0038132298897405326,-0.010337698139214369,0.019014693171996555,-0.003789669417007313,-0.011961057023643917,-0.031556039173014194
2019-04-17,0.02368866328257191,-0.004527786360763453,0.002181141437262779,-0.00031433633642674597,0.015355767215603056,-0.03812151324024515,-0.021384162591828737,-0.012789755754177956,0.0020146218109053926,-0.002089136490250665,0.016963528413910023,-0.003328654298014544,-0.010135135135135087,0.004494382022471877
2019-04-18,-0.016528925619834656,0.003764141856724912,-0.010242005447530289,-0.00023575441701295663,-0.01613177467710325,0.036186028558913064,-0.010727036487326091,0.033198367186067834,0.0010723643313395037,0.0006978367062107083,-0.025854879065888237,-0.005248029952654831,0.0017064846416381396,-0.00615212527964204
2019-04-22,-0.014285714285714235,0.02656245231628418,-0.0015521293620085475,0.001257941312387878,-0.007173324809173542,0.009977844305198103,0.013654586249452594,-0.017241399928100698,0.0013389237277638966,-0.010460251046025104,0.003424657534246478,0.002398044899077467,-0.003975014196479276,-0.019133370849746756
2019-04-23,-0.01790281329923271,0.00913251341530974,-0.008032163842107254,-0.0032979593026108978,-0.002752497899020989,0.004390796186374724,-0.027337562460899245,0.012759158524627834,-0.012301933407810495,-0.009866102889358741,0.005119453924914641,-0.021531046115036534,-0.01710376282782211,0.0068846815834766595
2019-04-24,-0.01909722222222221,-0.006184067017150796,-0.010447996016015204,0.004884543396653118,0.006555133217462261,-0.011475443188609935,0.0028513114867452227,-0.0015747641251746547,0.008461382386868666,-0.012811387900355853,0.01018675721561979,-0.006357020208567876,-0.007830626450116007,-0.014814814814814836
2019-04-25,0.01504424778761071,-0.010320235414702617,0.015837463782526484,0.00023524016317133523,-0.013710355301293276,0.017689399198445477,0.021121059314516577,-0.025236643595971775,-0.002483534906765783,0.00216294160057684,0.0117647058823529,0.0,0.004676995030692854,0.005783689994216301
2019-04-26,0.021795989537924942,-0.029289984269711522,-0.0028582722776928637,0.007132760023246698,0.03214594945277649,0.0070613131443233446,0.020684187366280637,-0.008090568816592758,0.009487907504693638,0.010791366906474753,0.02574750830564776,0.0034448669230073836,-0.0064009310445155565,0.0005750431282345314
2019-04-29,0.020477815699658786,0.003159569752764879,-0.008078211681850522,-0.004903143208358163,-0.02525254106438879,-0.01456309081514695,0.010522194298320908,-0.05138663153992262,-0.010531928669330615,0.002135231316725994,0.027530364372469585,0.011770464850529017,-0.007320644216691097,-0.018965517241379293
2019-04-30,-0.010033444816053505,0.006456690510426855,-0.0019702338354891102,0.003284900142644487,0.002245252423098698,0.005473453840742604,-0.006941723068492278,0.030954398377884385,0.0037725516287696603,0.0035511363636364646,-0.0386130811662726,-0.0038778442540218228,-0.007374631268436627,-0.019332161687170446
2019-05-01,-0.022804054054054057,-0.00485059261510179,-0.0009212910204199343,-0.0010913816345279326,-0.03394796271056166,-0.022318948899502367,0.01747566487070351,0.01834864647443535,-0.017114038073495874,0.019108280254777066,-0.0024590163934425924,-0.0019464238279179868,-0.002080237741456159,0.015531660692950977
2019-05-02,0.02549697493517722,-0.028144609178857638,-0.01659863095039482,-0.009130695348267603,-0.006778470776584555,0.005011101703223941,-0.011832023001751901,0.0016379610177619242,-0.0071697161234967055,0.005555555555555536,-0.021364009860312283,0.015114552046949559,-0.010720667063728428,0.01941176470588246
2019-05-03,0.0021070375052676393,0.0021031750611502087,0.0017414233189654293,0.007482082669399093,0.014727057820446587,-0.011080332409972304,-0.008497518153746886,-0.017988497268109027,0.025240689623282186,0.0027624309392264568,0.011754827875734675,0.005763729154291575,-0.0012040939193257438,-0.012117714945181768
2019-05-06,-0.018923465096719938,0.005004865679111292,-0.028483515487936373,0.0019543465411406835,0.004247732850340968,-0.005041982613357865,-0.016751065174744006,-0.010824322394956454,-0.0033540778454674847,-0.01997245179063356,-0.019087136929460624,-0.005730698957634894,-0.01446654611211573,0.0
2019-05-07,-0.018002571795970868,-0.013654593961784589,-0.0050929489168728415,0.001404422951314821,-0.015156850353467921,-0.024211728062956905,0.005150559353239492,0.0058922301472985605,0.00020187828325024526,0.006324666198172846,-0.0008460236886632666,0.022574506608660894,0.0003058103975535076,0.005841121495327117
2019-05-08,0.0017459624618070269,0.011726341825942788,-0.011483146722083615,-0.0031943713174424904,-0.003042183620711403,0.006347321554276197,0.028774125315326637,-0.025104618872233364,-0.004576032392582197,-0.007681564245810013,-0.0008467400508044287,0.0014090548617589072,-0.004280036686028721,0.0017421602787457413
2019-05-09,0.01350762527233118,-0.006761078173968538,-0.017074788571262656,0.0032046080254024556,-0.000718037488592671,0.026376182709306528,-0.005747075512830602,0.011158808471902537,-0.005746352028066615,-0.030260380014074606,0.011864406779660941,0.0,-0.017193736567393314,-0.022028985507246412
2019-05-10,0.0017196904557179593,-0.0006483130475318788,-0.02534538407530451,0.001714025065738145,0.0005389364912338213,-0.0005586933157297747,0.009248527615991486,-0.005093333387304666,0.0012919054662132723,-0.005805515239477477,0.014237855946398703,0.005628557267875145,-0.0040612308653545925,-0.00652045050385297
2019-05-13,-0.011158798283261828,-0.010055123798557553,-0.043827613349178396,0.011200143860110812,-0.01992819705821447,-0.013415282159668807,0.0007636859458299838,0.010238897851962525,-0.0008827607466455056,0.014598540145985384,-0.009909165978530088,0.0,-0.007528230865746499,0.029236276849641918
2019-05-14,0.0026041666666667407,0.012123162723958858,0.020015359038507485,-0.004153545508397416,0.0018317918743420147,0.014730912767793924,0.01449823260065175,0.008445897509009148,0.002650686923565182,0.037410071942445944,-0.09924937447873228,0.008861876025010762,0.033817951959544956,0.01855072463768126
2019-05-15,0.0121212121212122,0.0038847795922460904,-0.006141456695473502,0.0012358829972933805,0.006948273498943891,0.003908413871508198,-0.021812655534727443,-0.007537621614446044,0.0,0.02496532593619971,0.06574074074074066,0.0092464526444469,0.021705900336288497,0.021627774615822437
2019-05-16,0.014542343883661157,0.013705231664742579,0.006782284671976946,-0.00871715529004291,0.0018159122820506912,0.0011123300603315123,0.014609714479780544,-0.005907227531232628,-0.018505949442201963,0.025710419485791558,0.022589052997393555,-0.0009161913803743538,0.005086774386594772,0.04066852367688023
2019-05-17,-0.008010118043844883,-0.001749651856535639,-0.012125825613520935,-0.008171206225680905,-0.003806486229717798,-0.02944446139865453,-0.00303141234869142,-0.019524579579792256,-0.009047621933178651,0.01121372031662271,-0.000849617672047609,0.015130670875135532,-0.021434950878237546,-0.004282655246252709
2019-05-20,0.014449638759030936,0.005417465928631682,0.029095406281169023,0.0012553751164672278,-0.004366756154613571,0.010303394866635784,0.01596353274163964,0.00606057953837702,0.0042515211730593805,0.015003261578603988,0.008503401360544283,0.014001869098332342,0.012169151201703698,0.028494623655914042
2019-05-21,0.024717218265605467,-0.001743213919401465,-0.008688027322465763,-0.003212895278095207,-0.004568730776631114,0.05269123542072407,-0.022446756084779973,0.016351164882001612,-0.0024984558802699786,0.013496143958869,0.0404721753794266,0.007572386214551141,-0.011722272317403082,0.001045478306325176
2019-05-22,-0.013491414554374526,-0.024924646256331062,-0.008467018678077087,0.001257842441774848,-0.013769012097937239,-0.012378918266848005,-0.0267891065790391,-0.016088105614460613,0.002852529890984723,0.0006341154090043766,0.005672609400324102,0.002210399434372512,0.007907542579075333,-0.012532637075718056
2019-05-23,0.00538748445917947,-0.05714748333072894,0.010936379879154856,0.008794027525820924,0.00018613690995517018,0.019073569482288777,0.01376330557096006,-0.004302942446411051,0.011308457875369271,-0.012040557667934104,-0.018533440773569665,0.018967812250933136,-0.008449004224502121,-0.005288207297726055
2019-05-24,0.016900247320692507,0.012433106934903515,0.01348541771554812,-0.0014010342152204203,0.0074446232596065975,-0.0021390047940340606,0.007757944295507357,0.007778751509228687,-0.003910215260725991,0.037203335471456045,0.013136288998357948,0.0004329103340559026,0.010042604990870396,0.040935672514619936
2019-05-28,-0.0068909606809890445,0.00869858966812398,0.01579180933898594,-0.005066250974279041,-0.0011084503682384783,0.029474811468917617,-0.006158595888958951,0.007718709585392114,-0.01646007664598792,0.039579468150896746,0.02674230145867096,0.008221489471699872,0.03163603495028622,0.031154239019407504
2019-05-29,-0.004897959183673417,-0.0055799462252815735,-0.005901880738519272,0.0032118884339502607,-0.011466668007137248,0.03591875938185152,0.019752083461645586,0.010212756217794272,0.006372074952483153,-0.0035693039857227493,-0.0055248618784530246,0.0055794451661808075,0.01869158878504673,-0.02823179791976227
2019-05-30,-0.004101722723543921,-0.03774870207215053,0.004054427877141276,0.005075745840949164,-0.004490120103196715,0.028643200744935537,-0.03266235056279643,-0.009267030980435909,0.006123037791170294,0.04179104477611939,0.00952380952380949,-0.004694861669603312,0.019495412844036775,0.04892966360856277
2019-05-31,-0.011532125205930832,-0.05460328934893255,-0.018171251418821033,0.014528842822543409,-0.005450156314046106,0.021983390655046398,-0.03651352087056581,0.028911577038312597,0.004840919407991251,-0.021203438395415497,-0.011006289308176154,-0.01758146881550382,-0.0126546681664792,-0.02235179786200192
2019-06-03,-0.02041666666666664,-0.004672897196261627,0.019682671883821667,0.012942182349370057,0.003590335234915365,-0.008126180559470897,-0.020782347154162384,0.007437950088943879,0.011906423872864336,-0.0064402810304449165,-0.02941176470588236,0.02095152970027403,0.001424095699231076,0.033300198807157066
2019-06-04,0.0038281582305401685,0.004319240229790244,-0.006482237973372551,0.0005292759265373981,0.00677843205595563,0.01831326771931474,0.005409809569742352,0.018867965859553637,0.0019724057778796045,0.0023571007660576626,-0.004095004095004073,-0.0012825472458178888,0.0031285551763367003,-0.0240500240500241
2019-06-05,0.01737288135593218,-0.033657428056613536,-0.003334831852439546,0.0037026026323612182,-0.01739291808995469,-0.06199718842553348,-0.01572842306826172,-0.016908215527937087,0.001493304276865448,-0.024691358024691357,-0.04029605263157898,-0.002996562200139663,-0.013609299688120191,-0.032528339083292224
2019-06-06,0.010828821324448068,0.01760835607659561,-0.002182157849003441,0.007001375002596122,0.010277864274216064,0.029767957851251525,-0.02270821646762522,0.024570040114462843,0.007726740048439984,0.013863773357444265,0.029134532990574113,0.007728569804698715,-0.0011497556769186623,0.03922567498726437
2019-06-07,0.021013597033374465,0.026621059551565907,-0.04373815658512781,0.0026913693567918173,-0.00885454607358116,-0.010779089374036821,0.005593808995521199,-0.0007993787928755047,0.008474603450315144,-0.011296076099881147,-0.014154870940882636,-0.0008520899446153862,-0.014388489208633115,-0.010784313725490158
2019-06-10,0.026634382566586012,-0.013521084168159003,0.006098514227966589,-0.012302416194977517,0.01273520438512521,-0.02327883650482876,0.008558074565337526,-0.008000030517578138,-0.02594376959829603,0.0,-0.0033783783783783994,0.0038379594737636413,0.0026277372262772936,0.005946481665014769
2019-06-11,-0.0019654088050314877,0.00018779828287041056,-0.0051522404742687655,0.0012833647654955094,0.004316772370938526,-0.016227165303060676,0.017819183236858382,0.011290350615296818,0.0069154939399724835,0.028863499699338435,0.029661016949152463,-0.016567599058155524,0.0008736167734419986,0.020689655172413834
2019-06-12,0.011421819614021222,-0.039985001873691584,0.014013680846338694,0.0041465620467171505,-0.0061670703430625196,0.021134052079977428,-0.005418929481665669,0.006379579262313806,0.001087977264342621,0.005260081823495133,-0.010699588477366295,0.014254856550490302,0.021821355833575806,0.015926640926640978
2019-06-13,-0.015965732087227402,0.022291736473489143,0.0039056953195493183,0.005480836867634897,0.0007521976383380036,-0.017163094651783006,-0.025565747023090113,0.0103011185118691,0.010120918802555057,0.027906976744185963,0.01331114808652245,-0.007666111954218402,0.011389521640091216,0.017577197149643675
2019-06-14,-0.009893153937475252,0.00439937925796996,-0.013317362939751831,0.0006720612655899405,-0.00995865708966448,-0.013867472986966445,0.026666681706691397,0.0,-0.005984849718861374,0.02488687782805421,-0.005747126436781658,-0.0008583069128701437,0.009853603603603656,0.0056022408963585235
2019-06-17,-0.0007993605115906854,-0.011045477716566166,-0.0047013220580898185,-0.0010447163939767412,0.006263046505242453,0.0005208651224772876,-0.00041900540601869096,-0.007058835497089411,0.002164831726349181,0.003863134657836609,-0.017341040462427793,-0.0021478154181440168,0.017842207973236768,0.0018570102135562205
2019-06-18,0.011600000000000055,0.037935705933488606,-0.0047234126400577114,0.005901265931284261,0.021124101770826798,-0.018219676672545093,-0.024308403735597617,-0.0039494621909560435,0.011205576554830676,-0.010995052226498103,0.0,-0.00430479481017243,0.0008216926869351049,-0.014828544949026856
2019-06-19,0.003558718861210064,-0.002597461973697368,0.0009185174353041337,-0.0014852220676223604,-0.008311798302287121,0.020678652016287824,-0.022336788764012683,-0.008723208538629845,-0.0023364384834209107,-0.01945525291828798,-0.04033613445378148,-0.01729354228463431,-0.011220580186097395,-0.017403574788334875
2019-06-20,-0.026398739164696594,0.053757501759224,-0.033190551546434466,0.0359215005987763,0.011547825506196485,0.04987016157670454,-0.03998246010259965,-0.0055999755859375,0.035061905556823314,0.020408163265306145,-0.0061295971978984065,-0.012318468320977716,0.01356213672848039,0.00813786500718039
2019-06-21,0.022662889518413554,0.013768733597307126,-0.031956976538857096,0.0023691052480243613,-0.0034984445943078146,-0.01237011343146377,0.00045774186065128397,-0.01689461246911872,-0.012670508819067727,-0.01722222222222225,-0.016740088105726914,0.006236052779096113,-0.013926815947569615,-0.0009496676163343043
2019-06-24,-0.005935892362485151,0.008183897234992132,0.018140229371848005,0.012963829171500851,-0.00018484928395567923,0.022044056923537614,0.05352235075908385,0.004091668546830629,0.006220144601580824,0.010175240248728068,-0.03046594982078854,-0.010181475904504578,0.0069232899473830045,0.02281368821292773
2019-06-25,-0.009156050955414052,-0.0012089756991272571,-0.0016051119638154088,0.00042422086206861387,0.011088601388353103,0.04362742106119799,0.0021711309157157466,0.004889931842212647,-0.005010389390534553,0.0016787912702853625,0.003696857670979714,-0.011180679480136568,-0.006050605060506031,-0.004182156133828996
2019-06-26,-0.0012053033346726139,0.026802683520376513,0.02073956430392787,-0.002332354775024914,-0.008956362908363213,-0.01456078409393391,-0.007365770241767544,-0.024330915863030378,-0.0005232080078952928,-0.009497206703910632,0.02117863720073654,-0.004975151845995951,-0.010237963475373535,0.014932337844143717
2019-06-27,-0.0032180209171359664,0.0008420214914308666,-0.007875255737622378,-0.002266896590549128,0.0005533492138343199,0.006196391958283698,0.014404187675288727,0.04156276068981324,-0.005103714499999246,-0.007332205301748496,0.0027051397655546428,0.012727303938432133,-0.007268660889013123,0.006896551724137945
2019-06-28,-0.011299435028248594,-0.016153442361484416,0.0025400832377944216,0.0009229812093713985,-0.002580721716086365,0.025580264047156964,-0.006884593296251906,-0.016759779937934316,0.0031568783909379228,-0.04488636363636367,-0.017985611510791366,0.012118426485366873,0.013517319065052158,-0.03561643835616435
2019-07-01,0.031020408163265234,0.010603709918604043,0.0003166530892040331,-0.0170958192670031,-0.009609974330456184,0.01755197714437795,-0.017764352787586257,0.020292208294861336,-0.00963746871469362,-0.019631171921475343,0.030219780219780112,-0.005321460574045145,-0.01583773270352873,-0.02651515151515149
2019-07-02,-0.011480601741884366,-0.04806228033938342,0.009498216023589023,0.013712471373251489,-0.008210514476932218,-0.017249219242475577,-0.011909991568584966,-0.017501934661548035,0.003177567579972118,0.00364077669902918,0.01333333333333342,-0.021845731807907942,-0.010446075663467003,-0.020428015564202373
2019-07-03,-0.015618742490989157,0.019377780490451357,-0.00031363427348440887,0.009326481427904598,0.008278485098681898,0.036951501154734334,0.022321407189022535,0.015384580932352065,0.0064669111078512476,0.047158403869407506,-0.0017543859649122862,0.011850511511074746,0.010271041369472211,0.028798411122145096
2019-07-05,0.012205044751830707,0.002964739597016486,-0.004862766639859073,-0.014812725346178723,-0.00783733758485683,-0.024944347899846897,0.05589520659959302,-0.014354091365498145,-0.021898743572218216,0.002309468822170979,-0.033391915641476255,0.009459417894400524,-0.014685117198531494,0.0024131274131273805
2019-07-08,0.04581993569131826,0.0026082686533959176,-0.01749679728377196,0.0002148269768844635,-0.0009404014525911109,-0.04294195595514516,-0.006203418772574243,0.007281565945616242,0.003619781473185757,0.010368663594469973,0.005454545454545379,0.020972749511587674,0.0034393809114359186,-0.004814636494944624
2019-07-09,-0.021137586471944636,0.00294835213479816,-0.03369167699546061,0.0003579098067287845,-0.011859888505198923,0.01097853485325917,0.009155153933762428,-0.008032082676900254,0.006411950102170216,-0.015393386545039855,-0.009041591320072317,0.013986084524057807,0.00856898029134534,-0.013546202225447557
2019-07-10,-0.005104043973301886,0.04495933584295497,0.05495602521082321,0.00901608270907861,0.026100225191772797,-0.014636478087103999,0.00783507372345027,0.012145717724457494,0.0052429303067738076,0.0057903879559930704,0.006386861313868675,0.004741323249378704,0.011611441517983545,0.003923491907797949
2019-07-11,-0.007103393843725381,-0.0038060490000796365,-0.010229800385792354,-0.004113131592249353,-0.00389906882187141,0.011020618521274894,-0.01145667605675571,-0.009599990844726514,-0.005281568763052302,0.031088082901554515,0.01903898458748876,0.0008580205157402432,0.0036394176931691113,0.04787493893502681
2019-07-12,0.004769475357710551,0.0001660850731974861,-0.008427393614891865,0.00398773438098976,0.0033551028244047654,-0.0028436308223489526,0.015314644447422587,-0.006462029318783036,0.006238790750872081,0.003908431044109539,0.0,0.0012859274215009098,0.011715481171548081,0.0
2019-07-15,-0.03283227848101267,-0.010463332718774865,0.021488135655429286,0.0010639052230836388,0.005944652695919261,0.034220591330309746,-0.018344914404525126,-0.019512176211098575,0.008508654306495833,-0.018909899888765347,0.000889679715302405,0.017551362872414655,-0.005514199062586211,-0.05314685314685319
2019-07-16,0.0036809815950920033,-0.03289699293275816,-0.021507047338715668,-0.001558787873126799,-0.005170799284753058,-0.04319857027394436,-0.04235880332883035,-0.005804365345184581,0.020274716833886153,-0.0130385487528345,-0.019555555555555548,-0.008413999120228444,-0.015525367341280849,-0.000492368291482026
2019-07-17,-0.012224938875305624,-0.014578274351946696,-0.007059239988454924,0.008586501614755049,0.006125857036662907,0.017771359281825605,-0.0008673432198811337,-0.01668055154987591,0.018782003872651165,0.001723147616312426,0.009066183136899442,0.0025455861993735063,-0.005913827090960333,-0.003940886699507429
2019-07-18,0.0066006600660066805,-0.026065508525089376,-0.01793505608819279,0.00337713824872532,-0.00221403759306682,0.01132614074753513,-0.007378455155160446,-0.020356214749337798,0.01428309288354801,-0.026376146788990806,-0.012578616352201255,0.006347927685412591,-0.0014164305949008194,-0.023738872403560873
2019-07-19,0.011065573770491888,0.005967483464873746,0.024185607933967956,-0.0007012131106650665,0.014977783162181568,-0.012132552806766284,-0.015741151850537927,0.0034632001032446347,-0.00018612030044762307,0.01472320376914027,-0.010919017288444022,0.004625681237456991,0.02297872340425533,0.01823708206686936
2019-07-22,0.026347790839075902,0.010605790783025038,0.008674713502447196,0.00014039242552454922,-0.010930942701615765,-0.007085498448857974,0.027099116251886102,-0.0025884152352226852,0.013836294889318923,-0.019733023795705185,-0.01839926402943881,-0.0020928940283778674,-0.014697726012201873,-0.030348258706467623
2019-07-23,-0.02251184834123221,0.009782981592288076,0.007963051325204695,-0.003648405994557402,-0.007552015126690792,-0.026641250837436736,-0.005190347636351067,0.03633210271401999,0.003978000823171568,0.007696862048549358,-0.002811621368322359,0.004194646846882311,-0.0028145229383619297,0.0
2019-07-24,-0.00484848484848488,-0.015677283467886993,0.009480146396614986,0.0019013261661902092,0.003711948939130183,-0.01270775183750572,-0.03478257624548575,0.006677869819470494,0.009082606620551603,-0.003525264394829586,-0.0046992481203007586,0.0054302070955121184,0.00592718035563089,0.021549512570548934
2019-07-25,-0.011774259033698775,0.0025053576766718155,-0.0012521211006676358,-0.006255288240531676,-0.0031435278084764873,-0.003465331426941498,0.010810778882343053,-0.004975158999091178,-0.01298780605834915,-0.01297169811320753,-0.0047214353163361755,0.007478201390026973,-0.009539842873176219,0.0035158211953791874
2019-07-26,-0.018488085456039416,0.003213143586306977,0.006738700536347286,0.003253395223501654,-0.007048716643731412,-0.008941892819022912,-0.03342248176745943,0.001666704813639397,-0.0008568418118258814,-0.009557945041816063,-0.022770398481973486,0.005773170707151998,0.0008498583569405138,-0.00700700700700696
2019-07-29,-0.002511511092507357,0.011921675442167157,-0.007316273686723274,0.0007754498314680447,0.012329531611950939,0.01403510301632993,-0.012909118988902901,0.004159670146123284,0.0026339519490707897,0.006031363088057962,0.004854368932038833,0.009430153970507282,0.002830455703368262,0.015120967741935498
2019-07-30,-0.0016785564414603105,0.020749082597822932,-0.014113243208693338,0.007114663116113862,-0.014393811869927609,-0.01631242215509765,-0.001868261766001189,0.006627997160626231,0.007759091427115727,-0.013788968824940073,-0.004830917874396157,-0.017465487023483384,-0.007902907140841076,-0.012413108242303905
2019-07-31,-0.01429171920975203,0.009130105098360985,0.005567079604972935,-0.0025179937811333764,-0.004680789176644828,0.0015075530239085921,0.04492276666397421,0.004938306296338624,-0.009033050031272638,-0.0267477203647416,-0.005825242718446644,-0.012401865968824644,-0.01678520625889046,-0.020110608345902503
2019-08-01,-0.006823027718550145,-0.07903722982918648,-0.02182855174737508,-0.0036462739365369368,0.0007524806116718796,-0.024084309976208362,-0.013882730305883717,-0.007371019844939264,-0.013764858205566055,-0.01873828856964399,0.009765625,0.0004185947734334228,-0.01967592592592593,-0.02360184710107749
2019-08-02,-0.0038643194504078826,0.031695997410389865,-0.04689523801298934,0.017383313918979404,-0.03571429531761161,0.00925451440492453,-0.03678467520664297,-0.008250777948814902,0.006265109505425137,0.017186505410566433,0.027079303675048294,-0.020502082800798682,0.003837072018890275,0.03152916447714138
2019-08-05,-0.005172413793103403,-0.01742725877402651,-0.017475378406780706,0.013143331710626871,-0.010916224453658918,-0.025471217128211987,-0.024045316839848896,-0.016638997946982093,0.0075822457378011965,0.014392991239048802,0.0009416195856872811,-0.023494200796474907,0.0,0.007641365257259336
2019-08-06,-0.024263431542461023,-0.019381926955764794,0.0062165534674518685,0.0053257196218403635,0.005518398781913181,0.014636712007789487,0.01980682565923031,-0.0076142263038552205,0.003670931527173016,-0.0030845157310301907,0.0,-0.007874028887570272,-0.0029403116730373213,-0.02123356926188069
2019-08-07,-0.01243339253996445,-0.04736156749841003,0.005320085307288114,0.023702814340790912,0.005488019723972837,-0.0015456107280996667,-0.01326391072416,-0.03324803110555652,0.0457786905973705,0.006188118811881083,0.012229539040451654,0.0026454790623917646,0.0011795930404010502,0.008780991735537258
2019-08-08,-0.008543165467625902,0.028381302771752104,0.01638782954021245,-0.006369068762197561,0.014424927893485817,0.0051599586390767005,0.02160349375367332,0.007936521285438536,-0.014863666709840295,0.011070110701107083,0.021375464684014966,-0.001319291422492097,0.019145802650957222,0.020993343573988632
2019-08-09,-0.0045351473922902175,0.037304892468957185,-0.008229789568898194,-0.0007344432274815071,-0.006917712328833647,-0.001026678362982647,-0.004229352844816514,0.03762023972184414,-0.0002366552454460269,-0.0018248175182481452,0.0,0.0013210342516489781,0.01011560693641611,0.0020060180541625616
2019-08-12,-0.0004555808656035998,0.007889913856436337,-0.01727350501172409,0.005813225567360636,-0.0015480598873490736,-0.03648512785625935,-0.00660686136955102,-0.025295046015591183,0.008403870731493068,-0.06093845216331506,-0.010919017288444022,0.017590132918044565,-0.014020028612303337,-0.05555555555555558
2019-08-13,-0.018687329079307147,0.039504790768057685,0.022574554555365278,-0.0020594549629248116,0.017248106143215258,0.027733317057291762,0.019952520157979103,0.013840816747774376,-0.004871188758788336,-0.04996755353666449,0.0,-0.009939479183358024,0.012188044109112006,0.0005299417064121847
2019-08-14,-0.004644681839294007,-0.03274954434074617,0.004550058258668388,0.009120006448875229,-0.01447898886904564,-0.01971978781493422,-0.0018631517380403029,-0.009385717392944137,0.0175159764076398,-0.01912568306010931,0.01839926402943881,0.003928422225548678,-0.012614678899082521,0.00370762711864403
2019-08-15,-0.0041997200186654204,-0.013760607058343477,0.0008387726312464316,0.0024407619976820616,0.0011598766915483782,0.0010588259052080051,0.04153067183421988,0.0017226923647812864,-0.003767491629301123,0.004874651810584885,-0.0072267389340560095,-0.015652200450067988,-0.0034843205574912606,-0.010026385224274459
2019-08-16,-0.010777881911902543,0.007343449645997202,0.007039925992571083,-0.004672266188474938,0.0001930734774862053,-0.01797995264691965,-0.014336945894473985,0.0008598648996931413,-0.0053525166060734986,0.028413028413028396,0.020018198362147466,-0.01060069688994325,0.010780885780885763,0.003731343283582156
2019-08-19,0.00710563713879675,0.02442136283347396,-0.014980051572064168,-0.007999983858471116,0.0027026910094192225,-0.01830906813332911,0.004545450112051208,-0.014604817120255964,-0.010645829828271669,-0.016172506738544423,-0.035682426404995526,-0.01517857849902049,-0.01527817814932253,-0.01115241635687736
2019-08-20,0.010818438381937856,0.0023127747773108442,-0.00016901210170483516,0.0027992209434382076,-0.008856373868992073,0.003291227836985877,0.003619862834880916,-0.0026155785481318805,0.01229751617282604,-0.015068493150684925,0.009250693802035137,-0.004533108970565136,0.002049180327868827,-0.011815252416756183
2019-08-21,0.019543973941368087,-0.011714587249282982,0.011830332678746558,0.0,0.002913819738132206,0.015308929170017027,-0.021641055121560115,-0.004370562840429026,0.00017522832875060956,0.008344923504867818,-0.004582951420714965,-0.006375200158702521,0.0055506865322816346,0.005434782608695565
2019-08-22,0.004107713372889066,-0.005926756990768389,-0.0167028564863968,-0.0048517392504739965,-0.01084645197327272,0.007000555051813739,-0.00506919632066305,0.016681262041812417,-0.006481755388914268,0.00206896551724145,-0.023020257826887658,-0.003666357691335387,-0.005229517722254551,0.010270270270270165
2019-08-23,0.0036363636363636598,-0.021318885956744693,-0.015287883939372526,0.019568507181138672,-0.01076949866738619,-0.009625684768758358,-0.0032422277638500807,-0.00949910685681954,0.022393353718444198,-0.009635237439779787,-0.0018850141376060003,0.010119563738301585,-0.014894859813084138,0.01712145532370246
2019-08-26,-0.004981884057971064,-0.009783991087537358,-0.005347617159964901,-0.00019646715748000698,0.005542335248610364,0.016738694139298405,0.03624538590241544,-0.0034873549190761466,0.013164707417442356,-0.0034746351633078154,-0.006610009442870601,0.021857990418786333,0.012451823302697784,-0.004734350341925264
2019-08-27,0.004096495220755614,0.024049234343882064,-0.0020811469337899124,0.009631101815898768,0.0013779467692029979,-0.0037174558518184853,-0.012556105878375745,-0.016622968415108463,0.029221480571754332,-0.004184100418409997,-0.025665399239543696,-0.006238916829996888,-0.008784773060029227,0.001585623678646897
2019-08-28,-0.0036264732547597323,0.01547421207716626,0.014077121058494235,-0.002076541967472423,0.0029487602983517824,0.004264327115892197,0.022252509972815693,0.011565846716025785,0.009096472577460046,0.016106442577030755,-0.008780487804878057,0.016591966452558893,0.007680945347119605,-0.0031662269129287823
2019-08-29,-0.033666969972702465,0.016672648360131603,0.009083163802124261,-0.007348191227290024,0.003331971920629284,-0.024416088077232168,0.019991149597018643,-0.014072106334435674,-0.007484759134724017,-0.008270158511371473,0.10334645669291342,0.01985005564292086,0.004104368220463117,-0.0052938062466914015
2019-08-30,0.017419962335216477,-0.028390065885089855,0.0028871971104187377,-0.004847706789428474,-0.01035357955295424,0.018498334276561224,-0.004790905037340143,-0.006244397376094057,0.0009907881999928758,-0.00486448922863103,-0.06422836752899197,0.009515540889651009,0.0008759124087591719,-0.039382650345928694
2019-09-03,0.0106432207311431,-0.02105262939266561,-0.012531716737179899,0.017642057309485315,-0.008093148341348444,-0.01335470107241088,0.03194746235516854,0.0044882617163037875,0.04916145357905566,-0.02304469273743015,-0.014299332697807476,0.0012853764545577295,-0.0005834305717619115,-0.008864265927977844
2019-09-04,0.01098901098901095,0.04301074812551886,0.007888853946818042,0.002846254184988517,0.026467640692342975,0.011369822080203429,0.036895628376016676,-0.016085733534522584,0.016353072326790397,-0.010721944245889903,0.02127659574468077,0.0012836447676336515,0.007005253940455258,0.020122973728339932
2019-09-05,-0.010869565217391353,0.000711001008189438,0.006636028358187884,-0.022511786954043878,0.017642512648942343,-0.012848014539959318,-0.004089975761264686,-0.0036330573134865096,-0.03790421236714536,0.0014450867052022698,0.04166666666666674,-0.0008547204311847301,-0.014782608695652177,0.01698630136986301
2019-09-06,0.0146520146520146,0.003907659390487206,-0.007268429788452546,-0.006071052589394554,-0.003429248549525754,0.0178958956669506,0.02505137993935258,0.004557902417299253,-0.03687820112978912,-0.011544011544011523,0.00454545454545463,0.0,-0.005589879376287188,-0.008081896551724088
2019-09-09,0.008574007220216506,0.02353145798983669,0.006640548147254233,-0.002655689901521985,-0.0019116329854272918,0.012253612622018517,0.0356570451972269,-0.009074444402520476,0.0028383062430317185,-0.005109489051094873,0.0009049773755656076,-0.0008553700227927896,0.0,0.030961434003259125
2019-09-10,-0.0076062639821029565,-0.007778685568047061,0.006427623054476861,-0.007921650066934682,0.0,0.03526314183285373,-0.0019342802193930142,-0.003663000144099149,0.0012210038059117245,0.022743947175348556,0.018987341772152,0.007277400336137552,0.016863905325443795,0.021074815595363505
2019-09-11,0.007664562669071229,-0.02874567041840581,-0.0021848919010963863,0.0027511074626627163,-0.004979893108474909,0.018302014028311886,-0.010852666185147353,-0.006433795412493448,-0.0005543056747876474,-0.0007173601147776321,0.01863354037267073,0.006799823320996268,-0.006109979633401208,-0.014447884416924683
2019-09-12,0.00402684563758382,-0.011838562285419019,0.04850936701918185,0.0028773599354687818,0.010009633119942185,0.0019969739909639905,0.008620625224685208,-0.004625364365770879,0.0005546130999762866,0.01794687724335975,0.011324041811846763,0.007598155386995709,0.033957845433255196,0.017277486910994844
2019-09-13,0.02317290552584672,-0.0043565379887827715,-0.009959822198952084,-0.005204461874915967,0.021917241538503607,-0.008470338685060308,0.015540094059560916,0.012081794765391729,-0.033534700402170325,0.0028208744710860323,0.0,0.002932538431635212,0.0019818799546997834,0.0
2019-09-16,0.03789198606271782,0.14676396127077207,-0.0006490494050638285,0.008182943840697732,-0.022379687768593337,0.013065357304098635,0.025631182157534793,0.018365454817250493,0.02666885887042869,0.05203938115330531,-0.031869078380706295,0.02046782624006549,0.017236507487990993,0.006176016469377155
2019-09-17,0.004616030214015909,-0.05659779470476367,-0.023867530720266705,0.001330583482459513,-0.0043876840660073135,-0.03918655216318301,-0.004848941242759253,-0.01352575023811764,0.006424316208394121,-0.016042780748663055,0.000889679715302405,0.0049119496678573515,-0.00694444444444442,-0.009207161125319718
2019-09-18,0.0029239766081872176,-0.020728000321427187,-0.01264135620485074,0.0015945946800830502,-0.005364989206065651,0.0,-0.011619152589946946,0.005484499261251052,-0.0122669106469242,0.008831521739130377,-0.01244444444444448,0.002851389179156394,-0.005594405594405605,0.010841507485802815
2019-09-19,0.0279050395668472,0.0003441827147410148,-0.006233135580868576,-0.006036468050373167,-0.001733736187705781,0.015487868080873657,-0.03754265224160469,-0.0009091117165305196,-0.0012362663128148155,0.004040404040404066,-0.0036003600360036137,0.00446785943352368,0.004781997187060405,-0.003064351378958108
2019-09-20,0.0020259319286872746,-0.0006881285875166565,0.002373273193168046,0.005939685176889142,-0.0003860154027046647,0.0005084194461981717,-0.001576117711512448,0.009099215973828123,-0.0019692705789580156,-0.005365526492287054,-0.0036133694670279493,-0.004043687154095421,-0.01147816349384101,-0.007684426229508157
2019-09-23,-0.007682976142337261,0.00946805363428882,0.011838335029507041,0.010880316998928219,0.00173750997284694,0.006097545374156299,-0.0027624189833131974,0.011722282475404855,0.04859620416349952,0.006743088334457248,0.014505893019038929,-0.020706388100312445,0.011045029736618472,-0.0025813113061434745
2019-09-24,-0.006112469437652757,-0.02302180232217743,-0.008524187207458067,0.0055129124389627915,-0.001927197655016144,0.0015151669280697444,-0.009497400039211179,0.024955412326860715,-0.004462375344258529,0.004018754186202234,-0.022341376228775744,-0.004975158999091178,0.0019607843137254832,-0.0025879917184264967
2019-09-25,0.012300123001230068,-0.013964029050027915,0.0008428731847229809,-0.01794922031082391,0.002123992394912122,0.018154265200827746,-0.00039949161501007246,0.026086973107379396,-0.02997247390129687,-0.0013342228152101177,-0.004570383912248621,-0.008749961853027344,-0.0055912776069332315,-0.009340944473274493
2019-09-26,0.014580801944106936,-0.0014162122265466426,-0.0028633682331770105,0.001927438828339234,-0.01348750884192973,-0.000990574315444137,-0.02957638585082034,-0.014406785893734675,-0.008963328084461097,-0.004676018704074858,-0.00734618916437102,0.015552707761489648,-0.0008434073657576091,0.014667365112624342
2019-09-27,-0.005988023952095856,-0.00886367667705179,0.010472954795515799,-0.005572155498548947,0.008984375945874534,0.0004958160883923313,-0.00988464979079462,-0.008598484994471911,-0.013988008594587042,-0.0026845637583892135,-0.0009250693802035359,0.00620859352142511,-0.006190208216094506,0.006195147134744561
2019-09-30,-0.01927710843373498,-0.0329100368021743,-0.0011701721026634582,-0.022280051336141082,-0.007162157035605077,0.0024777006562866077,-0.030782079372955184,0.03382483541673542,-0.03726067268161026,0.044414535666218,0.02129629629629637,-0.011517843909834125,0.026047565118912708,0.017444843509492047
2019-10-01,0.0045045045045044585,-0.008322559006460062,0.002510485788768335,0.01112099977563119,-0.004874262908234228,0.0019772312923891366,-0.020171645010482186,0.0805369154364508,0.017990231639343435,0.011597938144329856,0.022665457842248493,-0.012068285777807275,0.01490066225165565,0.00605143721633894
2019-10-02,0.011822258459029733,-0.018276754228981895,0.005843046163694687,0.012820512820512775,0.003722580929653052,-0.007400098779394737,-0.01576873126226297,0.0007764152789582202,0.022671747311893586,-0.012101910828025475,0.0026595744680850686,-0.01305810736862456,-0.006253398586188119,-0.019548872180451093
2019-10-03,0.015310233682514163,-0.003609396445896418,0.004481335398567099,0.004063941096560608,-0.00624635251696104,0.014413564608648732,0.03649310989398913,-0.011636971932455609,-0.0003979064267201071,0.0025789813023855412,0.015030946065428763,0.0,-0.002188782489740082,-0.0005112474437627412
2019-10-04,-0.017857142857142905,0.006863691231934865,0.001156637380944403,-0.0005971895883765121,0.003928497468435932,-0.029887339152855352,0.00987548387506254,0.0015698946721343088,-0.0025588951542820926,-0.01028938906752408,-0.0034843205574912606,-0.004694861669603312,0.004935563476830218,0.003580562659846631
2019-10-07,-0.02141414141414144,-0.0011361744315606659,0.002640697260425373,-0.005643341040734162,0.006456660531505065,-0.02020202020202022,-0.020833343892546208,-0.018808759154637977,-0.004732051241342461,0.005847953216374213,-0.01573426573426573,-0.0012863970707311934,-0.0010914051841746097,-0.0025484199796126372
2019-10-08,0.01073492981007429,-0.0022748612679576175,-0.008395034099311971,-0.0003338452402357195,-0.003304859678802341,-0.013402093317090857,-0.006513185696707113,-0.004792365608860094,0.0091653686600901,0.022609819121446995,0.010657193605683846,0.016745357420249185,0.005736137667303964,0.0224833929483903
2019-10-09,-0.016748366013071947,-0.0007600401808005586,0.012782148433134077,0.005944446102269962,-0.0005850951135304427,-0.0026123302818411576,-0.02360145835469518,-0.004012856386981123,0.0063007355044431,-0.0037902716361338795,0.0,0.013935807409340528,0.003530689842476953,0.0
2019-10-10,0.02201911092646447,0.018254403530847174,0.006720207485523044,-0.007502773349037706,0.016783755747707074,-0.02042951294487283,-0.007162055799980305,0.0,-0.011732861890017987,-0.03551046290424853,0.004393673110720586,0.002915439156889965,-0.00027063599458732046,-0.01449275362318836
2019-10-11,0.01869918699187001,0.0214752855698086,0.0400521486894756,-0.00809479345798525,0.005182332094288977,0.0021390047940341717,-0.0018034033446967523,0.0,-0.003310534421218758,0.046022353714661346,0.012248468941382429,0.001661167593608015,0.013535462912831697,0.030425963488843744
2019-10-14,-0.022745411013567418,-0.020292515445513692,-0.02598622134714823,0.006070007618794726,0.0019095338750598767,0.012273229064395208,0.029810291390795607,0.008863868791626262,0.00985001065524349,0.0,0.029386343993085484,-0.005804365345184581,0.004807692307692291,0.0059055118110236116
2019-10-15,0.029808084932625656,-0.014554931462511078,0.021054283717337086,-0.009452286684638267,-0.007432824988774289,-0.004217201184120611,0.025877199999623457,0.005591029733614139,-0.01848702502191657,-0.011313639220616012,-0.004198152812762368,-0.008757259736505874,-0.006911217437533201,-0.007827788649706457
2019-10-16,-0.0027755749405233843,0.010414679469005206,0.015898034875448497,0.007038457353749195,-0.009408652360087477,-0.00952878693026915,-0.01539119861348226,-0.019062729802178158,0.00248435787933432,-0.0038143674507310488,0.02023608768971341,0.007993210898190384,-0.0064239828693790635,0.012327416173570027
2019-10-17,-0.01073558648111328,0.010682153079166978,0.0069723728208674896,0.0028898177608367437,0.002907514386220722,-0.006948172150451848,0.0065132892219272875,-0.008906931737152846,0.010662178994409244,0.007657945118060061,-0.012396694214875992,0.000834743678126193,0.0037715517241379004,0.023867510959571403
2019-10-18,-0.000803858520900369,-0.0027814115525697236,0.002615876349099322,-0.0027475021926520737,0.014688870653445818,0.030139885644493658,0.0008627502045019941,0.00653594160147164,-0.0019387825468021314,-0.00949968334388851,-0.015062761506276168,-0.00667222061995032,0.0026838432635534204,0.012844909609895261
2019-10-21,-0.00482703137570395,-0.008739260257975112,-0.0092081962829067,-0.0038972765408609167,0.003809520176478731,0.006792074677185678,-0.03534483600243965,-0.004058379732067019,0.0013711724025344818,-0.009590792838874651,-0.01954120645709434,-0.009655732375441817,-0.0008029978586723274,-0.016439643024894313
2019-10-22,-0.010509296685529468,0.015944446674633905,0.0017038509063096452,-0.00047225663158245723,-0.004933590698725676,0.026466041433749643,0.015192207142501024,-0.007334975487384265,-0.005078101065975726,0.0019367333763717909,0.02859618717504331,-0.008054282866834739,0.000803643182426983,-0.010506208213944657
2019-10-23,0.003676470588235281,0.033419523234683,0.004329654974867925,0.005534233321464299,0.01544619600971675,-0.0116279222258453,0.004401404109089402,-0.002463110500314114,0.004587940726382911,-0.0006443298969072142,0.0,-0.0025640797829273865,-0.0002676659528907388,0.005308880308880326
2019-10-24,0.0024420024420024333,0.004645315630920965,-0.004618867381969927,0.006040673771744887,-0.0013145483066951957,-0.013299263956601637,0.014899175690249011,0.01234572649498844,0.012673409805124214,-0.0025789813023855412,0.018534119629317614,0.005141342377903202,-0.0005354752342704439,-0.009121459433509393
2019-10-25,-0.01136825010150222,0.007647168925420278,0.0038669759334797327,0.000400277254096304,0.002820673895200132,0.031104200051036646,-0.006908476912928174,0.004065056094269437,0.006877486802908894,0.0,0.0008271298593878207,0.005967659951433335,-0.013929815162068038,0.0033914728682169493
2019-10-28,0.01149897330595473,-0.015001738023476485,-0.0016949246188799894,-0.006335445148382801,0.002250066880589152,0.010558100391941494,0.06347832604031622,0.015384580932352065,-0.0025194600604764306,-0.007110536522301203,-0.01983471074380161,-0.018644090124807722,0.0005433306166802154,-0.011588604538870118
2019-10-29,0.00893219650832311,-0.004837850763660501,-0.0010804089185842969,-0.00201342281879191,0.0037418113585738766,-0.015422915937888693,0.061733351736205755,-0.015948948155784737,-0.0025258237725912513,0.005859375,0.013490725126475533,0.005613172235394481,-0.002715177844148764,-0.0004885197850512668
2019-10-30,-0.01247484909456742,-0.008642411493049451,0.015142084503323217,0.004169435892316775,-0.0007455191525896909,0.004042461225017835,0.03619565086668408,0.005672584599566433,0.0024759791703918843,0.011650485436893288,-0.012479201331114798,0.004723001231382362,-0.0024503130955622066,-0.004398826979472137
2019-10-31,-0.020782396088019572,-0.01598258347559922,-0.01917799947279375,0.012188637715869088,-0.017720624127444018,0.02617009073028176,-0.021553358627616204,0.005640587887582926,0.011170328315555755,-0.0019193857965451588,0.0016849199663016012,0.0025640797829273865,0.0008187772925765113,-0.0009818360333824216
2019-11-01,0.03121098626716612,0.037283138545326056,-0.003258831106712101,-0.002249586052098018,0.006836356471375815,0.02010792656324023,0.03076342302085866,0.0,-0.0005551365002619546,-0.0019230769230769162,0.029436501261564274,-0.00042618593023824314,0.008181074447777492,0.014250614250614246
2019-11-04,0.0032284100080710587,0.006049824697014872,-0.008874411952836225,0.0,0.006035470496712936,-0.0033653699434720297,0.03942524431096284,0.0024039012616927646,0.0005554448479709873,-0.015414258188824692,-0.026960784313725505,-0.011940327400245643,0.001622937516905676,-0.012112403100775215
2019-11-05,-0.0008045052292839916,0.012203725071385563,0.0023562916468495843,-0.018037102899121304,0.010498641675656062,0.020742899124242653,0.014533813517293437,0.015987194692722584,-0.027645120071694507,-0.003913894324853229,0.010075566750629816,0.01078981437966342,-0.00432082095598163,0.010789602746444249
2019-11-06,-0.01610305958132041,-0.015376569546637575,-0.00188062598337857,0.006347853885599886,-0.012615926060690619,0.02079392140627756,-0.011879776389696284,-0.011801700871760357,0.0023977971626938377,-0.007858546168958758,0.020781379883624274,0.0017078995750814396,-0.007323026851098424,0.0029112081513829047
2019-11-07,-0.0016366612111292644,0.014197037682711189,0.010362692128169204,-0.01744732307872776,0.023675296296233217,0.010185171056676712,-0.01980197769386849,-0.013535037469300737,-0.03348907804497092,-0.009240924092409286,-0.005700325732899025,0.003410137859197082,0.010928961748633892,-0.00822447992259312
2019-11-08,0.025819672131147442,0.00157480577751401,0.0057498485680747,-0.0019805371127277205,-0.016886932526141152,0.0032080520533106505,0.006132741518573237,0.014527792293280273,-0.011019350316791798,0.005329780146569041,-0.003276003276003303,0.002548830229773147,-0.005945945945945996,-0.004390243902439028
2019-11-11,0.011985617259288928,-0.006638732651508383,-0.0066440095343853756,-0.0039691019190591925,-0.0067213919514231835,-0.03152121557274834,-0.054499802272439335,0.0,-0.0012513742842187314,-0.010603048376408242,0.02629416598192269,-0.001694954020371564,-0.015769439912996175,-0.00881920627143562
2019-11-12,0.03947887879984213,-0.0010552474964288239,0.006999485796141958,-0.00233598379530231,-0.006766964400073849,-0.00377359930074439,-0.006067513051088658,0.0015911263523664676,-0.005070939558710852,0.012056262558606923,-0.014411529223378738,-0.00339558257722794,0.0008287292817679148,0.022244191794364765
2019-11-13,0.015951386251424227,0.005633797519761785,-0.008032076926548837,0.006611098235205004,-0.0020817858761084107,0.02225377375073534,-0.00801226495735441,0.020651328493303645,0.013251824115854127,-0.006618133686300487,-0.007311129163281915,-0.0038330559771092565,-0.0035881865857024797,-0.015473887814313358
2019-11-14,0.032149532710280315,-0.006127424381405566,0.0007785023577229211,0.006909829646058796,-0.006827190697433871,0.000926411360285373,0.018076989029993884,-0.003112837405881308,0.0068055252833170155,0.0013324450366423157,0.010638297872340496,-0.003847804828405521,-0.00249307479224381,-0.0024557956777996326
2019-11-15,0.001810938065918144,0.01673420389781821,0.009180083991008114,-0.003057480534521595,0.006301316105159049,-0.01758446526807378,0.015489190865731528,-0.006245189286478214,-0.004702281867396629,-0.0119760479041916,0.0008097165991902688,0.02060092125760593,0.019994445987225662,-0.00984736582964052
2019-11-18,-0.008676789587852451,-0.011607795728913795,-0.010021608383629421,0.0024534692742719244,-0.006641337293886718,-0.0056523642533798935,-0.04538689756844094,0.00235669188722043,0.003070929194035177,-0.009427609427609451,-0.021844660194174748,0.01682084133643058,-0.008712224339776697,0.008950770760815407
2019-11-19,-0.017505470459518557,-0.03225241327247208,-0.011991908873113077,0.0016316706602941267,0.01375358641195401,-0.02700147817255949,-0.021823848250568822,-0.00548594414129322,0.0069473079939521565,0.00611828687967364,0.014061207609594728,0.0,0.0013732491073881192,0.009364218827008441
2019-11-20,-0.0044543429844098315,0.03441408363314502,-0.01891546302362268,0.0,-0.0026380136691517286,0.06815969043823622,0.019521922303469275,0.004728165610773605,-0.00017542298351114205,-0.00878378378378375,0.023654159869494373,0.0008271487804485389,-0.007131102578167847,0.0068359375
2019-11-21,0.005219985085756829,0.025739821484727532,-0.006426759561243611,-0.0069232830408855195,-0.00963538940558506,0.050592554294931924,0.003126180912650378,-0.010980419084137605,-0.0029240434674705496,0.0047716428084525475,-0.0007968127490040056,0.011983429712234761,-0.0044198895027623974,-0.012609117361784716
2019-11-22,-0.011127596439169163,-0.013827267804242593,0.02554977381078327,0.0,0.010110639499381069,-0.005639926471834311,0.03817688077157344,0.017446492705676997,-0.003812236341201758,0.0006784260515604323,-0.006379585326953707,-0.005308254878789942,-0.004439511653718142,0.012278978388998052
2019-11-25,-0.007126781695423801,0.0041543683896108075,0.020025296580390206,-0.004442621904492183,0.0,0.027923251485551637,-0.050281450229114455,-0.0007794410710290078,-0.006711823157962815,0.004745762711864332,0.010433386837881198,0.0012314769517751678,-0.0050167224080267525,0.03056768558951961
2019-11-26,0.021911598035511792,0.006895389371704752,0.003246237077558778,0.0021969472029548243,0.01019828140506207,-0.01782687647803327,-0.0241010955103359,-0.0031201219036827155,0.009424479520846463,-0.0080971659919028,0.003971405877680745,0.0036900432488771173,-0.009243697478991564,-0.0014124293785310327
2019-11-27,-0.021811460258780002,-0.0051360937826442354,0.00015411611703086692,-0.00438417879160935,0.0,0.013828920879154216,0.012550566215161041,0.000782490539184888,-0.006928950426297487,-0.01292517006802718,-0.011075949367088556,0.012254948938686727,-0.0025445292620864812,-0.0033003300330033403
2019-11-29,-0.01095993953136809,-0.050593743082537945,-0.007857065282037223,0.008394076625114488,-0.012151814824937768,0.01065643621039336,-0.08796482806311634,0.0117278826409426,0.0033703408426912773,0.023432115782219265,0.028000000000000025,0.0076674181373763695,-0.005952380952380931,0.03595080416272478
2019-12-02,-0.004967520061138764,0.014319393542630676,-0.008540419855996406,-0.0022515876178922367,-0.003595770948867205,0.024883988800525447,0.02104344559493687,-0.014683121062178062,-0.007837787803781748,0.0060606060606061,0.012451361867704236,-0.0008009031223458196,-0.007128599942971214,-0.00776255707762552
2019-12-03,0.010368663594469973,0.0025017761247119186,-0.011746280625268612,0.010873214670608755,-0.009306702301905445,0.011111098552436971,0.048089303881216905,0.00862742405311745,0.01716557079468206,-0.004016064257028162,-0.015372790161414351,-0.011222472067472622,0.0005743825387707346,-0.02346985734008289
2019-12-04,-0.007221588749524943,0.04153301059588288,0.0011093454281607684,-0.002841260526727396,0.01380368588901204,-0.01831501854250306,-0.01720608585647454,0.015552159275183719,-0.019153232992130453,-0.008736559139784994,0.0078064012490242085,-0.003242801923739269,0.008036739380022917,0.008482563619227168
2019-12-05,0.012633996937212899,0.0,0.0053823042970269075,0.001967452112661139,0.0017019334988916945,0.027777765476837413,0.011671578646082592,0.0015313555472260543,0.008632407142660892,-0.00881355932203387,-0.020139426800929505,0.0,0.007118451025057038,-0.005607476635513975
2019-12-06,0.002646502835538689,0.013178169668697892,0.023460899351994025,-0.012052304512072065,0.02359826347373306,-0.0020169423651086316,-0.03831888479441581,0.007645289147784062,-0.027210397268242592,0.002735978112175186,-0.007905138339920903,0.0012200360495870921,0.00593723494486853,0.0009398496240602405
2019-12-09,-0.002262443438914019,-0.003040545656351812,0.005846111591045755,0.0001371209961862352,0.013094817425540084,0.029102717803800138,-0.04370179659729512,0.015174492005633589,0.0030943926314153103,-0.0020463847203274765,0.009561752988047845,0.011372817617888886,0.008712759977515416,-0.0009389671361502705
2019-12-10,0.010204081632652962,0.003727570637017674,0.00841240555006384,0.002261307919822597,0.003276920769161862,0.03731343194130754,0.0143368390761196,0.005979067490418988,0.0038713455703465183,-0.00683526999316475,-0.0015785319652722452,0.0,0.004458066313736353,0.005169172932330879
2019-12-11,-0.006359895248784109,-0.008102689792935491,-0.0007584263844434558,0.004649288213888214,0.009798566373679929,0.013631223098512946,-0.009275578186131672,-0.0029717653595588978,0.008917739444878281,-0.015141087405368236,-0.003162055335968361,-0.0016063858952408694,-0.008599167822468834,-0.007480130902290827
2019-12-12,-0.017695783132530174,0.007147753499656906,0.019581071179544107,-0.001837534502059257,0.0025157122768901807,0.015315559951363467,0.03789569192620945,0.0074515932117149575,0.006032001629402428,0.025856044723969296,0.028548770816811952,0.0,0.005316172355903648,0.01601507300989158
2019-12-13,0.019547719432732924,0.015038854090215326,-0.005508338950030778,0.006068060755679117,-0.0032264072230359098,-0.04746134832908955,-0.013745731918388793,-0.0014793237490008382,0.0039775212528694315,-0.002043596730245234,0.0,0.006838297349966993,0.01029780128026725,0.0
2019-12-16,-0.043233082706766957,0.002330604134504366,0.00254488265237951,-0.0004065977201573867,0.014385888432278504,0.04905373698892035,0.01959933633239541,-0.015555558381257217,0.006326776221164954,0.059385665529010145,-0.05165767154973011,0.007191306148192966,0.01597796143250685,0.01947148817802513
2019-12-17,-0.0043222003929273,0.012124224436744546,-0.007913972967541594,-0.00027120299258476255,-0.0003545213817643944,-0.026509617250476403,-0.009397724747440273,-0.0015048535851588385,-0.00240898178688731,0.005154639175257714,-0.003252032520325243,0.005950080576214489,0.007321041214750634,0.01182355616189179
2019-12-18,-0.011049723756906049,-0.00016406829272264112,0.004515283132745962,-0.0013563000360183874,-0.0008867023399605767,-0.003782148347520442,-0.014230268343759955,0.012057260127561031,-0.0014725836338304044,-0.007692307692307665,-0.022838499184339334,0.008280720797259722,-0.00026917900403766737,-0.014382022471910116
2019-12-19,-0.028332003192338417,0.004759575153041817,0.012586215075999663,0.003802781256810217,0.005147370108419924,-0.03416856571202875,-0.005686794124306616,0.00893521093315508,0.006193679883585768,-0.0012919896640827266,-0.0075125208681134925,0.0007821845131941174,-0.004308023694130303,-0.005471956224350261
2019-12-20,-0.007392197125256628,-0.012740976452812691,0.0056229245800840655,-0.0023677446323991935,-0.007239959138348628,0.027515723930592095,0.02419712569777821,-0.0007380242613335142,0.004103628356630917,0.0032341526520052177,-0.01766190075693863,0.0066432229496002915,0.004056246619794424,-0.005502063273727598
2019-12-23,0.004137360364087739,0.0013236570627475075,0.009564472257731715,0.00528924465070113,0.002134401747079684,-0.0413159450847026,-0.04896910595083748,-0.00664698322315016,0.016055558989109597,0.0025789813023855412,-0.011986301369863006,0.0027173794333175127,0.006194451925666478,-0.005071461502996755
2019-12-24,0.006592501030078246,0.009748845805109374,0.00131170874639297,0.011197285386804312,0.007632272380497351,0.03272139461188184,-0.018970214799634122,-0.005947949802270314,0.020341325865414372,-0.003215434083601254,-0.00953206239168114,0.0019357041118168716,0.002676659528907832,0.002780352177942591
2019-12-26,-0.015554645927138733,0.009327437230096658,0.0,0.00680413141771985,0.009159775472444176,-0.01622867808175077,0.05616942121363411,0.005235579313641159,0.007715218251082678,0.002580645161290418,-0.00962379702537186,-0.005023151660826786,0.0013347570742126003,0.014787430683918634
2019-12-27,0.038253638253638256,0.0006485232705808475,0.0032023468773785257,0.0029815145129650222,-0.009774870274326553,0.04084836467857711,-0.05928505810751561,0.007440504805944048,-0.0025147072319897656,0.0038610038610038533,0.019434628975264934,0.012038814211354776,-0.008797653958944274,0.013205828779599305
2019-12-30,-0.01361633960752906,-0.0006481029607291466,0.009286120235807216,0.0004623802016765488,-0.003172862593985748,-0.002641555498231085,0.012975030791129827,-0.0007385693434276419,0.003305507993841106,-0.004487179487179471,0.006932409012131657,-0.004988456002713915,0.01075847229693383,-0.00044943820224718767
2019-12-31,0.031262687779131104,-0.010051863307671494,-0.007331721172162853,0.003301419610432399,-0.011847990559383459,-0.01853951616646554,0.001372270088318528,-0.008130056086341875,-0.004467379206407496,-0.0012878300064391723,0.005163511187607606,0.013112230952038395,0.0037253858435337683,0.00494604316546754
2020-01-02,-0.0031496062992125706,0.0019652625153272485,0.0031860040779967402,0.0032905561039815456,0.013958495198135301,-0.020046249308383945,-0.030607544810224097,-0.021609535037582006,0.007740660485293427,0.009671179883945946,0.020547945205479534,-0.015226479313290575,0.0013255567338281704,0.0026845637583892135
2020-01-03,-0.005134281200631863,0.030565526684486866,-0.0010105341160172587,0.01620200142464734,-0.012177862451580923,-0.005900865531109467,0.0037700921304677504,0.013709086337159171,0.005677456998661734,-0.012771392081736943,-0.02432885906040272,0.004638536064629051,-0.01456182155149588,-0.010263275323516341
2020-01-06,-0.013894402540690742,0.00348931361404059,0.01213878618973685,0.010973405974574524,0.0007146167582230412,-0.03324097347814714,0.0023473595087817323,0.03155515472415926,0.0016050103685949502,-0.004527813712807194,0.012037833190025715,-0.013851504945052717,0.002418054809242287,-0.008115419296663706
2020-01-07,0.01972624798711764,-0.009009004120439812,-0.0029982735826336038,0.003575595601353454,0.0012497714144246164,0.0020466639122147523,0.01264634685224375,-0.010196605558344674,0.012101445609419947,-0.0006497725795971965,-0.003398470688190325,0.0015607068605985042,0.002412221924417146,0.00045454545454548523
2020-01-08,-0.012633241215949442,-0.04928229848466481,0.0018616246600204889,-0.009161486173001832,0.005349538314819435,-0.0265522872506897,-0.009713186411463903,-0.008830013554946947,-0.012448167780032993,-0.0006501950585175997,0.019607843137254832,0.0,0.0034759358288769526,0.004543389368468986
2020-01-09,0.021191523390643674,-0.0008387726312464316,0.010434582139604576,-0.0036599930350791343,-0.0030152888133647693,-0.015107033392415481,0.011676719556392268,0.01781735459245848,-0.012604972456378927,-0.002602472348731344,0.010033444816053505,0.012855470304840688,-0.004796163069544335,0.017186793306196213
2020-01-10,0.013703993735317166,-0.00873069922387304,0.008770619546963676,0.0037378675070167677,0.0028465168787719097,0.013634414102476011,0.0166205056279336,0.026258180574440182,0.009686468632766454,0.006523157208088826,0.021523178807947074,0.005769216097318175,0.0013386880856760541,0.0040017785682524565
2020-01-13,-0.002317497103128674,-0.016260146842582146,0.003085138525244835,-0.005842680954052937,0.015256335708242252,-0.03699028170970786,-0.009082643873762897,0.006396599469792319,-0.005933585390046625,0.009721322099805585,0.008103727714748876,-0.00803055784076756,-0.006149732620320814,-0.003985828166519045
2020-01-14,0.027874564459930307,0.0025826051386492743,-0.002097043596236192,-0.0038749676475047234,0.005067238371334826,0.003055420906125539,0.0022915282402009574,0.011299424374030087,-0.014057837797060269,-0.0012836970474967568,0.006430868167202508,0.006168074175713301,-0.0008071025020177647,0.011116051578479391
2020-01-15,0.012806026365348444,-0.0072127455306035815,-0.01485006443514525,0.0062888686581550335,-0.002086245519081875,-0.005221918765474953,-0.030635642236084948,0.01396653402246506,0.014088522820303151,-0.003856041131105381,-0.02316293929712465,0.023754748000883064,0.0002692514808830815,0.008355321020228734
2020-01-16,0.008553365563406468,0.012281596049237953,-0.0014220488417956423,-0.001997278290509108,-0.006271738043266195,-0.01181107670578374,-0.020283011865598444,-0.0061983574208338554,-0.0026781417616651426,-0.030967741935483906,-0.0008176614881438837,-0.0018712289799931447,-0.005114401076716013,-0.013955516790231104
2020-01-17,0.03134218289085555,0.0003417713193305527,0.014668168063107334,0.006326693885167822,-0.0008765979039729865,-0.007082739654520442,-0.03562825479543352,0.0013859669900480043,0.007720307036713336,0.03661784287616521,0.020458265139116305,0.013498335557619923,0.006222943722943741,0.009287925696594534
2020-01-21,0.007508044333214059,-0.0034164803520938536,-0.028210556297971534,-0.001539661495306488,-0.017897835022037456,-0.009808278726302744,-0.05391914075040072,0.006920441715549952,-0.014545108005082574,-0.004495825305073864,0.009623095429029727,-0.00739921412722222,-0.01478892175315949,0.019281332164767795
2020-01-22,-0.005322924059616763,-0.02742541086623773,0.0272963525124168,-0.000706743490544226,-0.011256065893322065,-0.0004502751047608111,0.005277039875413392,0.007560113761874154,0.0011267229104050536,0.003225806451612856,-0.004765687053216894,0.0014909025583709212,-0.002456331877729312,-0.006448839208942347
2020-01-23,-0.011416339636104222,-0.0202679149076469,-0.015464621349584484,0.005979506504111276,-0.014817452102378836,0.014414400667757565,0.011023636730679298,-0.006139164633332417,0.00011258841517802765,0.012861736334405238,0.010375099760574713,0.014142134309566456,-0.0046511627906976605,0.004759844223279908
2020-01-24,-0.013713460844460457,-0.025184413060551747,-0.008996105446230751,0.004154416529097649,-0.014856993024026433,-0.021758410137148188,-0.01713395243351279,-0.012354108117476947,0.015979208795374067,-0.01650793650793647,-0.041864139020537094,-0.0029357770167359742,-0.008246289169873577,-0.012058570198105079
2020-01-27,0.00036589828027810967,-0.01937625509632379,0.0015850231690635042,0.0036280779904294125,-0.033140938278128584,-0.03222880619682755,0.004754328421276766,-0.012508707496960203,-0.003156626740190349,-0.017430600387346673,-0.00906842539159114,-0.008465202119635085,-0.005266075388026592,-0.0021795989537924942
2020-01-28,-0.011338697878566228,0.0063981963961805555,0.012228434009471156,-0.004819950165462217,-0.006547259953849749,-0.014540294977017032,0.016824429907568383,0.023223076905008133,-0.033222198486328125,0.01576872536136653,0.021630615640598982,0.008537473558902109,-0.0025076623014766986,-0.004368719965050283
2020-01-29,0.008879023307436285,-0.002804744062557041,-0.004263829578672218,0.000382422683483874,-0.010079481795662093,-0.028557828775330085,-0.02947261662785894,-0.0034388026730428622,0.0016664364958800526,-0.005821474773609281,0.0024429967426709,0.005888842361531976,-0.0022346368715083775,-0.013163668275559481
2020-01-30,0.02713604693802707,-0.022313939631505852,-0.01441613676893494,0.008727195022131706,-0.011748569465147796,-0.005389544687018355,-0.025572711094282274,0.006901337684563025,0.029889272889934704,-0.01236174365647369,-0.007311129163281915,-0.007683830408301673,-0.01875699888017912,-0.003112494441974256
2020-01-31,-0.008568368439842877,-0.011123859285517623,-0.022447545014530612,-0.00037889206563779254,-0.0013869565242038417,0.011330064294373443,0.006560942995668784,0.0013707679150234409,0.0011141075165814751,0.004611330698287119,-0.005728314238952592,0.003687259256143882,-0.004279600570613384,-0.012042818911686015
2020-02-03,-0.015484335613971889,-0.02812258968810999,-0.009777832031250044,-0.003601031748229011,-0.0027777656886521784,-0.0462737450500913,-0.011950003066029335,0.0191650029586099,-0.01847322113102845,-0.006557377049180357,-0.011522633744855959,-0.003306398047693393,0.00515759312320907,0.0031602708803610824
2020-02-04,0.008412582297000704,-0.009978048172218812,0.007630193958304554,-0.01699209205395924,0.013728564860574055,0.002553626109330631,0.029136873628585302,-0.012088670317358385,-0.006349178888547691,0.009240924092409175,0.025811823480432983,0.001474416393834277,0.002850627137970463,0.0031503150315030926
2020-02-05,0.01196953210010876,0.0229792254711354,0.0023757040198131296,0.004772977488090024,0.012365103979049552,-0.004075410286911052,-0.005876088310140748,0.0013595855905841336,0.002339135468762965,-0.003924133420536324,-0.011363636363636354,-0.00331248260342909,0.0005685048322909836,0.008524001794526725
2020-02-06,0.021146953405017932,0.003940901732797153,0.005925070555793166,0.004686048612788207,0.007561076849546655,0.004092087221267526,0.0005373706401410328,0.0006789021855133637,0.012522016637108502,-0.003939592908732803,0.0008210180623973162,-0.0011078540151414629,0.001136363636363713,-0.010231316725978656
2020-02-07,0.017901017901017946,-0.012365084566858142,-0.0023561132893686887,0.0022362788669072486,-0.015201076732613061,0.002037666277462602,-0.0021482000677610635,0.012211689821629346,-0.0069705236411413685,0.011206328279498967,-0.005742411812961423,0.006654355277362356,0.0011350737797957144,0.004494382022471877
2020-02-10,0.01379310344827589,-0.014904610583237776,0.006494500980166018,0.003888802550604975,-0.000586217151528734,0.019827194792990444,-0.049515611219634215,0.008042887730928872,0.005264562684337504,-0.0045632333767926525,-0.004125412541254092,0.005875866694890375,0.0025510204081633514,-0.012080536912751683
2020-02-11,-0.007482993197278964,0.00746417054998294,0.0005866096802344956,-0.005778863191787997,0.012121266360223037,0.0019939874591925477,0.012457505534186453,0.024601056283080958,-0.010417810112793302,-0.0052390307793058755,-0.008285004142502106,-0.006571752799812369,0.0005654509471302305,-0.018115942028985477
2020-02-12,-0.00479780671692942,0.02462954697757036,0.005129685723304744,0.001149750163640162,0.006760642670007977,0.00149255249630742,0.0313199075314603,0.024010375679609064,-0.0054059815399737365,0.008558262014483287,0.015873015873015817,-0.015802955247893657,0.0087595365922577,0.010147601476014678
2020-02-13,0.02892561983471076,0.004885675375140508,-0.01210268021134464,0.004912562876061788,0.005180343622842587,0.037754549078533595,-0.009761392002491709,-0.03929023422374567,0.006980188587206726,-0.009138381201044377,-0.027138157894736836,-0.00634802359727793,0.004201680672268893,-0.005936073059360725
2020-02-14,-0.028112449799196804,0.012252063215663744,-0.005018396131226899,0.004825075045227001,-0.0053445082583665204,0.044518924478122335,0.006024116836073068,-0.006596268390627991,0.006534077762818891,-0.00461133069828723,0.0008453085376163294,0.0018789641455738693,-0.002789400278940035,-0.002756086357372567
2020-02-18,-0.0013774104683195176,0.0,0.006823899413778145,0.0109307192530812,0.0017270820539667664,-0.023373010614369027,0.07838864084084274,0.014608187730720701,0.02348294454573674,0.013898080741231,0.02533783783783794,0.007501904129187942,-0.0016783216783217147,0.04421925380009206
2020-02-19,0.008620689655172376,0.023823279474399994,0.00898777936740669,0.004687499999999956,0.0009578763681779012,0.0023463162162329354,-0.013124636234136955,0.01963352067916091,0.008879780127344583,-0.00652741514360311,-0.007413509060955503,-0.0003723093318911408,0.005603810591201963,-0.0026466696074106677
2020-02-20,0.0047863247863246805,0.009194930669005785,0.003942707795429268,0.0056609490425738596,-0.006698535512139947,-0.02996258882208014,-0.01790285680940218,-0.011553293071709048,0.0009293788833606431,-0.005256241787122251,-0.009128630705394158,0.000744895995512751,-0.005015324602953508,-0.009287925696594423
2020-02-21,-0.005784280367471917,-0.007437666795478304,0.002618186257102195,0.017320302129691267,0.008863199095865415,0.050675676422055504,-0.007812492724042275,0.012337697322342578,0.011578999017521241,-0.003963011889035695,-0.008375209380234505,-0.003721636708091003,-0.00252030243629231,-0.016071428571428625
2020-02-24,-0.013347022587268942,-0.036530549342836616,-0.020310481933565105,0.01690383633759951,-0.009740282211824991,-0.02710148819104985,-0.040944855972022576,-0.020525958415151146,0.01873549612794112,-0.012599469496021198,-0.03378378378378377,-0.0011206830830220449,-0.018248175182481785,-0.026769509981851125
2020-02-25,0.001734304543877796,-0.029749149722305135,-0.017769835183383376,-0.015247548210802098,0.0015428923995099986,0.011331415778581766,0.010946896927421346,-0.007858600892993839,-0.03630482641692001,0.000671591672263272,-0.0034965034965035446,-0.0003739801408912946,0.005433228481555696,0.00512820512820511
2020-02-26,-0.020775623268698085,-0.023446932822953848,-0.011759366165608798,-0.004189704482223999,-0.007702669571948428,0.018674136587250034,-0.014076893799626067,-0.02376235417438055,-0.019633742499445828,-0.005369127516778538,-0.021929824561403466,0.00448936929623911,0.0022753128555177415,0.002319109461966562
2020-02-27,0.0017680339462518013,-0.03365482054287694,-0.045003881621598296,0.0,-0.001940569043579199,-0.008249326658720246,-0.03789127209275156,-0.027045275156319715,-0.009424395016540799,-0.01619433198380571,-0.01883408071748882,-0.000744895995512751,0.00595913734392739,-0.02036094400740396
2020-02-28,-0.02576773738086835,-0.04947975840952801,-0.016134158884216876,-0.046280502691501524,-0.00991641396214027,0.017560088534824825,-0.038812762552170255,0.004864467905082437,-0.07197880551029079,0.005486968449931462,-0.017367458866544783,0.0074543706115608455,-0.003102961918194591,-0.0004723665564477786
2020-03-02,-0.004347826086956497,0.0444593778617155,0.030686789819224014,0.01802958486181372,0.021602539935111853,0.041326095502419946,0.04275535988746193,-0.04495156409512502,0.01781910903407291,0.022510231923601687,-0.036279069767441885,-0.0011099032883240545,0.007923033389926504,-0.0051984877126654006
2020-03-03,-0.0029112081513827937,0.009197867490390976,-0.01149967781191652,0.03127546645147916,-0.008266093826553966,0.05582207972700548,0.025056895958533554,-0.003620578509457517,0.026979964778263144,0.01867911941294187,-0.0038610038610038533,-0.0033333389847366446,0.0028074115665357446,0.004750593824228044
2020-03-04,-0.009854014598540184,-0.008478201002364627,0.0033465989557395215,-0.0006089763198755538,0.0052335628664836875,-0.032218103490764594,0.015000039074157145,-0.02107557827247164,0.0033861034244195842,0.013752455795677854,0.02422480620155043,-0.0037161048694447363,0.00643896976483771,-0.013711583924349902
2020-03-05,-0.010689273866568372,-0.01881139966612022,0.009053362501791895,0.015416518922981348,-0.004049346118870978,-0.06231329881925107,-0.030104031799061293,-0.0037119665733972296,0.009018373004009206,-0.006459948320413411,-0.0009460737937558861,-0.027974636886984983,-0.010848400556328186,0.005273250239693272
2020-03-06,0.006706408345752646,-0.10065365126354575,-0.008814694937098633,0.0026404370796919707,-0.0036786163690396556,-0.03868912206677211,-0.03611738832353051,-0.029806230719540916,-0.007380830298314933,-0.01885565669700906,-0.008522727272727293,-0.011511866585132258,-0.006467941507311559,-0.005722460658083017
2020-03-09,-0.005921539600296066,-0.2458817809757493,-0.02509134191560436,0.0022144787309947844,-0.019043927581536724,0.03172347085726579,0.0409836385942739,-0.031490075781214544,-0.01237372153686156,-0.007952286282306154,-0.002865329512893977,-0.007764004703509797,-0.022360600056609115,0.0019184652278176895
2020-03-10,0.011913626209977712,0.10375848174309499,0.0003257934185130207,-0.009196789736675148,0.003961961467060293,0.04864619734019482,0.08886388786549326,-0.001586003539561176,-0.005587866385741935,0.015364061456245803,0.028735632183908066,0.005086113882297072,0.011001737116386856,0.008616562948779327
2020-03-11,0.017660044150110465,-0.04016301058212102,0.0022797490636101703,-0.010668405420007354,-0.008681861351029885,-0.023632358409122034,-0.02995866159247229,-0.026211272415133546,-0.010469658366176415,-0.0019736842105263497,-0.0018621973929237035,0.010120678220195023,-0.006013745704467333,-0.018035121025154255
2020-03-12,-0.04699927693420103,-0.04487566897449302,-0.030056839919620493,-0.031741181193497225,-0.012340818588144398,-0.02151502877830791,-0.019701842208797005,-0.052202310878841196,-0.04590828171706751,-0.025049439683585972,0.001865671641791078,0.013487416717957945,-0.014693171996542742,-0.017399710004833202
2020-03-13,-0.05842185128983313,0.0073015727694072385,0.013232845987126929,-0.04630975611591981,-0.00282143072676444,-0.019239564312999113,0.015209124244249583,0.006884675085537362,-0.09429234212869475,0.0027045300878971723,0.0,-0.002281348581099407,-0.009649122807017574,0.012788981800295085
2020-03-16,-0.037872683319903344,-0.09549318698424791,-0.027938541817033147,-0.019660835071461547,-0.03051738566797868,-0.02942551551685535,-0.02889240344047328,-0.05213672364286637,-0.11649142065869889,-0.04315576534052601,-0.03351955307262566,0.037728650143047604,-0.029524653085326258,-0.03254006799417197
2020-03-17,-0.029313232830820768,-0.060975608135167336,-0.014966004753969253,0.026246718728858642,-0.03460493886802418,-0.009624638934686902,-0.04738296538057252,-0.018034247656747437,-0.023723805411317578,-0.030303030303030276,-0.023121387283236983,0.02460521805204996,0.0030422878004259246,0.0025100401606426015
2020-03-18,-0.014667817083692802,-0.2441558344129846,-0.02209942713677715,-0.031215145139910194,-0.06694017274252206,0.050048604951514086,-0.07229612608413061,-0.02020204408567372,-0.05886600481816251,-0.025436046511627897,0.006903353057199135,0.024372771128073678,0.0015165301789505925,0.018027040560841368
2020-03-19,-0.02977232924693518,0.23809515337769716,-0.03019066212746424,0.0008799341466505517,0.018282803603789644,0.0795927647498682,0.03117211495491712,-0.0074976497782595075,0.030847931485629587,0.030574198359433202,0.02350636630754166,-0.025892224390958174,0.021502119927316876,0.05263157894736836
2020-03-20,0.00631768953068601,-0.11062645060031195,-0.02275623508201985,0.003652119912907814,-0.004318193862260622,0.02614655278582778,-0.030229788512347366,0.030217156771807918,0.020831598950035835,-0.00506512301013029,0.002870813397129135,-0.04561783228458849,0.022828342721612715,0.007943925233644844
2020-03-23,0.012107623318385663,0.04146234028187612,-0.028502212567039664,0.055929919137466255,-0.03241273613425366,0.012949065090018586,-0.0012468667613949602,0.011915684350055633,0.07093695084472662,-0.0007272727272726875,0.024809160305343525,-0.0037636576070118055,0.02492753623188415,0.04311543810848395
2020-03-24,0.007975188303057212,0.02782532540869198,0.01418979563025169,0.059476675923340716,0.03680116609693296,0.03587627607522559,0.03183520543511009,0.020833378324762286,0.07591680008491841,0.01091703056768556,0.003724394785847407,0.003400081409993927,0.0031108597285067763,-0.001777777777777767
2020-03-25,-0.011868131868131848,0.019991650881324485,0.010398926893695482,-0.016805145864542737,0.01660977350180648,0.03463374623382154,0.0036297894567784983,0.012422305586686555,0.04272962244175482,0.003599712023038215,-0.012987012987012991,0.025978936292615495,-0.005920496193966729,0.03294746215494215
2020-03-26,0.0031138790035587505,-0.0771743326791442,-0.012350296863260835,0.010904812978834055,-0.011638327334626442,-0.04078488300753269,-0.013261045128439508,-0.007011386921639606,-0.013277586525842322,0.0007173601147776321,-0.018796992481203034,0.010642235432196001,-0.0014180374361882908,-0.018965517241379293
2020-03-27,0.0008869179600887733,-0.04823009443316684,-0.027472470287569495,-0.01587779623023844,-0.004981847037848874,-0.07059769710416586,-0.0018326335036659147,-0.02030004799515439,-0.009699466873921425,-0.007885304659498216,0.01724137931034475,0.014524313915499798,0.0014200511218402934,0.003954305799648505
2020-03-30,0.003544528134691971,-0.06601580944603092,-0.012273544625788113,-0.0011700378012791113,-0.015930853620978014,0.029779927691646835,0.03427179645998013,-0.033333407794388537,-0.029245398133369016,-0.013728323699422007,-0.015065913370998163,0.008947744997186424,0.0008508224617129745,-0.0030634573304157975
2020-03-31,-0.007064017660044164,0.01941261257771565,0.008481268219035165,-0.023797765466052723,0.03607773857435159,0.0020955573646677106,-0.02958584013766763,-0.02889091138560973,0.0017052162541497662,-0.00146520146520146,0.010516252390057268,-0.004256858352607029,0.004250495891187311,-0.0013169446883231073
2020-04-01,-0.009782125389061758,-0.008300785160827329,-0.053197754036412914,-0.0032841184552284686,-0.021428614763580822,-0.02969471318391248,-0.03231705717037703,-0.036468340850153935,-0.012200307600225724,-0.017608217168011753,-0.015137180700094621,0.0014250415376642067,-0.02624153498871329,-0.03252747252747257
2020-04-02,0.026044005388415004,0.24667653178834636,0.032637922661326924,0.03009758045216593,0.018704438610150254,0.028879297190699038,-0.022054169091352605,0.024900398500983467,0.04811145293306218,-0.0037341299477221535,0.016330451488952846,0.013518290733393501,-0.004636337293538073,-0.015447523852794132
2020-04-03,-0.009190371991247281,0.119273321254463,0.019803917394065174,0.004920957273962578,-0.010300045452211082,-0.037285270256681935,0.04445876526216819,0.0019436790901667944,-0.010961897129797005,-0.008245877061469287,0.031190926275992403,0.02141104300639385,-0.005240174672489051,0.013844023996308241
2020-04-06,0.045053003533569,-0.07974594977817817,0.04060415287193653,0.026504284827250757,0.011312152270284148,0.0152306351328102,0.06785927921109192,0.013578989713915357,0.046758118370696655,-0.009070294784580546,0.00274977085242889,0.00893471565201076,0.0014632718759144403,0.01183431952662728
2020-04-07,0.018596787827557026,-0.0939417473200399,-0.002827478102522818,-0.007274866530635027,0.02393743981530716,0.027861122653127346,0.06990182277964951,-0.006698535512139947,0.020581025017810006,0.011441647597254079,0.002742230347349217,-0.023160772855571055,-0.0008766803039158555,-0.011695906432748537
2020-04-08,-0.012863070539419041,0.0617859095926403,0.017769349708792292,0.0003603889766581325,-0.004588138037945888,-0.0008340156200874471,-0.03725702256647301,-0.0009634131764529874,-0.017831644388190626,-0.004524886877828038,0.004557885141294404,-0.0017434150584774155,-0.0002924831822169738,-0.001820664542558026
2020-04-09,-0.031105506515342607,-0.09286567993367378,0.00984395946869987,0.04251226475316172,-0.00021957952300588612,-0.010016732446311183,-0.02804259816614263,0.005785961454083832,0.05598465407286035,0.005303030303030365,-0.00453720508166966,0.014320704393264272,0.010532475131656005,0.015047879616963078
2020-04-13,-0.02255965292841644,-0.015377872493409939,-0.029611930144942344,0.004953402775092375,0.018880344436608132,0.009696471675164853,-0.0051933426050139175,-0.024928113257370987,-0.03226006862758479,-0.0007535795026375469,0.001823154056517673,-0.013429796305155839,-0.010712217718587103,-0.0026954177897574594
2020-04-14,0.005326231691078487,-0.10263271988938227,-0.004738438361510777,0.006820209772313124,0.01141994734961349,-0.021294388741192605,-0.04292343499774576,-0.011799398688186802,0.038309994733504826,-0.016591251885369585,0.009099181073703333,-0.0031413666243010896,-0.008486976880304309,-0.011261261261261257
2020-04-15,-0.026490066225165587,-0.011934349270711797,0.004570590099759686,-0.016792850697309403,-0.014699567687261439,0.025597270291097818,-0.03151510746573116,0.010945239262647455,-0.03888756434126872,-0.020705521472392685,0.029756537421100182,-0.006302531811684053,-0.005903187721369552,-0.015489749430523947
2020-04-16,0.013605442176870763,0.0,0.0007583111948310517,-0.0039369655801569925,-0.003459414920291337,-0.013311135729978885,0.05506879673817133,0.0,0.007574324026895063,0.001566170712607784,0.013134851138353776,0.009513758483013834,-0.006235154394299336,-0.01943544655252194
2020-04-17,0.06442953020134223,-0.08052341791101081,-0.000378868297344348,-0.018135359683463026,0.021262653151211675,-0.02150080484967032,0.039739046196993755,0.020669295403627608,-0.021010001386639,0.007818608287724738,-0.004321521175453813,0.011867370230887797,-0.005079175380938161,0.007078810759792331
2020-04-20,-0.017234131988230317,-3.059660652724544,0.023877170941881687,0.007340767684405947,-0.008073004410566686,-0.020680753664508833,0.0975470631877231,-0.02989387361267748,0.020935832560406764,-0.024825446082234248,0.01822916666666674,0.004484341812404979,-0.007207207207207245,0.028584817244611038
2020-04-21,-0.017108639863130826,-1.2660111598392576,-0.01332588232968357,-0.013751777591560432,-0.028914162471660676,-0.03519577603427637,-0.05353432614099829,-0.030815149769994776,-0.047441497021024515,-0.015910898965791564,0.011935208866155067,0.039835158447153685,0.005142165759225659,-0.0036446469248291313
2020-04-22,0.024804177545691974,0.37662331847024166,0.05571182385100948,0.030091765861830932,0.022276204405601074,0.008663902736179896,0.0647995781522952,0.008205120380108122,0.030975880174534343,0.02667744543249806,0.021903959561920816,0.045244349432560726,0.004814926271441422,-0.006858710562414272
2020-04-23,-0.005095541401273884,0.1973875413452082,0.010661021709884588,0.002661015668526945,0.002804645947141582,0.004068757539287038,-0.06395046549721062,0.0010173172898728655,0.004647453264528867,0.005511811023622082,-0.027205276174773307,0.05371244474187975,0.005390835579514919,0.007366482504604033
2020-04-24,-0.0008536064874092864,0.026666699033794927,-0.03428271319130738,-0.005653982895085452,0.010327095123888519,-0.05267902694959026,-0.038016530879737,-0.011178923642865213,-0.006124567714855145,-0.01096319498825371,0.027118644067796627,-0.003897968796575668,-0.00834078045874298,-0.037020109689213876
2020-04-27,0.0029901751388294873,-0.24557264875658102,-0.01820498806561588,-0.006730476116006634,0.014480374434949095,-0.00570340771413036,0.0418098236371669,-0.053442911464910425,-0.003474465547873784,-0.03246239113222482,0.0066006600660066805,0.02197469944044994,-0.0039050765995795045,-0.010915994304698584
2020-04-28,0.005110732538330387,-0.03442876287768171,0.0417207488831417,-0.0008178190280367925,-0.0012594546680396723,0.010516237955713104,-0.013743802132764937,0.014115104658248612,-0.0025656542741497868,-0.009001636661211121,0.0024590163934425924,-0.006774654994629703,-0.003618817852834688,0.011036468330134275
2020-04-29,0.014830508474576343,0.22042141275487603,0.03275187153066583,-0.004150818816683666,-0.0018915142326073608,-0.01939447002412964,0.041805979508627855,0.04496788751952785,-0.0001318991611100051,0.005780346820809301,0.002452984464431651,0.06761561971406516,0.006961259079903082,-0.013763644992880852
2020-04-30,0.01544885177453037,0.25099599121175853,0.000689433216334745,-0.011271617334156159,-0.008633373078129947,0.009647853210598578,0.04280366223191945,0.06454919053962915,-0.01728232760952597,0.02298850574712641,0.0016313213703098572,-0.046944406297471764,0.022242260294559557,0.019730510105871124
2020-05-01,-0.004934210526315819,0.0498938708303831,-0.025835342137798034,0.006115692392080874,-0.015080734159040765,-0.00191117606039648,-0.03027194213951745,0.05582289745339586,-0.002349298427154256,0.0,0.0073289902280129215,-0.02215103776772509,-0.00352837400764483,-0.01557338367154315
2020-05-04,-0.006198347107438051,0.030839164905326344,-0.027581353172096756,0.007317807267077203,0.0023721542735282153,0.010531413457682604,0.054497378625547155,-0.05195994846159813,-0.009486630882224123,-0.0024077046548957037,0.01859337105901382,-0.03427713076998562,-0.015638831513720808,0.005273250239693272
2020-05-05,-0.003742203742203687,0.204512025557537,-0.01981818459250706,-0.0014646434848216705,0.00731505990933945,0.03126475913738336,0.07074763184439559,0.036538473882619105,0.022755062856218977,0.007240547063555924,0.0,-0.0033950804065148166,0.005095923261390967,0.002384358607534498
2020-05-06,-0.006260434056761244,-0.02320845713431885,0.017065516346625342,-0.01185172081250807,0.004912379902119124,0.004593477326679807,-0.08903470085116771,-0.04730976696109368,-0.0046489801473980075,-0.003993610223642197,-0.015079365079365026,0.03375658475326149,-0.009245451834178353,-0.0014272121788773129
2020-05-07,0.007559848803023961,-0.018340997843082074,0.010213341964117495,0.022325198163132498,0.01402762716502326,-0.017375414287989832,-0.025720140004687475,0.005842206744696377,0.03836657045503444,0.013632718524458687,0.016116035455278066,0.009586569340463091,0.013245033112582849,0.008099094807050955
2020-05-08,0.00791996665277206,0.05053080987726388,0.015887363744576888,-0.006911385803573311,0.00964158555804051,0.024662648684442345,-0.037486851731845294,-0.003872213179908379,0.011438085934866837,0.009493670886076,0.0007930214115781098,-0.00890205431064739,0.00861556743909686,0.000945179584120881
2020-05-11,0.026054590570719682,-0.024252238763970202,0.00639773604803473,-0.008538496624058811,-0.011002693432110022,-0.010445063958372525,0.0016456506067838994,-0.016520901547538158,-0.006607375671222493,-0.0015673981191222097,0.010301109350237647,0.006586748381894658,0.004123711340206171,-0.008970727101038745
2020-05-12,-0.024586860137041477,0.06793708941435694,0.030195992446050868,0.005367766957965925,-0.009025975013892684,-0.030748036419978475,-0.05805035489245769,0.012845861256028712,0.0032617418865406034,0.016483516483516425,0.006274509803921635,0.02468774114884109,-0.003520093869169849,-0.005717008099094811
2020-05-13,0.022314049586776852,-0.0190069727721921,-0.015084008670099402,0.005573808885191767,-0.004871899889451803,-0.0194128357195541,-0.06046509919390952,0.000975632086032796,-0.001529939913716416,-0.010810810810810811,0.0038971161340608518,0.0113207367492425,-0.015602001766264362,-0.021562050790608578
2020-05-14,-0.024656426839126944,0.08975873737597717,0.006787319802687319,0.01411981494086767,0.0008514659342577779,0.01303716498633345,0.04022273251730546,0.019493158362914986,0.03019852962576497,0.0,0.0,0.0,-0.0008971291866028963,0.0
2020-05-15,-0.0058019063406548055,0.06785199112736828,0.006914460439576997,0.00880274382546209,-0.007443709740245441,-0.0009532742866207311,-0.020820920131194076,-0.00764817623463665,0.056395628748340254,-0.0031225604996096834,-0.03105590062111796,-0.08065445927049719,0.0038910505836575737,-0.02007835455435847
2020-05-18,0.002084201750729431,0.0812096284357875,-0.007725334986085075,-0.01231890913949063,0.030640696699269165,0.008587727769815867,0.08323205492839514,0.040462434649652046,0.02452195157375292,0.00469851213782313,0.02163461538461542,0.0034342995486675854,0.007751937984496138,-0.006496751624187946
2020-05-19,0.012895174708818624,0.021370217212365095,0.02422148000620128,0.007160123567464316,0.007484459916483166,0.012772054328219928,0.02636009576323639,0.004629647208502563,0.02450752858783911,0.001558846453624252,-0.009411764705882342,0.0,-0.00295857988165682,0.0035211267605634866
2020-05-20,-0.01396303901437368,0.03046159010667071,-0.016723001109935076,0.0036693180789062474,0.018365609710474518,-0.01307801481520754,-0.03224044474053511,0.031336330595365336,0.006148033150682464,-0.005447470817120603,0.0071258907363420665,0.0009333783405900409,0.005044510385756595,0.03007518796992481
2020-05-21,-0.025406080799666775,0.012839548191333483,-0.0025768375457964066,-0.017194091172006765,-0.00628168950122443,-0.008518708120022644,-0.03444381059118318,-0.018766760144934613,-0.03705153284518403,-0.005477308294209671,0.005503144654088077,-0.002797523873579233,-0.013876586950103298,0.004379562043795637
2020-05-22,0.023076923076922995,-0.01975230557526131,-0.007750615781873971,0.008195277876162477,-0.017536698425669184,-0.01097853485325928,0.012280647940816403,-0.004553664767308674,0.01897897262176107,0.0007867820613689513,0.011727912431587217,0.0006233367183616778,-0.002095808383233533,-0.01405038759689925
2020-05-26,0.0,0.033082660875822345,0.010762001828088286,-0.017179711274783238,0.012245748696714243,0.014478764692015922,0.03581746860339874,0.01097894622219342,-0.005604564420151004,0.003144654088050425,0.02395672333848542,0.011838040067870814,0.01650165016501659,-0.0039312039312039415
2020-05-27,-0.01294903926482871,-0.04483252312195285,0.0018890711182604214,0.003226184797320286,-0.014763179996499787,-0.02473833027467931,-0.039598427580921025,-0.022624433998618243,0.0068887154134940065,0.004702194357366851,-0.01132075471698113,0.0073892143426512735,0.0017709563164107767,-0.004440059200789381
2020-05-28,0.027930596699111243,0.027430590475814087,-0.01319849941291984,0.0017540781818112805,0.0043705277907750695,-0.03317074659394059,0.06097562073114626,0.0,0.011817235330315645,0.021840873634945357,0.003053435114503733,0.03209044003324113,-0.001767825574543358,0.019821605550049526
2020-05-29,0.010292301358583833,0.05280340084061397,0.0003474111146377634,0.013774572411924924,0.005594684876457201,-0.028254242840321186,0.012041573570433117,0.010185153216164977,0.03045543796326089,-0.005343511450381699,-0.012937595129375978,0.019543969157997942,-0.0073789846517119395,0.012147716229348848
2020-06-01,0.01589242053789741,-0.0014089334852905866,0.042889411601992,0.0005181785948595863,0.01978151956884422,0.02076843132523143,-0.04056242801667198,0.008249326658720246,0.017787370145919468,-0.007674597083653145,0.016962220508866643,0.0522799657596853,-0.0002973535533750127,-0.01056168987037931
2020-06-02,-0.03650220617729638,0.03865696387328699,0.005161464394031867,-0.007250602659809369,0.00808243338226311,-0.0010173560570793105,0.001691038156312219,0.020000024275346195,-0.029891247182245007,0.0030935808197989356,-0.004548900682335155,0.05244276980086404,0.011897679952409312,-0.014070839398350299
2020-06-03,-0.002914238134887559,0.013039921877987526,0.0018221072104982472,-0.015882160398357326,0.0008018013721327044,0.009164985273403481,0.024760850192358408,0.03565058903837248,-0.015708309657781472,-0.0007710100231302919,0.010662604722010638,0.07867820393292968,0.008230452674897082,0.007874015748031482
2020-06-04,0.00041753653444676075,0.0032179921946529078,-0.007936500427734305,0.012427833065796756,-0.0014019566272055473,-0.009586245841267771,0.000549174487116888,0.009466407724663561,0.005747483041561807,0.015432098765432167,0.04144687264506408,0.07293945835381122,0.011953352769679348,0.02294921875
2020-06-05,0.0008347245409014992,0.05720394007957941,0.0298333485921225,-0.02484151063802742,0.025671837343636428,0.007641365138463696,-0.021953940985775744,0.024723011666209826,-0.03223476303701456,0.006838905775075954,-0.04992764109985526,-0.06798096368430762,0.0,-0.016229116945107425
2020-06-08,0.006255212677231059,-0.03438686818171077,-0.01586016390542022,0.013184642823070858,0.005084087540740745,0.0,0.003928220485548417,-0.006655646783166214,0.024365029967777563,0.007547169811320753,-0.041888804265041935,-0.07293945835381122,-0.0034572169403630504,-0.00727802037845704
2020-06-09,0.029423953584749363,0.01963864956715322,-0.004768967422762116,0.009656657759072873,0.011867772124896758,-0.011122330203738762,-0.012297414177975696,0.0050251609485210125,-0.005260793737987046,-0.01872659176029967,0.008744038155802825,-0.07867820393292979,-0.0017346053772766545,-0.013685239491691092
2020-06-10,-0.005636070853462183,0.01694914922157742,-0.0001652699298548832,-0.0008164124241055726,0.02172657401179845,-0.0107362271880721,0.007357109076839841,0.019166628519694084,0.00011246209903847948,-0.003816793893129722,-0.011820330969267157,-0.08539709390225059,0.0026064291920069316,0.003468780971258578
2020-06-11,-0.043724696356275294,-0.08232319310980873,-0.008097799989446708,0.010914580423122988,-0.02653373492700195,-0.007751937984496138,0.018539321854505353,-0.02371218092457905,0.005231796627868324,0.01072796934865905,0.01754385964912286,-0.09337073786548167,0.0005777007510110455,-0.01382716049382715
2020-06-12,0.014394580863674955,-0.0022014813076161044,-0.0029990053949174866,-0.0015588632632073107,0.005799383457741447,-0.008333365122477177,-0.04522891274419005,-0.005862621213088115,-0.022776853759544524,0.0007581501137225999,-0.006269592476489061,0.10298668018463775,0.0060623556581986815,0.0055082623935904795
2020-06-15,-0.017111853088480844,0.02371761307669029,-0.0138703514194225,-0.005204417825639296,-0.012684986329079773,-0.012605010364596936,-0.03581739973610054,0.014321826279102723,-0.004753188845101564,-0.002272727272727315,0.006309148264984188,0.038281963938586294,-0.002582496413199409,0.005478087649402497
2020-06-16,0.002123142250530785,0.03394402404328112,0.017963080892076766,0.005405991102626295,-0.0009733529996556189,-0.0037233880225647775,-0.03295390400416787,0.012458440116738023,0.014557814812127923,-0.0007593014426727773,-0.05094043887147337,-0.056954481148580594,-0.0023014959723820505,-0.01733531451213477
2020-06-17,0.008050847457627075,-0.01094325096284332,0.021142008726747097,-0.00023128146375406278,0.010132510928602345,0.027762930397845498,0.014869918953191785,-0.006562750324847766,0.007089382952379264,0.0037993920972645423,0.007431874483897705,-0.07533372539271621,0.004901960784313708,-0.014616935483870996
2020-06-18,0.01681378730559069,0.023182325851930585,-0.0027714702187754403,-0.00254447285912085,-0.00038577450532739643,-0.017142872996144476,0.0,-0.0181667481083031,-0.014867372834294068,0.002271006813020504,0.003278688524590123,-0.034719842680784097,0.002008608321377281,-0.010741687979539671
2020-06-19,-0.013228606862339842,0.023429450150284747,0.006375726925290204,0.012233287910835555,0.009262805359347759,-0.008985184860797024,0.018925529855449597,0.013456673069144331,0.019379220334584613,0.004531722054380571,0.0,-0.0014244661071007858,0.004009163802978222,-0.004653567735263708
2020-06-22,0.007540846250523758,0.017861612187991316,0.0155945266903319,0.006185879263869598,0.01548754319912149,0.023466634114583274,-0.0029958029616901083,-0.010788391069144865,0.0030842527797316777,-0.012781954887218006,-0.009803921568627416,-0.0014265661277205188,-0.00028522532800911993,0.007792207792207684
2020-06-23,0.008316008316008316,-0.0022244230010975974,0.008317345712672619,0.00876645121085673,0.0016946529054566728,0.003126660357473998,-0.016226003041556192,-0.010906049799400352,0.0091687523239381,-0.00990099009900991,0.004125412541254203,0.004285744258335722,-0.0014265335235378318,0.0020618556701030855
2020-06-24,0.006597938144329962,-0.058459268585404955,-0.021890879569694377,-0.0035550628320105693,-0.0035714384948652977,0.004155860009131596,-0.024434919190737148,-0.0033927024582229848,-0.02177162684015921,-0.002307692307692344,0.0016433853738702098,-0.008534910074822766,-0.004857142857142893,-0.009773662551440299
2020-06-25,0.03277345350266292,0.018679372021116247,0.002432720179210257,-0.002095408959039924,0.004527389261296477,-0.01862393195385359,-0.07201002462787776,0.005106418690782988,0.012742012802501756,-0.021588280647648395,0.02214930270713711,-0.027618313256572824,-0.0017226528854435985,0.011428571428571344
2020-06-26,-0.0670368901229671,-0.0059400706349500565,-0.020385085070956377,0.005902062628770022,0.0035680852744262026,0.008434402368241223,0.008771937586134149,-0.022015259919040187,0.007828736875045372,-0.0007880220646178104,0.05617977528089879,0.0011065576769269114,-0.004889272361230934,-0.026194144838212585
2020-06-29,-0.01658163265306123,0.03143671165775985,-0.015359212500312691,0.0012976298043019252,0.002806950544204767,0.031364348689407295,0.14314380332173693,0.013852800412978095,-0.0023859054106238897,0.02917981072555209,0.023556231003039496,0.00957996443363962,0.001734104046242857,0.024261603375527407
2020-06-30,-0.026805015131863397,-0.010831241735823616,0.022811147848314173,0.010254648789249421,0.012688904118096866,0.014191601664716114,0.02457580779639912,0.011101632281590446,0.03120138143812401,0.037547892720306564,-0.009651076466221209,0.05875914718125541,0.020484708597807266,0.009268795056642576
2020-07-01,-0.018658374055975147,0.014005582649587511,0.02623814858690121,-0.01104297201791693,0.001289841426824756,0.029985006581639384,-0.04568820147363373,0.027871614818681056,-0.022005336173147483,0.028803545051698576,0.011244377811094441,0.09893136536508695,0.010743567995476377,0.017857142857142794
2020-07-02,0.002263467632412919,0.020843843229927828,0.007510345034420052,0.0060907112144839015,0.006072873072863638,-0.007763251121458037,0.037701953091893836,0.005751823696416469,0.006121439617524649,-0.016511127063890907,0.003706449221645647,0.036700128829796785,-0.0013986013986013734,-0.01754385964912286
2020-07-06,-0.012195121951219523,-0.000492016162679354,0.00031721582879762344,0.002522421524663754,0.011889529381699182,-0.049388782902276884,0.05536336628340499,-0.02532675422706021,0.014251273639299455,0.011678832116788218,0.0036927621861151394,-0.0066565026046707665,0.006722689075630228,-0.0010204081632653184
2020-07-07,0.013717421124828544,-0.00024617612521593557,0.00269544925424392,0.008778278541724971,0.007772911046856734,0.021090567038283048,0.025136613516913098,0.020955573646677772,0.006701283574320316,-0.0043290043290042934,-0.005886681383370118,0.006396560242467375,-0.0036171396772398667,0.00561797752808979
2020-07-08,0.0018042399639150997,0.006893220122030863,0.02245417371843761,0.006263190962168652,0.009686166726909251,-0.003022700773378517,-0.027718573817205217,-0.00821021173761649,0.024318182772284258,0.009420289855072372,0.01702442635085122,-0.012409196006390788,-0.0005585032113935018,0.05129507364144237
2020-07-09,0.020711391265195944,-0.03129590577604835,-0.020414528839487245,-0.008978269803428862,0.0047965801229983285,-0.012632643138471678,-0.02467102909053054,-0.01986753084718018,-0.010429191941294325,0.008614501076812608,-0.00727802037845704,0.0,0.0039117071807768244,0.01690821256038655
2020-07-10,0.00485222761358628,0.02347300177303513,0.021629285263410125,-0.0005558025940077815,0.020862805454828104,-0.015864846169692415,0.014614897716555886,-0.006756750225933805,0.005349000758211986,-0.03060498220640573,-0.00513196480938416,-0.009806916467952842,-0.0075146117450598515,0.018052256532066435
2020-07-13,0.01448639157155407,-0.01109742962777116,-0.014835405625944653,0.007118256687629998,0.01905085789394234,0.013000519814485578,-0.03656508956184279,-0.015306148101401518,0.03824473685611918,-0.019089574155653488,0.005158437730287346,0.0015474848324172896,-0.016825574873808202,-0.02053196453569761
2020-07-14,-0.016443098225876196,0.0047382156767130645,-0.016627472522211972,-0.00022088592714664124,-0.008837533536224185,-0.00718690520195453,0.004025352985294717,-0.02245252423098687,-0.013090437107914021,0.002245508982035904,0.0,0.0,0.006560182544209869,0.0
2020-07-15,-0.008798944126704789,0.022586245389272452,-0.0015951264366192985,0.00044186945703783564,-0.015603499095301232,-0.007755946470209607,0.01832757428220111,0.04416961249818874,0.01203019123692406,-0.025392083644510843,-0.18988269794721413,-0.2589617092106783,0.004533862283933043,0.049547403525488365
2020-07-16,0.011540168664003536,-0.01092234841277584,0.004633342623747483,-0.007011191934976124,0.0053996968375589205,0.011985425351282109,-0.030933603845002433,-0.0025380485402489716,-0.009550405407277807,0.012260536398467359,0.02624434389140262,-0.01668055154987591,0.008180535966149538,-0.02814344076259645
2020-07-17,-0.05221588415971923,-0.003926376623610062,-0.013835921307310373,0.005337242406658893,0.0005197954755158385,0.04067975942027924,-0.002901912413069918,-0.005089094131538019,0.009642495145050667,0.00832702498107496,-0.012345679012345734,0.0029686045398942262,0.005036373810856087,-0.0009341429238673982
2020-07-20,0.027314814814814792,0.005420084254153412,0.015803957159490567,0.004202828834110051,0.0038094953428078338,-0.02523506160065825,-0.044819568974471924,-0.0008524531626378229,0.02230130024303789,-0.014264264264264304,-0.005357142857142838,-0.0008456853313435486,0.0055679287305121505,-0.02384291725105192
2020-07-21,-0.019378098242451514,0.028179310769008703,-0.001270071899077907,0.014593314413633873,0.014662763352386587,0.020304568527918843,0.02071902450916796,-0.00426622778119945,0.06822695059660089,-0.016755521706016796,0.0017953321364452268,-0.0008463204031019522,-0.007198228128460715,0.011015325670498122
2020-07-22,0.013327205882353033,-0.0014298751168455581,-0.002702243989153419,0.011778088842989476,-0.011050672825178354,0.07810943755344368,0.0035821147059573732,0.016281026490244876,0.07377775790309293,0.014717273431448463,0.006272401433691677,0.005506105777464798,0.0030674846625766694,0.01279014684983415
2020-07-23,-0.0013605442176870541,-0.01980911219160819,-0.01689514416533433,0.0134112978528107,0.005501128645781561,-0.007844932958851025,0.06186791951068171,-0.007588465558083235,-0.005978446787097136,0.0015267175572519776,0.013357079252003468,-0.002948597114536655,0.007784264664998597,-0.009354536950420989
2020-07-24,0.009990917347865613,0.005356737821715862,-0.02788588216914767,0.004340730161538575,-0.014532405279465421,0.008372107217478275,0.012885155371113122,-0.02378935223072276,-0.005970761912013733,-0.005335365853658569,0.0035149384885764245,-0.0025348316750735123,-0.0016551724137930934,0.018885741265344702
2020-07-27,0.027877697841726556,0.007507811860502311,0.012174775740204646,0.017762056767294032,0.0020819021600293475,0.018450184242133405,-0.040929204779738715,0.0548302982585358,0.07313220038098467,-0.003831417624521105,0.004378283712784592,-0.013977124742697744,0.0019342359767891004,-0.021779425393883223
2020-07-28,0.0021872265966753623,-0.01346148026765237,-0.0016476928057975737,0.007094744263011377,0.005886412700247146,-0.006793478166974398,0.03806227564900655,-0.009075879349496496,-0.00857979595982783,-0.01538461538461533,-0.0026155187445510153,-0.018470802942134323,-0.010755653612796512,-0.008053055423969724
2020-07-29,0.02182453077258839,0.005604277219918519,0.007261901726372422,0.004525144777641543,0.00017210456636829186,0.01778382964985159,0.03000001192092938,0.0,0.0011126069012439288,-0.014062499999999978,-0.013986013986013957,-0.003501090694551179,-0.005854474491218342,0.01766953199617949
2020-07-30,0.00128150363092705,-0.032711467745195955,0.02932985337261007,-0.005733274211351391,-0.00034414990296682824,0.033602150997068314,-0.013484345486015403,0.008326346868414713,-0.03922937240039048,0.0007923930269413404,-0.014184397163120588,0.01317519679531931,0.0002804262478968145,-0.006100422336930977
2020-07-31,0.023890784982935065,0.008767592807422453,-0.008277625919926868,0.010554496980200723,-0.01566536062482493,0.031209349993435387,-0.01640239007782429,0.043765541013312426,0.036375279258229254,0.0007917656373712667,-0.006294964028776939,0.005201596914642392,0.006447995514437865,0.003305004721435356
2020-08-03,0.028750000000000053,0.018375908998204737,0.01974317106419221,0.0016302991095733521,0.017138868608345126,-0.008827200078198927,0.16787106259806284,0.00632910771622841,0.008309571312163477,0.004746835443038,0.0018099547511312153,-0.0004312302135202062,0.0,-0.019294117647058795
2020-08-04,-0.008100445524503841,0.016825224814602135,0.0062962621370183935,0.01790434952791209,-0.0063617915040998785,0.026717569848270895,0.04378867422139199,0.004716939047391788,0.06650265605537453,-0.029133858267716528,-0.013550135501354976,-0.0017256650129728879,-0.01532033426183843,-0.024472168905950054
2020-08-05,0.013066557778685262,0.011750548076848277,0.0067261114206653705,0.014941047943037189,0.0076138000094228,0.004130524472487629,-0.0009120352889925298,-0.018779325206008224,0.0332539484618426,0.008921330089213253,0.0064102564102563875,0.009507399589713916,-0.001980198019801982,0.004918839153959631
2020-08-06,0.011688835147118048,-0.005688501341111651,0.0007769274593476538,0.010043830761298445,-0.002060807834050493,-0.03743317924739464,-0.011866738050778425,0.031897896311569474,0.056181801395174036,0.000803858520900258,-0.0009099181073702889,-0.017123352543991444,-0.0014172335600907138,-0.018600097895252077
2020-08-07,0.014342629482071656,-0.01740165742455102,-0.03927965300648584,-0.02018036773778331,-0.03958011085992341,-0.013247889331263307,0.03371822425398663,-0.020865495583065385,-0.030084130424835376,-0.011244979919678766,-0.0009107468123861207,0.0039198674292959534,-0.01192165767811526,-0.011471321695760595
2020-08-10,-0.02003142183817752,0.01746718546054371,0.007433727804340373,0.007114098304466854,0.024368421434860288,-0.024685998696031053,-0.037980251526283815,-0.009471182702169512,0.062325193197583006,0.008935824532900094,-0.01458523245214216,0.016052097678098898,0.007181844297615703,-0.00908173562058523
2020-08-11,-0.014829659318637223,-0.007868336365353779,0.011068312881297615,-0.045346792986082574,0.004722748009953426,-0.011101243489690549,0.008360374590671515,0.01513940856539353,-0.10981571448134642,0.0032206119162641045,-0.02405180388529138,-0.002561890083130902,0.0017113519680547196,0.008146639511201537
2020-08-12,0.008543531326281606,0.025474586470687344,-0.01887987703880234,0.0011901318727005616,0.005222877790304725,0.006286525255762898,-0.00875175189883759,0.007849323647275863,-0.0031493924167711462,0.009630818619582593,0.004739336492890933,0.008561594621799617,0.014236902050113853,-0.007575757575757569
2020-08-13,0.0032271077047196783,-0.010077255892442571,0.009540752767336569,0.011266694135483313,-0.028749629612990546,0.03703698155695201,0.013940507472627761,0.021027998510960932,0.06700059046604934,0.03418124006359302,0.0,-0.0021222087518645294,0.01880965749578878,0.01119592875318065
2020-08-14,-0.020506634499396825,-0.005445155014064396,-0.0022425018254698115,-0.010067946881726408,0.01854495278733781,-0.012908778308041824,0.07974336894205636,-0.000762721240989972,-0.05882139437142764,-0.002305918524212136,-0.002830188679245338,0.011484494050832739,-0.004133370074400622,0.006542526421741357
2020-08-17,-0.006157635467980316,0.020947419739937745,0.005297768686902682,0.0247805885389778,0.014705901995269777,0.0074106898529315846,-0.007215602856975201,-0.0030534321136057585,0.06054092010964496,0.02003081664098616,0.03500473036896867,0.007148867593995245,0.009961261759822815,0.03299999999999992
2020-08-18,0.022717885171416707,0.0,-0.0036729406924217445,0.007254420359729119,0.02518977024692437,0.03245348248342572,0.0333476139845188,-0.013016850752822107,0.01468726775254603,-0.012084592145015116,-0.003656307129798919,-0.004592927217011988,-0.0005479452054794054,-0.01742497579864477
2020-08-19,-0.012116316639741553,0.0009326396851616625,0.013143127149321199,-0.020356143215570333,0.01615620935157769,-0.007124946200938953,0.003723650284045643,0.02715278653787756,-0.026168464398357294,-0.006116207951070374,-0.017431192660550487,0.010067104428777007,0.0005482456140351033,0.008866995073891548
2020-08-20,-0.002452984464431762,-0.008152771293572503,0.011232385615507212,-0.012712463860966805,-0.01623054783992295,0.0008442896250924203,-0.030502933452522973,-0.01737156693446862,-0.007065743718964512,-0.0015384615384614886,0.014939309056956063,0.010382059833558444,-0.01041095890410959,0.0146484375
2020-08-21,0.0077868852459015425,-0.005636488213858093,-0.002972444182598455,0.00041365536126503066,-0.01902355471180528,0.013074613095425791,0.04081630791191859,-0.01383553435888385,-0.015301195050063887,0.007704160246533087,-0.011959521619135272,0.011097429453774676,-0.002491694352159457,0.014918190567853706
2020-08-24,0.020333468889792705,0.006613102935469906,0.022438476857752576,-0.00356664142517249,0.003089007827674184,0.001248971921604447,0.026552311452584743,-0.009353069857573226,-0.004455812531780845,0.014525993883792054,0.019553072625698276,-0.003252029368516429,-0.0011101859561476468,-0.0123281175912755
2020-08-25,0.011159824631327142,0.017128098557745552,-0.002762435467456137,-0.008248120945422155,0.0029085028185604767,0.024532199153781242,-0.009550310114924798,0.003933925301714769,-0.01256204460776933,0.027128862094951023,-0.005479452054794498,-0.019575837409266716,0.01555987774381773,0.012481997119539123
2020-08-26,-0.004335829720141904,0.0009227431818994436,0.0,0.015116592533547024,0.00972367115806283,-0.003246703785653615,-0.0112495441645738,-0.014106606735661109,0.04479319753481681,-0.0007336757153337814,-0.03305785123966942,0.01955071944489495,0.00629274965800275,0.009009009009008917
2020-08-27,0.02494061757719712,-0.008066339687586965,-0.003385675736190197,-0.00984179732390067,0.0018583678474326515,0.001221448638084821,0.047948001691890285,0.015103381177258735,-0.015311705126547004,0.011013215859030812,0.024691358024691468,0.029783742775168154,0.019303969548667643,0.019736842105263053
2020-08-28,0.0397837002703747,-0.0016263869269335096,-0.006022226324638225,0.022377185962904944,0.010118034488434624,0.03375357160542203,0.030244307398186843,-0.013312456554423369,0.022214008751771264,0.005083514887436413,-0.008341056533827662,-0.0237718061375064,0.014137103227527259,-0.005990783410138256
2020-08-31,0.01151560178306088,-0.008377952062475491,0.0006214216843336562,0.0015270284217046015,0.015358933413151199,0.021243151928018955,-0.010161817745556356,0.004761862232212533,0.029952902789744273,0.007225433526011571,0.025233644859813165,0.013798707833196255,0.0007890583903209514,0.009272137227630983
2020-09-01,0.0044069041498346895,0.0035202466330217508,0.0038813846574436983,0.0003049276242030885,-0.010358389943047719,0.01617866560364556,-0.03916355876428468,-0.004739294365366686,0.0017230996906738572,0.0028694404591105283,0.013673655423883213,-0.01921535432475663,0.003942181340341744,0.021129995406522717
2020-09-02,0.005484460694698434,-0.029232929117551487,-0.0074234972123095044,-0.017173014732414726,-0.002159829095986776,-0.0030325543214072548,-0.016224728998172067,-0.012698475892249372,-0.04342482303827522,0.0007153075822603494,-0.010791366906474864,0.011428599454918587,0.007853403141361293,-0.01439496176338284
2020-09-03,-0.017090909090909046,-0.003372666714269945,-0.009660313632543938,-0.003515327100031884,-0.014985040286229268,0.0007605026883317212,0.00040222344979978786,-0.02974275707714147,-0.01886307492396222,-0.015010721944245908,-0.011818181818181839,0.0044390112976151475,0.006493506493506551,-0.008215426745778132
2020-09-04,-0.01442841287458374,-0.038675332739444235,0.00881059410307583,-0.0019194600636733838,0.029918872394553597,0.02431608510508032,0.040611206689448176,-0.011598955525116583,-0.00594727484939539,0.007982583454281489,-0.009199632014719406,0.004419470190799135,0.0007741935483871476,-0.00644270593649332
2020-09-08,-0.01501501501501501,-0.07568524268505195,-0.01450411852832656,0.004729962820551936,-0.011160321763738712,-0.014836794916333051,-0.0726429518798909,0.009220423626437269,0.010836849205919652,0.010799136069114423,-0.005571030640668551,0.004400024414062509,0.0036101083032491488,-0.01204261232051873
2020-09-09,0.0026676829268292845,0.03509251834681648,0.002532043850124177,0.006052742458290128,0.00912860206938615,-0.023719947913297457,0.002499918043616711,-0.0008305837968040075,0.0033874181873898568,-0.002849002849002802,-0.0028011204481792618,-0.0011947704466857,0.006937307297019579,0.0014064697609001975
2020-09-10,-0.009502090459901136,-0.01971090709693113,0.00962905485468557,0.004885072370303334,-0.01743420196124379,0.021982308042306054,-0.03449706906657535,-0.009975053052594274,0.007716571459625232,0.020714285714285685,0.016853932584269593,0.003189789631157014,0.0053585098239345985,0.011235955056179803
2020-09-11,0.005372217958557135,0.0008043591047672827,0.0015634533388442229,-0.008392131180801399,0.015734828093578956,0.006415140403891462,-0.023245760603520238,0.0008396497909284317,-0.01560946083678838,0.021693491952414323,-0.006445672191528584,-0.029014290407931576,0.020812182741116736,-0.01157407407407407
2020-09-14,0.003053435114503733,-0.0018752613471143542,0.021854536047997364,0.00789551366100194,0.010711941156344329,-0.07349083316989402,0.018069585019285794,-0.013422805905036084,0.018325283864247366,-0.020547945205479423,0.0,0.0,0.01367478866235694,0.02763466042154561
2020-09-15,0.05251141552511407,0.027375214807086934,-0.0010693506844369205,0.0016384584927493506,-0.0011413614218128698,-0.010926799434801127,0.02251084288504246,0.02721085787382216,0.004296910626192307,0.023776223776223793,-0.001853568118628357,-0.005321369893216632,-0.027225901398086783,-0.018687329079307147
2020-09-16,-0.05929139551699203,0.049111837201311515,-0.006422972516678116,0.0019935093014418204,-0.0016323460925544708,-0.01350240538208225,-0.04022016472079282,0.022351031412989997,0.000329074476291602,0.015710382513661303,0.013927576601671321,0.0008230641313424769,0.019919314170448787,0.0069670227589411216
2020-09-17,-0.000768639508070712,0.020169356981290187,-0.009542908033445818,-0.010305046258060946,0.0027795488945969726,-0.020323554671208277,-0.09925006996381236,0.02186230734814143,-0.013525824824580424,0.00941492938802968,-0.0009157509157509125,0.007401328430694409,0.017058096415327517,0.0262915129151291
2020-09-18,0.015769230769230758,0.003417119489312892,-0.0029525224011951456,0.006237100817493513,0.015326975556283484,-0.03810330277850149,0.0029383162581499978,0.011885940852997434,0.0015934506802135484,0.008660892738174608,0.03849679193400557,0.02163268108757177,0.014584346135148252,0.03370786516853941
2020-09-21,-0.004543733434305142,-0.043784947952720366,-0.0065461652068236065,-0.026074496721810836,-0.026979318270680896,-0.01408449379940424,-0.10400393018107823,-0.017227898131754293,-0.10096936894620756,-0.023117569352708034,0.001765225066195919,-0.02357171939282765,-0.020124580737901243,-0.03521739130434787
2020-09-22,-0.027767211867630315,0.007377183686060995,0.0015688495683687798,-0.0013675445259373475,0.009737582952666246,-0.01205355780465267,-0.0005449845826985822,0.02709164521279428,0.005885001452941463,-0.0013522650439485862,0.01938325991189438,0.024549933238897204,-0.0026894865525672884,0.005858494817485349
2020-09-23,0.009389671361502261,0.008333379893192383,-0.001253161511019285,-0.020383414973937142,-0.021412232969633904,-0.00135563961871088,0.1586695801226503,-0.0054306164960497005,-0.05842400496868938,-0.0020311442112389555,-0.0051858254105444646,-0.0023962208904636517,-0.005148320666830131,-0.016129032258064502
2020-09-24,0.0073643410852712865,0.00951668082171242,0.003293646560511343,0.004516384915210114,-0.008184363866814093,0.005882366750035395,0.05788230895996094,0.0015600981466283859,0.004518992431934876,-0.013568521031207648,-0.0069504778453518545,0.005604535610993722,-0.01429275505174965,0.001366120218579292
2020-09-25,-0.011927664486340861,-0.0014884984184290184,0.010786344040008222,-0.005673659144257326,0.0013472375767582534,0.0224921274465113,-0.04848753207594392,0.012461047158154548,-0.004368882776191407,0.004814305364511773,-0.012248468941382318,-0.008758010085712975,0.0024999999999999467,-0.010004547521600737
2020-09-28,0.007398753894080956,0.008695614263878104,-0.004021065906354537,0.00812838351356171,0.005549948170223695,-0.036075657009010165,-0.017765249872486732,-0.031538449800931456,0.0222009677699766,0.004106776180698102,-0.025686448184233823,0.000803231247794356,-0.006234413965087282,0.011024345429490046
2020-09-29,0.00038654812524163695,-0.03226595093171636,-0.006211203670828613,0.01148013639440748,-0.0020070385916691746,0.0,0.21894337110696016,0.03177121633696345,0.03621214243698323,-0.005453306066803054,0.009090909090909038,0.004012856386981234,-0.0032622333751568533,-0.0013630168105406293
2020-09-30,-0.016228748068006227,0.02367015229078917,0.007656216621398926,-0.003589742201786761,0.01508298181210277,0.012779496645225485,-0.013276125289563123,0.006158577761019357,-0.038843257948727006,0.03906785469499652,0.029729729729729648,-0.0027977495421067644,0.030715005035246712,0.05186533212010924
2020-10-01,-0.014925373134328401,-0.03729487703814094,0.0018607962561190128,0.011072860616721858,-0.05448240300099583,-0.0351509148603556,0.0,0.0390206764185157,0.03243290276836186,0.009894459102902431,-0.006124234470691214,0.002805598905158968,0.0,-0.013408304498269907
2020-10-02,-0.010366826156299802,-0.0431302151599533,-0.001393034614377231,-0.004296831449006722,0.040160560980950555,0.017748658031945475,-0.03521962342506457,-0.002209111424133492,-0.009176212738783218,-0.007838014369693003,0.0061619718309859906,0.0031974389385445168,-0.0026868588177820785,0.005260850504164916
2020-10-05,-0.009266720386784888,0.05856955542044817,0.003254908939765988,0.006473028704447437,-0.004532474636856909,-0.016062414401272096,0.07260051206209295,0.004428004804266195,0.022151771826652844,-0.0006583278472679366,0.006999125109361293,0.011553745170171492,0.0007347538574578039,0.01918883558656792
2020-10-06,-0.008946726311508724,0.03697085423538371,0.0128224031919697,-0.005960797079248348,0.0001687022574823338,0.004197804015367623,-0.036328882701250564,0.019838388286160358,-0.02579381065311237,0.01449275362318847,0.010425716768027726,-0.00551395797612797,0.022026431718061623,0.014548566538296948
2020-10-07,0.006155108740254489,-0.017703403944474116,0.011134889934691694,-0.009205197109429464,0.023267497756308764,0.0181142305675992,0.03412697076136695,0.018732004808222458,-0.0009217120111419952,0.009740259740259827,0.011177987962166736,0.002772265141553154,0.006704980842911823,0.024884015183466834
2020-10-08,0.008564437194127139,0.031038744432762222,-0.0015085001167599588,0.0026544914338537673,0.002471633530712447,0.00593067093912758,0.008058383459788487,0.0021216217993487163,-0.00046124118427093297,-0.004501607717041778,-0.004251700680272141,-0.0003949537520682167,-0.0009514747859181716,-0.02016460905349793
2020-10-09,-0.01657905378083302,-0.014323869197832795,0.02190658550777025,0.01636133898840897,0.012327384599178925,0.011791410900297672,0.04339544710379517,0.004234260100164811,0.051684371207477264,0.02067183462532296,-0.0017079419299743659,-0.015013795684900577,0.014761904761904754,-0.002519949601007987
2020-10-12,0.004934210526315708,-0.028817689973340332,0.010792480241289093,0.0015629070070330986,-0.006007420512235684,-0.02151502877830791,0.05107628898907124,-0.02740684484850986,0.006262698411732215,-0.015189873417721489,-0.029940119760479056,-0.012835928235339078,-0.029798216799624577,0.0008421052631579773
2020-10-13,-0.025777414075286442,0.01952828941932827,0.006728083457560707,-0.01768530559167747,-0.006043805615259745,0.00870359079213534,-0.009024652033840397,0.012283242371363468,-0.045191445224517235,0.005784061696658016,0.002645502645502562,-0.0056887969737872135,0.00991535671100352,-0.00042069835927638355
2020-10-14,0.004199916001679904,0.020895525787210767,0.0014528326523446378,0.00677789188674871,0.0016433446149530795,-0.004541326130150014,-0.07670756554339642,0.013561711440347679,0.011541969310898903,0.013418530351437807,0.012313104661389573,0.015937936572978373,0.01173371647509569,0.004629629629629539
2020-10-15,-0.020075282308657516,-0.001949362311646996,0.004207179954205831,0.0009992648687517924,0.011648909208558988,-0.0009123948495738388,0.05273148016246121,-0.001408415799858398,-0.007018532454792226,0.01828499369482972,0.020851433536055675,0.006838297349966993,0.005680473372781103,0.03602848764139077
2020-10-16,0.007682458386683688,-0.0019530766148807555,0.010112639929177325,-0.001260982768664043,-0.0058384326271074816,-0.020547945205479423,-0.0007207543752599799,0.01763046506485244,0.007274777083119854,-0.004334365325077361,0.002553191489361728,-0.011186603234689452,-0.011532125205930832,0.011322280630812864
2020-10-19,0.02710715798390506,-0.001223073281657605,0.017734632803734884,0.0029461150263490055,0.005220238866630478,-0.011188782734192881,0.007933672690755289,0.020097017028406494,0.01181829836853554,0.008084577114427782,0.01018675721561979,0.006060590647687825,0.004047619047619078,0.0027988804478209506
2020-10-20,-0.01773195876288658,0.015429763045927691,-0.001967495950502829,0.002098195524955271,0.020285620961209894,-0.010843955613255796,0.04221825663562817,-0.01222828137978793,0.011355829635558479,0.008636644046884578,0.008403361344537785,-0.016867473201942818,0.00924828076831874,0.00797448165869219
2020-10-21,0.018891687657430767,-0.03449108385801525,0.0002816709857291766,0.007432972670857296,0.016223915502667996,-0.007149666244904429,0.03776172024113911,-0.0027510290204931787,0.01042628327457873,0.012232415902140747,0.01333333333333342,-0.0036764768901490497,0.007518796992481258,-0.0035601265822784445
2020-10-22,0.019365471775854903,0.015238586783746122,0.012668940234799253,-0.012210329573991374,-0.013930153244672061,0.02448387311573552,-0.005292766263589654,0.01931032641180641,-0.021113607865267614,0.0060422960725075026,-0.00164473684210531,0.0020500674727528256,0.0016324626865671377,-0.011115522032552616
2020-10-23,0.0020210185933711156,-0.01943899919763703,-0.00903532810425356,0.0004734229791283351,-0.007777819322319024,-0.010309264344727898,-0.011972069742866354,-0.004059503858348301,-0.0015406489114542232,0.007207207207207134,0.0,0.010229132346033287,0.0093131548311991,0.016057808109193106
2020-10-26,0.007260992335619276,-0.032371321210157955,0.011502310061629162,0.0003680079768006994,-0.011838087122444496,0.009943210861079077,0.017839102685864416,0.0033967520263473716,-0.010192120428379359,-0.003577817531305927,0.009884678747940745,-0.0044552696627052635,0.0036908881199537724,-0.020150138285262797
2020-10-27,-0.018021625951141318,0.02619290159654364,-0.001109441552871182,0.00320602187039154,0.0004856374518416029,0.002812896559504452,-0.0016533981941211362,0.0040622521383095744,0.00615357818799378,-0.00418910831837227,0.004893964110929794,0.01545968925736707,-0.005056308894507033,-0.006854838709677402
2020-10-28,-0.030995106035889064,-0.055092249734359444,-0.02582258283872374,-0.017078843683110856,-0.01067960947807245,-0.01823279106016129,-0.007618417191282312,0.00404588131661332,-0.04900920288362254,-0.034855769230769273,-0.038961038961038974,-0.0008012240043502317,-0.023100023100023126,-0.01136825010150222
2020-10-29,-0.015572390572390571,-0.032629078379736165,-0.004987864945904863,-0.005649704648652554,-0.0016355499346552005,-0.003809538341703833,0.10180242373649495,-0.03290803985858981,0.0006431700128544104,-0.007471980074719831,0.010979729729729826,0.0,-0.0052021754551903054,-0.008213552361396315
2020-10-30,-0.01966652415562209,-0.010505868749095648,-0.012890311226191886,0.006325069137299355,-0.0027850914333674703,-0.0019120167414884426,0.01605573202012689,-0.0027777752022684066,0.011911387358885639,0.0,-0.006683375104427736,0.004410533305831965,0.0045162823864985935,-0.008695652173912993
2020-11-02,-0.015699956389010006,0.02849959294974891,-0.0027567442985994006,0.0069244699216712835,0.009857063222012297,-0.015325655658390835,-0.03279669961591436,0.04247915215429132,0.016471183021310676,-0.0025094102885822034,-0.015979814970563444,0.0015968429838577602,-0.005442498816848107,0.015037593984962516
2020-11-03,0.014621178555604741,0.023091508894586665,0.021969946647523386,0.009574680148212389,0.004392378579701761,0.006322897638019631,-0.05702834314813365,-0.016700066502378208,0.012455210360543312,0.008805031446540879,0.011965811965811923,-0.004384241119273824,0.007851534618129818,0.0008230452674897748
2020-11-04,-0.006113537117903967,0.039564569423894635,-0.00014229081918992748,-0.007283219499115812,0.004535205010636645,-0.004349898129695773,-0.004249758541760573,-0.004755478751948705,-0.018144413873852128,0.010598503740648413,0.0025337837837837718,0.002401976556867691,0.018885741265344702,-0.003289473684210509
2020-11-05,0.01581722319859402,-0.009195417530535654,-0.00227828071281988,0.02676030502244031,0.0011286632252689444,0.0286407470703125,-0.03414316855629962,-0.011604101073075634,0.05476865525449215,0.009870450339296788,0.017691659646166702,0.01198079976404931,0.02108433734939763,0.005363036303630331
2020-11-06,0.009083044982698851,-0.04253677460519012,-0.02069354865930295,0.0025702975759509528,0.014333990440371203,0.009438414618251567,-0.01835482747392514,0.029696154611160264,0.018870938397207215,-0.00610873549175317,-0.004966887417218513,-0.020126291468461233,-0.002949852507374673,-0.011899876897825235
2020-11-09,0.024432061723103304,0.08481425895652728,0.020110714051038148,-0.04978726104970077,0.0007939210150802456,-0.0009350021222486182,-0.010041566396849722,-0.002012054545821984,-0.07646418347911521,0.0018438844499077955,0.009151414309484185,-0.0020136623928384,0.00591715976331364,-0.007475083056478371
2020-11-10,-0.021338912133891164,0.026557450248452463,-0.002142878941127191,0.01197931892246662,-0.00031728622084348235,0.00421155436652354,0.03147950863589788,-0.013440847293478053,0.0321300273052445,0.03803680981595092,0.013190436933223415,-0.008474616061429852,0.030090497737556454,0.018410041841004254
2020-11-11,0.005985463873450225,0.002176019131038487,-0.008160339402661587,-0.007838366775525851,-0.006824348586799589,0.016775352946588606,0.02780604288041988,-0.01294281540243758,-0.007976752910099472,-0.013593380614657202,-0.011391375101708734,-0.0044770293739455624,0.0043927081045465055,-0.01725554642563676
2020-11-12,-0.0055248618784530246,-0.007961443304718707,-0.011547278239882774,0.006395455864105282,0.004474253498006009,0.009165902969624717,-0.01814577042988108,0.02967565990117338,0.001608241545799416,-0.02156980227681249,-0.012345679012345734,-0.014717854312245593,-0.005466870763175202,-0.016304347826086918
2020-11-13,0.010683760683760646,-0.024075824160634363,-0.0002921184503550389,0.006995608115309526,0.010340448544027048,-0.007720240562227532,0.006384346282468867,0.0026809625769763645,0.01930835096721184,0.005511328842620955,-0.015000000000000013,0.0,0.003957783641160839,0.008924776880578023
2020-11-16,0.12177589852008452,0.03015198236398864,0.016213856634469614,0.0008485430862188448,0.014013576983037401,0.0585812496647955,-0.09949912195090882,0.03409092430356764,0.0010904527262358688,0.014007308160779441,0.002538071065989911,0.019087098638651767,0.010512483574244502,0.0075821398483570945
2020-11-17,0.04334715416509605,0.0021770718978155745,-0.0066120322910807605,-0.0014836267449171991,-0.007298125918920317,0.004755688846577399,-0.0018539541681171778,-0.010342588535897868,-0.006092111413295687,0.00960960960960966,0.0,0.004071676858478757,0.014087559601213773,-0.004598662207357829
2020-11-18,0.02276011560693636,0.009413453699630203,0.008247716535815464,-0.005837092066861227,0.0004692292355994443,0.03055080159200907,0.007429413662093598,0.009144309981145238,-0.008199702148564136,0.013087447947650155,0.00421940928270037,0.009732350876042295,0.005129301132720698,0.004199916001679904
2020-11-19,0.029671494171670698,-0.0019129128871639978,-0.005166484052452347,-0.00661864126718037,0.0017198493683623362,0.007515670362245652,-0.04424774715532864,-0.011003241319912482,-0.0163712851179737,-0.007633587786259555,-0.0008403361344537785,-0.000803231247794356,0.0014884116521369783,-0.010037641154328703
2020-11-20,0.016123499142367104,0.00982270797616236,0.02250429263504783,0.006179141449066616,0.028094244812972624,-0.04268546589926281,0.022376576993563768,-0.0045811319402823125,0.013106920247544895,0.0017751479289940253,0.001682085786375076,0.0020096923671937272,0.002972399150743099,0.0025348542458809575
2020-11-23,0.020256583389601568,0.02158955668965734,0.017917668195164937,-0.018583748377398956,-0.010323340046358931,-0.009090935513054621,0.02301881815284812,-0.003944800753860389,-0.029735462302524218,0.007678676904902648,-0.035264483627204024,-0.0020056616043763187,0.008890770533446224,0.00927096502317748
2020-11-24,0.010589013898080646,0.0429632702071534,-0.008593246479137617,-0.0179562515634073,0.01242519566854261,-0.011358632215177633,0.02360757303954575,-0.007260703593860329,-0.014053535586777688,-0.0017584994138335475,0.0008703220191470518,-0.004019231410537283,-0.00020981955518251105,0.02087682672233826
2020-11-25,-0.01997380484610345,0.01781338765928875,-0.010205448622911839,0.0004986160900950498,0.003636389120223127,0.011931051311672602,0.043603534746478045,-0.017952094732325397,0.002747771074925076,-0.01350557839107458,-0.006086956521739184,0.0044390112976151475,-0.006086044071353602,-0.03762781186094066
2020-11-27,0.014032743067156739,-0.0039378759304531386,0.01242933920178868,-0.013180443817571552,0.026419038644757364,0.06288206941696228,-0.018301096330329614,0.0033851885924800484,-0.03438094591781593,0.013095238095238049,0.00962379702537186,0.0184813580996952,0.006545608108108114,0.014024649383765464
2020-11-30,-0.008896210873146626,-0.004173042648869529,-0.015206528496714444,-0.0034794731226440723,0.006177422422610546,-0.008216927075399116,0.013717916011916964,-0.02091764320687861,-0.0008424200840525531,-0.013513513513513487,-0.012998266897746968,-0.009467446449965333,-0.01950912523599746,-0.027242246437552353
2020-12-01,-0.015957446808510634,-0.017423928382634846,0.0,0.02162528888324866,0.013886827814529434,-0.04183923405175216,-0.0006939122354894245,0.0,0.06652172374746335,-0.0119118522930316,0.017559262510974616,-0.001991284077809463,-0.005562687205819428,-0.025420077552778975
2020-12-02,-0.017905405405405417,0.016386073058090034,-0.008499766330190783,0.006394341955817895,0.0020184456785807825,0.010376108364976266,-0.03472227051302046,0.006202629301738316,-0.0003329308533965847,0.010247136829415249,0.016393442622950838,-0.006384670822900729,-0.0077452667814114085,0.022104332449160102
2020-12-03,-0.0034399724802202103,0.007950543729170034,-0.008144016462662051,0.006079913432174289,0.0011511329582580831,0.006846410459602881,-0.09820144054565261,0.0075342228632306885,0.0025806566344492854,0.00835322195704058,0.03140916808149408,-0.010040160796386255,0.013226366001734657,-0.010813148788927363
2020-12-04,-0.006558508802209206,0.013584551712886084,0.006338266393142611,-0.0004899958569996032,0.010060318048594308,-0.0195495369479608,0.027124084175929486,-0.0183548917106382,0.004815843497162131,-0.013017751479289963,0.031275720164609,-0.008113543962916525,-0.004493901134175027,-0.009182334936598147
2020-12-07,-0.01459346768589298,-0.01080847423566067,0.011021995939580753,0.014107535306737917,-0.0015651223330228614,0.013870814870275527,-0.06563112452180875,0.0006925366462906535,0.02222865456695855,0.005995203836930418,0.03750997605746198,0.006952968138619786,-0.0038693035253654084,0.00838481906443067
2020-12-08,-0.04795486600846266,-0.0034965002902287434,-0.0063711873954577225,0.004834031455560828,-0.004132860405840932,0.0012826124821985196,-0.0029093806219989693,-0.004152212230751129,-0.0023038360751711506,-0.005959475566150174,0.016153846153846185,0.0016246550290515138,-0.011005610703495927,-0.013129102844638973
2020-12-09,-0.009629629629629655,-0.0017543425226828058,0.04089488079370063,-0.019350049335771224,0.004006851497704078,-0.01878733541340205,0.017924128428012498,0.04030576163086663,-0.030546090974595375,0.011990407673860837,0.012869038607115746,0.0028385926706144815,0.01112808204233029,0.023503325942350273
2020-12-10,0.006731488406880981,0.027680103446007465,0.0165639840372811,-0.000545077953399975,0.017816420135414734,0.03176676655706401,0.045454572081593536,-0.020708110493456,0.00422063647577442,-0.00414691943127965,0.013452914798206317,0.0028305578697915834,-0.004963314630988314,0.022963604852686226
2020-12-11,0.020430906389301562,-0.00448907845131441,-0.002423920010742431,0.0033813663420267925,-0.01302337737472059,0.004639353928343359,0.014884491660392518,-0.015688918460454837,4.1590057753726484e-05,0.009518143961927406,0.016961651917404064,0.005645213762259127,0.006723053567555759,0.030495552731893305
2020-12-14,-0.012377138696760048,0.009018724208607942,0.007964313219594121,-0.006033317404964933,-0.0005674957666155223,0.037363598947515175,0.035121512495764895,-0.021483050108149215,-0.0019556831918629003,-0.011785503830288757,0.0,-0.0044106097833216396,0.007755277897457891,-0.024249897246198082
2020-12-15,-0.017692591227423504,0.013407048966049828,0.012320854312380725,0.012905396339692787,0.004542882477852617,-0.003642287062091021,0.0,0.006373948535221663,0.024848811710301177,0.013118664281454917,-0.031182015953589604,-0.006846559678465369,0.012612227447627244,0.010530749789384952
2020-12-16,-0.05553470919324577,0.004199932117292304,0.0007938244595231403,0.0020514639408537594,0.004522270639716552,0.01584081723645725,-0.0018642342163028847,0.01970441465302808,0.016435508980275015,0.005885815185403098,0.0059880239520957446,0.000811048576132567,-0.00042220814861726463,-0.002084201750729431
2020-12-17,0.009535160905840279,0.011292365515966019,0.020356918499208954,0.01675554980604943,0.012099038839018306,0.0,-0.015315699324341181,0.013112528437462911,0.044626765814694824,0.012287887653598561,0.0022321428571427937,0.019854123381651823,0.014783526927138357,0.01712614870509599
2020-12-18,-0.01377410468319562,0.01530185803205164,-0.0003886355531552699,-0.0007948283376483234,0.008757326135217403,-0.0107957302724484,0.02427926088429233,-0.016348822874878488,-0.005785477944655781,0.011560693641618602,0.0029695619896066283,-0.00039730746331045896,0.015608740894901052,-0.000821355236139576
2020-12-21,0.019553072625698276,-0.027698509937247873,-0.031104217366146436,-0.0034469958998304406,-0.015295585159424085,0.0048504940850295775,0.0018518059014955845,0.006232697728755898,0.012678734462502783,0.005714285714285783,0.0,-0.01748809764412118,0.019057377049180424,0.004932182490752224
2020-12-22,-0.007827788649706457,-0.015081717540615047,0.0008025355387821786,-0.006704968025398328,-0.015393245861138771,-0.0008045543126332655,0.02772645094235715,0.0006882470107101302,-0.032118116545839404,0.007954545454545547,-0.002960769800148033,0.0004045400145473721,0.003217373818620528,0.009406952965235194
2020-12-23,0.008678500986193383,0.023394267618290998,0.017642337613047676,0.00433942767163864,0.009664627458081831,0.0028180846386129943,-0.06187047953438052,0.019944976796001823,0.015333781136056546,0.008455467869222133,-0.0014847809948033142,0.00202188214050647,0.009220284626177522,0.020664505672609357
2020-12-24,0.014078998826750011,0.0022859645218877844,0.0007879900062346401,0.0027738162786727916,0.0022522232263726405,0.011240416396478103,-0.03450926043161262,0.004720141280130541,-0.0005033527428810469,0.008384572386808342,-0.0022304832713754275,-0.008878176537811311,0.0037735849056603765,-0.004366812227074246
2020-12-28,-0.012726571538758225,-0.012647742403923634,0.0019685240405034055,-0.0014362855508920358,0.002808986130333757,-0.020643100731392083,-0.08459087777146224,0.005369122533839699,0.02514425011738486,0.012195121951219523,0.0037257824143070994,-0.02320845713431885,-0.006529481598733677,-0.020334928229665095
2020-12-29,-0.020703125000000044,0.007979863012151256,0.008644448923375903,0.0013317707569933113,-0.004761893631251901,0.016619400706258558,0.070281967974128,0.004005368588131608,-0.012169259536383037,0.020810514786418377,0.006681514476614803,0.017507298053399234,0.03206532563234421,0.00691900691900682
2020-12-30,0.03589948145193467,0.008333365122477288,0.012465901283503777,0.006011623728074289,-0.002814520275376431,0.0,-0.01824080914259385,0.01595743163077734,0.013390480332519994,0.018240343347639465,0.029498525073746285,0.0,0.0063681976071015,0.03597413096200475
2020-12-31,0.0023103581055063938,0.0024793166963146263,0.0019238363925928592,0.0011105106218600724,-0.00818516624598542,0.022727260282632056,0.04830722804038823,0.013743458234088513,-0.005889464369025044,0.02002107481559534,0.0336676217765044,0.015977033678260533,0.008820709491850431,-0.0003901677721420693
2021-01-04,-0.01959277756434885,-0.018549083210795736,0.010880676449519067,0.027256867704499754,0.011098473252610264,-0.016374257108156653,0.01654196720960499,0.017430630197109442,0.036153715548643106,-0.0005165289256198191,-0.013167013167013186,0.004032273570407474,0.0009503896597604644,0.0023419203747072626
2021-01-05,-0.014890282131661436,0.048509059745994954,0.017474955452529306,0.004113745153939696,0.02462710273713653,-0.008323448585471516,0.046880979805180356,0.022842677990056348,0.010518939473908917,0.016537467700258324,0.020365168539325795,-0.0076305436533509186,0.025446259020129203,0.01869158878504673
2021-01-06,-0.011137629276054106,0.014019642672962185,-0.003609221170312149,-0.023454666821867143,0.0026095389434688254,-0.03357311750176417,0.0051814129857303826,0.008064463647557973,-0.02168944148878771,0.0066090493136756745,-0.009635237439779787,0.005261071344876189,0.01129629629629636,-0.00993883792048933
2021-01-07,0.024537409493161633,0.003950242123644809,-0.0037471325444861092,0.002831834047367865,0.012465698752580856,0.0016542344558976296,0.004786454735145496,-0.03999997652493992,0.008415867489014683,-0.002020202020202033,-0.012508686587908269,0.0024154374224563124,-0.003479216260758089,-0.008108108108108136
2021-01-08,-0.012171181782489215,0.027739519902017173,0.00012530725386472596,-0.040893202554750374,-0.005953142086638441,0.02146984729051593,-0.010626618869960636,0.0,-0.09624999842223003,0.0045546558704452345,0.0070372976776917895,-0.0028112327669325143,0.011209114296214517,-0.00544959128065392
2021-01-11,-0.014308426073131986,0.0001913920599532215,0.008273833394560448,0.008451011507727868,-0.029808130647797526,-0.018189167789077865,0.017407381668666844,0.004487159814904107,0.026726855765900392,-0.008060453400503764,-0.008385744234800874,-0.006041063994811524,-0.0009085953116482193,-0.006262230919765188
2021-01-12,0.007258064516129092,0.018373188219572345,0.015790086264424463,-0.00362237849281577,0.011503964377961973,-0.0004116543731539357,0.0021842162386227493,-0.013401406325751486,0.005745095127490885,0.05078720162519046,0.020436927413671535,0.02188002437202008,0.03455802109858119,0.04765655769988175
2021-01-13,0.0004003202562050667,-0.005638023721524332,-0.009547109038339552,0.005806039953402786,0.003328733386920746,0.03171333134868526,-0.009444250886318728,0.024579567496978205,0.005357692853611873,0.014016433059448996,-0.0006906077348066697,0.021411614997205897,-0.007735583684950753,-0.006766917293233088
2021-01-14,0.0004001600640255454,0.01247400962607248,0.0028423549448604035,-0.001780279888474512,0.014100049318434005,0.016766454883202275,-0.022368943440241096,0.05239898457768977,0.008855792637126214,0.018589132507149664,0.016586040082930298,0.0011646229184374413,0.01807228915662651,0.014383043149129415
2021-01-15,0.01079999999999992,-0.022587252032214677,-0.00554534281177077,-0.011349510590620282,-0.01772084447237121,0.0062818644047792915,0.026631696222165324,-0.013197319277001629,-0.035772528416316174,-0.005147402901263476,-0.0047586675730795225,0.01706082245402607,-0.013748694744169843,0.008208955223880654
2021-01-19,0.024930747922437657,0.011841079538914112,0.00557626511343412,0.0055758765099303,0.00915903220980141,-0.007803296279617733,-0.06978443023011704,-0.021276617947535326,0.018287957773261754,-0.010348071495766664,-0.0095628415300546,0.0060998799162947925,-0.021881065819657652,-0.0048112509252405955
2021-01-20,-0.008108108108108136,0.0049075526326343155,0.005421993884638487,0.01435173928462219,0.00316284940109135,-0.015336252884274093,-0.0027493988499347477,0.010559010699751736,0.017999127172373397,-0.0076045627376425395,0.004137931034482678,0.0011368202856902876,-0.011726501894281038,-0.00669393826701381
2021-01-21,-0.007395873880887471,-0.002066127101495785,0.012011317574707192,-0.0003215475524342981,0.002193254810008982,0.0099840258024666,-0.018905118797055698,-0.013521893946729757,0.0034196492491453956,0.004310344827586299,-0.009615384615384581,0.0026494963899348356,0.0005476451259582849,-0.010482965181579984
2021-01-22,-0.008235294117647007,-0.01618672300136037,-0.012232071454080229,-0.005146677427195323,-0.00547120264842571,-0.01897978611629958,-0.018064969495150796,-0.011214913399237636,-0.01154055959577982,-0.045302813543156906,-0.0423023578363384,0.0022649855213587866,-0.04269293924466333,-0.039727582292849006
2021-01-25,-0.008303677342823224,0.009565716388390433,0.009440955070011636,-0.00043106470812126485,0.00137535813612355,-0.006449036937339114,0.0637775521606414,-0.008191563665933765,-0.0027033475821531816,0.0219780219780219,0.026792179580014563,-0.0030131798871912974,0.024204307223175237,0.022064617809298692
2021-01-26,0.014752791068580517,-0.003032022854352112,-0.007530702451025162,-0.002264312462616047,-0.003433607319859533,0.010141987829614507,0.020753228615470798,0.0,0.0029070675752904673,0.040566959921798595,0.0007052186177716191,0.00528905555832182,0.019910681056940716,0.025828835774865055
2021-01-27,-0.01611001964636538,0.004561829708899623,-0.010647445310611459,-0.0031339098237614937,-0.015573306976733536,0.008032128514056325,0.039156662466513836,0.0038119708061747914,-0.005993179597846732,0.0032879286049789513,-0.006342494714587699,0.0112739282292178,0.003284072249589487,-0.010522360015031929
2021-01-28,0.0023961661341853624,-0.00964992121585273,-0.01125675499676293,-0.0037942435402282815,0.003219902433631905,-0.01195219123505975,-0.034782592921265953,-0.013291141494423342,0.021004136096423265,0.000936329588014928,-0.01631205673758862,-0.004830886715114668,-0.01563920712856881,-0.017090770983668846
2021-01-29,0.00836653386454178,-0.0026748068253782398,0.008882760937843681,0.005114546106532281,-0.002651416927027306,-0.008467766546433997,-0.03753759075165031,0.015394468811363415,0.0382492263934231,0.023386342376052305,0.007930785868781598,0.005227759001449561,0.01237760945871047,0.02472952086553315
2021-02-01,0.006321612011062738,0.025862039356128852,-0.007564491753082381,0.0073079627798224855,-0.0032181004640605693,0.019520143029277293,0.11154447171545612,0.020214762878489223,0.09286249568985294,0.004113345521023826,-0.005722460658083017,-0.008915296078676804,-0.003467153284671509,-0.018099547511312264
2021-02-02,0.020416175893207766,0.022595688173889794,0.00824695329472025,-0.016283344815692047,-0.006457047072809585,-0.015556417805978384,-0.0017543425226828058,0.008668811164331824,-0.10252397664597701,-0.011379153390987717,-0.0057553956834532904,0.0014992131829529853,-0.007690899102728466,-0.00960061443932414
2021-02-03,-0.027702962677953025,0.01698320550915855,0.0037178759857037225,0.0009286813285305229,0.011161344365486547,0.0044570130920780215,-0.019683653326819095,-0.015346837688738568,0.018723448553313204,0.016574585635359185,0.01013024602026058,-0.020209544238604216,0.012179368887248465,0.0054284606436603156
2021-02-04,0.0019786307874951614,0.009696551065604853,0.04062231142494088,-0.023632751834819055,-0.003493096987691069,0.0008068261878004801,0.05234847854070401,0.0006233367183616778,-0.024369398032744294,-0.0036231884057971175,0.0021489971346704273,-0.004965663353698746,0.0009115770282588365,-0.01658310836868493
2021-02-05,0.021721958925750462,0.011026123722783554,-0.01827243637675091,0.012298060092657215,0.020471103347166952,0.0036275448381442033,-0.024531525760335904,0.023053012886071755,0.030164373988428084,-0.0027272727272726893,-0.0014295925661186315,-0.0019193565652552147,-0.004189435336976355,0.00588235294117645
2021-02-08,-0.0038654812524159254,0.019701016299795926,0.018612532696253403,0.011596443600907724,0.010992020479232423,-0.003212863661677945,0.006636414237761734,-0.009135177699958308,0.020581911494617522,0.027803099361896066,0.01646385110952031,-0.0023076717670147406,0.015364916773367376,0.022612085769980528
2021-02-09,0.0015521924718664426,0.006727607062894991,0.03144282824230271,0.0018560098088049592,0.014813836495268795,-0.009266732796283761,-0.01630809570892877,0.010448682944739884,-0.00631120015607467,-0.013303769401330379,-0.0028169014084507005,-0.004240578569269404,0.010088272383354413,-0.009531071292413262
2021-02-10,0.03719488570321583,0.005483202389950925,-0.025997953851334632,0.002887771272711781,0.013927961891853746,-0.01504675494135943,0.026807751034156446,0.016423268956451853,-0.011753559082205767,-0.03910112359550566,-0.016242937853107375,-0.002710015293495016,-0.03406456215444975,-0.021555042340261732
2021-02-11,-0.08516996638027641,-0.007498272399807271,0.02055043735435258,-0.008529800815017974,0.0005282934923538374,0.0008257512417926272,-0.01477155020152554,-0.009575096120788218,-0.0011819305871335617,0.012160898035547207,0.006460875807609456,0.0007764152789582202,0.009970457902511054,-0.0031471282454760274
2021-02-12,0.02204981625153124,0.02111949702589211,0.009952470136673996,-0.0018083449964250153,0.0038284202003711076,-0.0004125034952321416,0.01534167011381582,-0.01027190840669423,0.01039124839996286,-0.004158964879852123,0.0007132667617688604,-0.006206355436405908,0.003290676416819016,0.00513022888713488
2021-02-16,-0.0019976028765481546,0.00975278299061988,0.009739958017784156,-0.013394831324706202,0.012098896175921636,0.02641351141509185,0.07451923490231915,0.021367545751042938,-0.00014638619806417452,0.025058004640371223,0.0071275837491091565,-0.00741610178898422,0.009293002915451876,0.03258735767569698
2021-02-17,-0.020416333066453185,0.018151543154644845,0.002723534456299692,-0.014522577506703604,-0.0031185248879128658,0.010856441420882268,0.028763232364701574,0.013747731531950969,-0.00018306190089467655,0.0013580805794477513,-0.0014154281670205604,0.002359396980823991,-0.0007221520129987447,-0.020532319391635023
2021-02-18,0.04290968532897432,-0.010140643409782824,0.004187446175036413,0.0012986555585965398,0.0209854344644127,0.015115366523527074,-0.0425598259151877,0.0324293145105603,-0.008676851390065687,-0.00497287522603973,0.0014174344436570507,-0.0011769590786541162,-0.006323396567298967,0.028726708074534146
2021-02-19,-0.006661442006269613,-0.021150012716708022,0.0024793596639867133,0.0013533463296615533,0.04429977198503532,-0.0007836871106340348,-0.004218043923323922,0.01599090136981607,0.006463092166000495,-0.013630168105406626,-0.013446567586694935,0.010997670727186826,0.001636363636363658,-0.017735849056603747
2021-02-22,0.018540433925049227,0.037981092779372005,0.02203492727501355,0.01740055270532359,0.01528117302402876,0.04666664273131138,-0.03779730754031185,0.05564922541707573,0.030493150951466097,0.01520036849378159,0.00789096126255373,0.0015540371360929228,0.0047195498275549586,0.020361121782558556
2021-02-23,0.005422153369480931,0.0029272480983124627,0.005059939125977353,-0.0012729987380144525,0.008428620379531404,0.02547777619352143,-0.025059301876829698,-0.019701854403898267,-0.014136643397869242,0.004990925589836603,0.03345195729537376,-0.004266897107126355,0.016079494128274696,0.002635542168674787
2021-02-24,0.02080123266563949,0.025133826784161206,0.010506720538635106,-0.004433606679094204,0.027104505852087124,-0.008768813690249622,-0.008683521151802709,-0.013579576429770701,0.006176389579150232,0.009932279909706576,0.011707988980716344,0.002726906685476038,0.012624466571834914,0.021779947427713164
2021-02-25,0.020754716981132182,0.004903472834673517,-0.04429767016325892,-0.012246715487089666,-0.008137717574270398,0.026170314865379574,-0.026979726234664048,-0.017621128717675627,-0.007897520118156032,-0.008046490835941,0.004084411164057222,-0.005050472491164082,-0.012467076382791875,-0.012495406100698325
2021-02-26,-0.0014787430683919078,-0.03195338923819424,-0.004759725511255475,-0.026093354480996478,-0.04020153245141933,-0.016882118507519417,-0.0021606201184074525,-0.017376651529759868,-0.04468642551177737,0.0013519603424965165,0.021016949152542264,-0.004295220918780429,-0.0005334281650071215,-0.024934871604019304
2021-03-01,0.0129581636430951,-0.013983749761814046,0.02778413174544858,-0.003240539126816877,0.0061057748129131895,-0.012422448894487625,0.002165298505921731,-0.07529957504100038,0.009279559424290262,-0.014401440144014455,-0.007968127490039834,0.003529417748544761,-0.009073118662159763,-0.01717557251908397
2021-03-02,0.002192982456140413,-0.014676771085198381,-0.009084862346741218,0.006153831980225011,0.02718776167009551,-0.014428390945661063,0.022326264798994355,0.013571945288625153,0.007618156911513907,0.024200913242009126,0.0026773761713521083,0.020320455438179508,0.01543985637342904,0.03029126213592237
2021-03-03,0.004376367614879584,0.02560667413049167,-0.028398936115764828,-0.010270571235681092,-0.018551404486247036,-0.015390413654096324,-0.00810144488042075,-0.017650694469919626,-0.018361267169955675,-0.018724921979491715,-0.006675567423230944,0.008425863968278602,-0.002298444130127253,-0.016961929890689786
2021-03-04,0.01125635439360928,0.04161232216961652,-0.015074858055073359,-0.00880318149968351,-0.039007932972285775,-0.020968357819143746,-0.024857930973756992,0.007434996516193282,-0.03501917226555773,-0.007269422989550245,0.010752688172043001,-0.006836320003697383,0.0031897926634769647,-0.0034509202453987253
2021-03-05,-0.02836624775583485,0.035406461569869485,0.00724386929676224,-0.0012939367339462882,0.02405411116136502,0.0027259043625640356,-0.016387500163880242,0.00861004844266633,-0.006959190283485794,0.028832951945080065,0.013962765957446832,-0.009942647521019365,0.013425189895778233,0.0065409772989610815
2021-03-08,-0.004804138950480374,-0.01573601670085989,0.006495737902108445,-0.011955270216799208,0.004037190265848034,0.002330120790351886,-0.013698608371661147,-0.012195052453833122,-0.0006730885847407997,0.005338078291814874,0.022950819672131084,0.001931291834219584,0.002440299808262214,-0.011467889908256867
2021-03-09,0.0074266617155589465,-0.01598771509203245,-0.04609888388556982,0.02318652056161219,-0.02047035771677319,-0.0011624110943513344,-0.0007507858236887044,-0.01851858828892705,0.03597468123133418,-0.005309734513274322,-0.0019230769230769162,-0.004240578569269404,0.0024343592418709648,0.015467904098994678
2021-03-10,0.007371913011426479,0.006717704902752919,0.02960015315938702,0.002854494048556644,0.005597720956706631,0.0034911732221851732,0.01126971151619971,0.003773611387183573,-0.0017592715719935148,-0.025355871886120984,-0.019267822736030782,-0.012388683537336465,-0.020641803989592367,-0.008758568164508707
2021-03-11,0.007317965605561749,0.024518841430783755,0.036728434740477045,0.00046473937155089295,0.024987707463103526,0.0189408336500696,-0.008915278681392858,0.02506269243411796,0.0022987271067189674,0.013235965312642595,0.0,0.0011760363142427899,0.002833864682961318,-0.022281982328082983
2021-03-12,-0.06501997820559391,-0.006210179545016681,-0.008941719628424716,-0.0016257613358544587,0.0006034412610413931,0.004931668296161762,-0.02548728584663129,-0.014058767787541004,-0.010779049319199374,-0.010360360360360366,0.0,0.0003914769449802069,0.0001766160367362435,-0.007072691552062915
2021-03-15,0.0062160062160061536,-0.0033531659603187602,-0.009593380097212889,0.005466719635977002,0.00024120793066839674,-0.007550019049005874,-0.044615362043210594,-0.0006198587757848539,0.014412716797853387,0.000455166135639562,-0.013752455795677854,0.012915848671626762,0.0026487727352992874,0.020973486347447556
2021-03-16,-0.030115830115830078,-0.009022730438869253,0.0023062378393330363,0.0009832559129330232,-0.01627881650549956,0.01787756681684005,0.03140099423620191,0.011166153130033551,-0.010627331194779988,0.008644222020018244,-0.006640106241699861,0.005409632980564627,0.002641775272983482,0.0031007751937983663
2021-03-17,0.003582802547770658,-0.0030864902502700797,-0.004716935588492954,-0.0021957279622206727,0.012012695862411826,-0.0071001265065345764,-0.01327085066761391,-0.01901837303388032,0.002155992679317986,0.006765899864682012,-0.006684491978609652,0.015757103773984538,-0.0038643948708940723,-0.010819165378670781
2021-03-18,0.008330027766759285,-0.07120740840208939,-0.012252978404960091,0.003127115005246095,-0.0026646511978744014,-0.048551029592056816,-0.018591838445767506,-0.006253872997298848,0.01117934887384009,-0.020609318996415715,-0.014131897711978425,-0.013999274875564072,-0.017986245812026125,-0.014843750000000044
2021-03-19,-0.01927616050354053,0.023666636149088482,-0.009011078649105109,0.0053112074249646035,0.0015787629683894355,-0.007515858909560302,0.021765473760117615,-0.00818125309201434,-0.0011017563753171755,0.020585544373284526,-0.0006825938566552558,0.00882584245197493,0.01723828335428257,-0.0055511498810467685
2021-03-22,0.004813477737665384,0.002116591859179895,-0.0007085210011517074,-0.002067288121894273,0.006184139286641965,0.03706663426378509,0.018540406210695526,-0.014593939883905893,-0.020956967858288045,-0.015688032272523578,0.006830601092896238,0.005325195312783304,0.0008826125330980705,0.0003987240829346206
2021-03-23,-0.023153692614770405,-0.061575970146321324,-0.01288116204095946,-0.00753832275760602,-0.014702420985707065,-0.019216045442806307,-0.028659999872572617,-0.006439113297800336,-0.02101699526893641,0.004098360655737654,0.026458616010854863,-0.0003783665821553983,0.004056437389770684,0.011956954962136335
2021-03-24,-0.004903964037597075,0.05921056237925115,-0.013049160227699974,0.00475449265051342,-0.004036202766378838,-0.00862067779996245,0.003987237190562043,0.01296175018208201,3.966074021177768e-05,0.0036281179138322184,0.008592200925313875,0.014004573738263915,0.006674863867907943,-0.01575423395037412
2021-03-25,0.008624229979466103,-0.042824434763252484,-0.04852013441948866,-0.004616538685031757,-0.021245224894051118,0.0007905017717082519,0.020651329666534934,-0.03454894164422362,-0.007102926589216296,-0.012200632625395391,-0.019003931847968558,-0.018290468895907908,-0.012912231722212564,-0.019607843137254943
2021-03-26,0.0008143322475568926,0.041154368013920584,0.024732212539907428,0.004232086877204555,0.023462961448402764,0.015007911127797424,-0.005058370343102858,0.006626867248789248,0.002797526041765863,0.010978956999085021,0.002004008016031955,-0.004942934012842626,-0.009722467739084362,0.001224489795918382
2021-03-29,-0.008950366151342593,0.009676892582832108,0.0013685072668609966,-0.011603727140356623,-0.00870407614242752,-0.011284022943518934,0.011341433224846709,-0.017774819720076773,-0.013749375353181104,-0.010407239819004488,-0.0040000000000000036,0.013756232682538894,-0.005355230274901812,0.00570729718711771
2021-03-30,-0.036535303776683126,-0.01640679197042183,0.0018636045454092365,-0.016470972241106496,-0.01484050900683187,-0.03502561566900453,0.014307788616941819,0.0,-0.025295973542059813,-0.013717421124828544,-0.01338688085676043,-0.003392391641859005,-0.018844221105527637,-0.024321037697608405
2021-03-31,0.0004260758414997845,-0.022956224726055297,0.00297616400776346,0.017756413077116395,0.00502127599970148,0.00734095870375473,-0.005718592077794793,-0.010053593683863604,0.016417225806875102,0.046360686138154916,0.027815468113975506,-0.0030257156615033365,0.05121638924455829,0.02700457000415457
2021-04-01,0.01873935264054505,0.0387086024583132,-0.03622651341091587,0.007410404253727965,0.00012495683390589818,-0.015384627739910117,0.011886464123626705,-0.004062316706643032,0.017049364285848245,-0.007975188303057101,-0.017821782178217838,-0.004931755125384241,-0.02418653210370625,-0.01132686084142398
2021-04-05,-0.02341137123745818,-0.04556548742549782,-0.0008980076660002334,0.0002896032435564244,0.03634324557512736,0.004111842156860002,-0.04850322998910084,0.008837533249747898,-0.006897893777622066,-0.011612326931665917,0.0026881720430107503,0.0034311915424538597,0.007667617689015582,0.011456628477905184
2021-04-06,0.02996575342465757,0.011594207800246004,0.017206009431726565,0.008396062536189852,-0.005423002467278781,0.03890253938870236,-0.021903556405840297,0.021563321531935076,0.01813186593117866,0.0018075011296883048,0.002680965147453085,-0.002279614993847545,0.004247035922845477,-0.004045307443365731
2021-04-07,-0.007065669160432275,0.007416123599016666,0.003534445531208963,-0.0008039186988587632,-0.015146007036366704,-0.0007883206568701784,0.026058586704029274,-0.0013192285152145988,0.0008329330690239889,0.011276499774470095,-0.006684491978609652,0.003046455560121064,-0.007048458149779724,0.0012185215272135785
2021-04-08,-0.014231896190874838,-0.0028442694050623274,0.02402520329697322,0.009597191814547434,0.00971942874347076,0.008678488947700957,0.0007936878869925224,0.002642005346497056,0.013315913492105036,0.0343443354148083,0.014131897711978425,-0.0045558404912009465,0.00461401952085172,0.020283975659229236
2021-04-09,-0.000424628450106157,-0.004697966215862492,0.012160641435154496,-0.007684426015928891,-0.012915797423161957,-0.004692987730011922,0.001586022356704353,0.018445304831497422,-0.010090321002094615,-0.00431220353600692,-0.007962840079628442,-0.0015255152260182925,-0.00865571453806746,0.015904572564612307
2021-04-12,0.005522514868309347,0.0064059519566785905,-0.02742720988325087,-0.006940915113484825,-0.005061031154931284,0.006679812208374214,0.013855932507344182,-0.007115113609691193,-0.018094906095994845,-0.01429190125595492,-0.004013377926421424,0.0007639594167505592,-0.014967925873129007,-0.016829745596868895
2021-04-13,0.017321504013519284,0.008040193234541748,0.020963318167841027,0.008664510410739235,0.0032258091233969832,0.015222457887054563,0.022647343560040722,0.005211721284556381,0.022693403672872092,0.019332161687170446,0.008730691739422536,0.002290055885313391,0.00542691751085389,0.002786624203821697
2021-04-14,0.00539867109634562,0.04935196420143062,0.02908820902340481,-0.006471152831168725,0.023991996023959183,0.015763191108438157,-0.0003817974558124604,0.02786774743985121,0.0038556703568439765,0.024137931034482696,0.018641810918774926,0.0026656395359521134,0.014753508456279318,0.028979753870583602
2021-04-15,-0.00330441966129702,0.004908908172657878,0.009738714068223464,0.017580263744765956,0.021859989779098754,0.004541944110558083,0.01527882405911174,0.032786854687631095,0.01728395043270603,-0.006734006734006703,-0.0013071895424836555,-0.00873526558688853,0.005851063829787284,0.008873456790123413
2021-04-16,-0.0020721094073766766,-0.005200094880527084,-0.015408111154055049,0.007703622633885132,-0.01193721552362137,-0.026752095956282806,0.008276927934441236,0.02075703113601257,0.005509383566158599,-0.007627118644067843,-0.00327225130890052,-0.01302682557925483,0.01057641459545211,-0.0019120458891013214
2021-04-19,0.01204318936877069,0.003960082302711498,-0.0053756654302205,-0.005396276327114924,0.016746453238300596,0.0054201489749377,0.02574627015048403,-0.025717608581700246,-0.010268651934501882,0.01110162254483349,0.0,-0.0027173794333175127,0.011512297226582868,-0.0003831417624521327
2021-04-20,-0.023799753795650358,-0.014831215297645972,0.006125324210314975,0.004464804060731575,-0.006117652444278532,0.020023032133351437,-0.008002936997653642,0.029465900261478772,0.00015484147651578795,0.0244932432432432,0.011818778726198298,-0.00038926542132911024,0.015347473702362446,0.011498658489842883
2021-04-21,0.008406893652795233,-0.01745676131584084,0.012653757078501915,0.00843976795583301,0.014796401595327247,-0.001887504762251524,-0.012834648278389649,0.010137153944753896,0.02825629864348267,0.031327287716405694,0.016872160934458202,0.0019470107658241531,0.017153532608695565,0.020462296324365248
2021-04-22,0.0012505210504376585,0.0013040233585079886,-0.002239802396617363,-0.0061932139451247314,-0.0013997531771160476,0.01588506922838895,0.02117390864600388,-0.0011806645297006702,-0.014718642568042895,0.03996802557953627,0.02680280791320988,0.03847647838054025,0.02404408081482723,0.054957296695135494
2021-04-23,0.0033305578684430515,0.011557855786187288,0.033908350275024146,-0.0023579335768069143,0.01460109822377742,0.01898736406413226,-0.006911623464828098,-0.0005910300730935791,-0.003705972448307282,0.00768639508070712,-0.00807955251709136,0.005239569633038732,0.004239360834827899,0.0
2021-04-26,0.01535269709543563,-0.00370131227060555,0.003999525375125046,0.0012380141653769439,0.02417684104106632,0.035805580401494064,0.021978000864594893,0.015375531119335095,0.005138657818125392,0.038138825324180115,0.016917293233082775,-0.015636636885707378,0.018996590355577103,0.04118268215417098
2021-04-27,-0.003677973028197834,0.016637034111379068,0.025153642944685695,-0.0006744330062985471,0.06632196028100812,0.01834219473379628,0.029749084523916558,0.0448456874980907,0.007668544131459232,0.02204261572373256,-0.00554528650646946,-0.0064296547980385865,-0.01226896112173359,-0.007775524002704537
2021-04-28,-0.0024610336341263084,0.014617127481985293,-0.014766313262584707,-0.0026996900045697103,-0.04343239508778307,-0.00034640145232800457,0.01809956403339852,-0.035674541691461004,-0.012532230558667812,-0.013299784327821751,-0.011771995043370453,0.0022839537455985326,0.00516212292305207,-0.011584327086882507
2021-04-29,0.01110197368421062,0.01800816653441273,-0.03211627837197284,-0.0028761424127984325,-0.009698070759184163,-0.02009708311810121,-0.00478630399763158,-0.012716723876103009,-0.0010735738124046934,0.022950819672131084,-0.006269592476489061,0.015571585590586023,-0.009789760873054054,0.016890727335401534
2021-04-30,-0.04758031720211464,-0.02199661987672563,0.01792992113716263,-0.00045242167799219857,-0.003115944551469574,-0.010254575748452233,0.006870484656400722,0.021077319201383782,-0.007676615340125981,0.054131054131054235,0.011987381703470135,0.0011219404226738838,0.018476499189627127,0.006779661016949046
2021-05-03,-0.005977796754910281,0.014312614131922974,-0.0025163127065676028,0.013636606642951188,0.014288932438382806,-0.008574469270520857,0.01194134626373855,-0.040711064798121255,0.0421614561392456,-0.010472972972973005,-0.004364089775561131,0.003361977999585264,-0.00684277530235522,-0.022895622895622858
2021-05-04,-0.019329896907216537,0.01860760765059477,-0.011925248554583545,-0.008708259112053973,-0.001540930217619474,0.0010810370917793133,0.0003371299709187259,0.023311494779929776,-0.014994663699821609,0.01707067258449979,0.005635566687539173,0.030528655107632474,0.010735459061048003,0.015851137146795313
2021-05-05,0.031099430573806375,-0.0009134599750061367,0.0006963582367802701,0.004673908395987247,0.0006614328810143899,0.06911451782114586,-0.009774197436618559,0.02394858804402178,-0.0013941274877050658,0.011413225914736591,0.013075965130759704,0.020592474296961427,0.003170577045022105,0.025440976933514214
2021-05-06,0.007646559048428259,-0.014017952269492095,0.03768989763977171,0.017599924244015464,0.01762501059725663,0.03367003367003374,-0.003403672766032928,0.0011408185756818234,0.03622364558063618,0.008297378028542912,0.006146281499692652,-0.01557524014363243,0.014854614412136646,0.011247105524313517
2021-05-07,0.021079258010118007,0.0029362145587148447,0.002011626044064352,0.008592660746867153,0.031825035138222324,-0.007817569695388826,0.010245891961531806,-0.0034187731367919527,0.0,0.017445687952600375,-0.00916310323762981,0.020496213799725993,0.009654313298038009,0.012103369316323276
2021-05-10,0.021056977704376534,0.0003081146779084776,-0.013272388944917557,0.0034951802192091375,-0.006819091816269385,-0.03086012379556513,-0.008789730687752129,0.0,0.0006190444406954931,-0.03202846975088969,-0.006165228113440224,-0.021846333693408715,-0.0006169031462059937,-0.040077569489334164
2021-05-11,-0.01940962393853618,0.00554529606446863,-0.008138365669363545,-0.0008707350127551416,0.009506723620509083,0.0020324375376947756,0.00784447562100854,0.03487710796651222,0.006477655513916547,0.015374331550802145,-0.006823821339950409,-0.010086479983317576,0.010802469135802406,0.02323232323232327
2021-05-12,0.02103092783505156,0.012254948938686727,0.005470123725738851,-0.007244429789890039,-0.005441042681240793,-0.01453680855449635,0.004737792807068653,-0.01436465322663838,-0.015402924904723947,-0.0026333113890717463,-0.04871955028107433,-0.0010916586534424066,0.014045801526717527,-0.006581112207963091
2021-05-13,-0.006058158319870777,-0.0342009999032471,-0.03683554206443984,0.0006584402821587787,-0.00988951725819387,-0.0006861482230917648,0.0013472375767582534,-0.040919256501824264,-0.006867183301233704,-0.050825082508250796,-0.044648719632304656,-0.02659385899072697,-0.02905751279735025,-0.037429612454455086
2021-05-14,0.005282405526208844,0.024287105283134602,-0.03000709521094358,0.007731097274066512,-0.008819485802251226,-0.00961204225988066,-0.004036355103657185,-0.00876689190695612,0.011425824882069113,-0.04728789986091797,0.0,-0.0022454890525538396,-0.005272135214761997,0.0010323468685478066
2021-05-17,0.026273241713823836,0.013767689439655673,-0.0013344730067246235,0.016105324115969877,0.012328448785552837,0.005199306759098743,0.049983115036603465,0.001768908506190492,0.033159052636350106,-0.04744525547445255,-0.008934707903780037,0.009377344389755127,-0.010132501948558081,-0.03781368167755239
2021-05-18,-0.013784954706577368,-0.011770013864614959,0.020529670161217206,0.0001606687165327525,0.0029651465005564592,0.04689657277074355,-0.031199705584876725,0.012948753167641325,0.0019107907539352986,0.008812260536398497,-0.01109570041608876,-0.007803756434909492,-0.00834645669291334,-0.0025008931761343334
2021-05-19,-0.013977635782747577,-0.032524008595155696,-0.012974692769530116,0.007227754388629659,-0.03083093924587932,-0.00559951308581863,-0.015936286831790825,-0.015107398917166726,-0.010807366135635044,0.0,-0.007713884992987419,0.0011235497542949613,-0.022868032396379245,-0.02686246418338112
2021-05-20,-0.010125556905629773,-0.02067552652575244,-0.01676313820963171,0.0002657736602469374,-0.0016342023624400515,0.0,-0.013157906379201223,0.005309743276511902,0.0015710020894483812,0.009494872768704976,0.01272084805653706,-0.0063598982119444925,-0.0032504469364537103,-0.005888847994111157
2021-05-21,0.004909983633387904,0.024657576354655486,0.015822408130035548,-0.00271022293756773,-0.018769089877876843,-0.005630943106398445,-0.00649574486000104,-0.021713663107625902,-0.02064025638377387,-0.007524454477050413,-0.006280530355896707,-0.007153562896438204,-0.004565465514430156,-0.0014809329877822908
2021-05-24,-0.027280130293159566,0.03884871263870715,0.0,0.004209529823416602,0.01012016912023217,-0.007328488066529526,-0.006882306132912075,0.00959807118655287,0.015069324934787964,-0.0034116755117513664,0.0035112359550562022,-0.002654592337695494,-0.00229320229320229,-0.017797552836484987
2021-05-25,-0.0037672666387610354,0.0003027500702874608,-0.0013281889731573404,0.007163323875032379,-0.0042937917409684445,0.010067114093959662,0.009355575050180587,0.012477777348381958,0.005378905244637799,-0.05629516926588052,0.009797060881735487,0.003802295983674764,-0.007223772779510806,-0.008682521706304236
2021-05-26,0.01764705882352935,0.0021189555062068877,-0.003264377294825649,0.0016859350315305832,0.0024325866434342647,0.034551474739150656,0.02437344941990549,-0.015258228574677846,-0.006562756748324738,0.006852075775896749,0.011088011088011163,-0.0007575931080556764,-0.005457251529684126,-0.012185833968012205
2021-05-27,0.003303055326176807,0.009666204478147034,0.002062083502073264,-0.0029454044666445967,0.029450716833624435,-0.0022478538958669025,-0.008713144494204683,0.020262225189208838,0.0023695825664244996,0.06405124099279424,0.02193283070596297,0.0034116814045144217,0.022281343531759257,0.0427910562837317
2021-05-28,-0.007407407407407418,-0.007928179377626243,-0.0059314593892900724,0.0035870913136444305,0.003428649671583628,0.04505954119715727,0.009465894818071252,0.014018677532314339,0.002650503357894074,-0.01166290443942819,0.012743125419181656,0.004911260728656108,-0.0042290175666883645,-0.018853974121996298
2021-06-01,0.007877280265339959,0.02110979391316503,0.0259376179028028,0.00021026250410649538,-0.004377940580742368,-0.008007409934613241,0.03951775891011566,0.019009211526713976,0.003215094934082563,0.04872478111914735,0.01920529801324511,-0.0011278453464387272,0.011760862463247257,0.045214770158251705
2021-06-02,-0.002056766762649098,0.016391030572105336,-0.005697369221763671,0.0024173501113669005,-0.013299071701802334,0.0006208683193531517,-0.009342797362648203,-0.0005653040463500236,0.0036677221164960194,-0.019963702359346636,-0.0019493177387914784,0.0018818646964049446,0.009041007426541903,-0.008651766402307137
2021-06-03,-0.00453421269579557,-0.0002906330368847021,0.005252506375057475,-0.019030169765727356,-0.02793477987071291,-0.022029090458725697,-0.011056961880552718,-0.014140271249136416,-0.02575752920877039,-0.01925925925925931,-0.01041666666666663,-0.0011269979601687963,-0.008480000000000043,-0.016363636363636358
2021-06-04,-0.00248447204968949,0.011771620647109238,0.018881415325633588,0.009940197809753748,0.014760144453455526,0.025697891092139935,0.018414993855684125,0.01606418671224752,0.015258581193736243,0.03134441087613293,0.03881578947368425,0.0011282695176135782,0.022268839761174775,0.01700554528650655
2021-06-07,-0.024491490244914926,-0.005601829564242378,-0.0167832446408841,0.0037040955757943195,-0.0005509768094774659,-0.009279307495430822,-0.008718098619073689,-0.018633537027982316,0.004376044401494861,-0.0051263273526180875,0.01899936668777702,-0.0030052562428227736,-0.014838200473559549,-0.011268629589240242
2021-06-08,0.010638297872340496,0.01184457106836323,0.009246073656395515,-0.002425188495272401,0.006174279097897584,-0.01529813950430614,0.018892537133306186,0.01898733829924404,-0.010213896064653505,0.0011041589988958211,0.01429459291485391,-0.009796541820378035,0.012658227848101333,0.007352941176470562
2021-06-09,-0.011368421052631583,-0.001284853152949239,0.01738317321521543,0.0005284853745930462,-0.005807631797711488,-0.0031705771063781363,0.0003196699213698917,0.0011293313832640983,0.009742033421510143,0.01580882352941182,-0.02941176470588236,-0.004185715657437528,-0.011075949367088556,-0.004014598540145964
2021-06-10,0.014906303236797314,0.004717007366684234,0.008543036715601193,0.0005282062253282316,-0.01025023833974692,0.009541984918065127,0.006391812481841397,-0.003948093436633493,0.0010719592153869417,0.011943539630836053,-0.019570707070707072,-0.011845604319397629,-0.011839999999999962,0.0021986075485525003
2021-06-11,-0.013848090642047839,0.008820639330011204,-0.004120886078713082,-0.00886914116295856,0.011470005135823191,-0.007876496685804368,0.04668151085455685,-0.006794956564076693,0.0041406793388421015,-0.0207439198855508,-0.01802962009014808,-0.006187155593030513,-0.022992227979274582,-0.004387568555758725
2021-06-14,0.019574468085106433,-0.0004231618550520899,-0.02356325346848065,-0.007137543538833557,-0.002091825720878182,-0.021276538009891377,0.016990289506414236,-0.014253134945887425,-0.0038036454082265303,-0.03688823959094234,-0.032786885245901676,-0.02684826901066195,-0.02403049386808087,-0.009181050312155659
2021-06-15,-0.00959933222036724,0.017494434836540007,0.0038846597164181595,-0.005096566523605128,-0.042365381622809783,-0.01881900740046294,-0.03341288443306634,-0.013880952328421348,-0.012310851815877655,0.012514220705347023,-0.00881355932203387,-0.015593737947993347,-0.004415011037527616,-0.01927353595255743
2021-06-16,-0.010956595027391436,0.0004159564358627854,0.0005863397335079679,0.0026961445133459883,0.012096721030495639,0.014219637557330245,0.003395036404824525,-0.0005864118463695389,0.004371486644494382,0.008239700374531811,0.026675786593707285,0.0040616763083833884,-0.011768719085792245,0.0018896447467875443
2021-06-17,-0.015338730293992353,-0.01538462351873171,-0.013594323651909379,-0.04608763171383434,-0.0473533773206799,-0.024779934140939708,0.0006152240863346314,-0.02875596550116921,-0.07035969165718825,-0.059435364041604766,-0.025316455696202556,-0.010517808903877102,-0.0819813600276148,-0.03583553376084492
2021-06-18,-0.0038944180008654294,0.008445924357947998,0.0029701794634497958,-0.0033262060275397465,-0.005257572389050336,0.0023402931299536522,-0.011681557505820672,-0.0072506910825742565,0.004411094298109486,0.035150078988941624,0.011619958988380086,0.031071147069841487,0.04982139499906002,0.03716744913928016
2021-06-21,0.0026064291920069316,0.02819659812494102,-0.003909048071693566,0.007862449359187895,0.006006029054705486,0.01634431158631755,-0.007464986024518061,0.02130251825737761,0.0021958242599930955,0.006104540251812285,-0.01756756756756761,0.00872328416704704,0.013610315186246336,-0.0018860807242550015
2021-06-22,0.0077989601386481144,-0.008145615988127686,0.001546020792891012,-0.0030867661069026164,0.011223864199510158,-0.007220256379695922,0.02099652540969732,-0.020858186361593978,-0.006419366550551642,0.0007584376185059138,-0.008940852819807388,0.03380497975428942,-0.014487632508833892,-0.015873015873015928
2021-06-23,-0.012467755803955316,0.00027380609265548195,0.026596982086232623,0.003377807709884495,0.02278897661026158,0.012561943117252117,0.02302027319052513,0.01582472453149797,0.01005881434460787,0.006820765441455157,0.014573213046495503,0.014828947084055466,-0.006812477590534272,0.015745007680491474
2021-06-24,0.007836308228123645,0.0030104161903514726,-0.004973401685508527,-0.0037592285578361695,-0.0045023734512562585,-0.004897159842571885,0.02550256212349189,0.014379854010694748,-0.002336407120018258,-0.01656003010914564,0.030095759233926156,-0.008242833132295901,-0.009927797833935048,-0.015122873345935761
2021-06-25,0.01555075593952493,0.010231923175643143,0.004649558660404951,0.0005631899153806241,-0.00289928931744321,0.031824188305479284,0.022820382988966825,-0.0017720428886428552,0.001343718901328561,-0.02564102564102566,0.0026560424966799445,-0.006422367990322475,-0.030264357338195103,-0.021880998080614167
2021-06-28,0.0,-0.01539499449921189,0.0026611518699695136,0.0016886187331002223,-0.004884835889923056,0.031796502384737746,0.03461099820251756,0.01952662314525866,0.0052143116228184905,0.061272584446190104,0.020529801324503216,0.0003802368506438114,0.02049257379206626,0.014128728414442682
2021-06-29,0.004253509145044632,0.0009600835455807477,-0.001961756186887542,-0.009440282641204889,-0.0003505500012483953,-0.01571650571191252,0.003594141850679078,0.0,-0.013197065601864955,0.02812731310140637,-0.020765736534717694,0.007221609194768996,0.002026529108327235,-0.009674922600619196
2021-06-30,-0.00042354934349853046,0.006714138684990489,-0.028442584636750756,0.0045382345010247516,0.004676716911946377,-0.0021915519813064943,0.0055096364451752144,0.02321530058951793,0.011325030065880703,0.036717062634989306,0.017892644135188762,-0.005660362963406551,0.0663724949439235,0.04962876123485738
2021-07-01,-0.014830508474576232,0.023955384605798935,0.011662541606213273,0.0028800403463464797,-0.012684766759884725,-0.021022943051156373,0.0030136760812609076,0.01758374294088938,-0.003439715247037567,-0.0003472222222222765,0.02473958333333326,-0.0015180612883586297,-0.0022413793103448487,-0.0193596425912137
2021-07-02,-0.01505376344086018,-0.0009304757636671157,0.011998548611160453,0.0037727074045654785,0.009429505158373042,-0.022115365052834512,0.010652836435412372,0.011705634237523688,0.01557047460977068,-0.03126085446335536,0.0025412960609911828,-0.02394523654712044,0.0034560221185415685,-0.019362186788154934
2021-07-06,-0.00917030567685595,-0.023815870520370153,0.004068330571746159,0.006114677753476183,-0.005604896656516312,-0.0304818686479853,-0.0170270170130985,-0.015426930313045872,-0.012348535196490928,-0.059160989602007885,-0.041191381495564006,-0.024922094316309096,-0.06061649733080765,-0.0398761130468448
2021-07-07,-0.0008814455707359947,-0.015946650600259793,0.0028941885615783036,0.004460551993309192,0.016674518764572932,0.012508493440577473,-0.01127306209686152,-0.006715211729030113,-0.0016822940808743914,-0.005335365853658569,0.007270323859881023,0.0067890640067787,0.01668194317140248,-0.00846774193548383
2021-07-08,-0.0004411116012351668,0.010249383995051264,-0.008657509220576731,-0.0010546902104149325,-0.013282486858339215,0.015358951931604858,0.025583984636189827,-0.01690136546819987,-0.005476888282407444,-0.022222222222222254,0.01246719160104992,-0.009520023000158861,0.0027046520014424313,-0.004066693777958541
2021-07-09,0.02294792586054717,0.02220996795947272,0.02456917417131832,0.005779075658564725,0.01896285827672184,-0.004932587865484672,-0.003796078932324365,-0.009742124290045506,0.00939659558052175,-0.012931034482758674,0.02721970187945555,0.009211111570273545,0.009890307498651385,-0.0061249489587587025
2021-07-12,0.03580672993960321,-0.006169515819942961,0.005455203643450091,-0.0024861878453038555,-0.006777715769774595,0.016853952414564555,0.0204137308594301,-0.01678245972243886,0.00022885854598930777,0.06272330289797545,0.032176656151419625,0.004761862232212533,0.020299145299145227,0.04354971240755967
2021-07-13,-0.01291128696376509,0.015519589062886974,0.0033909282041817423,0.002160079985634278,-0.00196625012078111,-0.01137471518085309,-0.014137095831547875,0.0052972427192661264,-0.003890578117922594,0.01158012700784461,0.03973105134474331,0.013428126251415096,0.0038394415357765332,-0.009842519685039353
2021-07-14,0.0012658227848101333,-0.028172793974512,0.02027715579392675,0.00823478734001215,-0.008691599465173172,0.02859954418256927,-0.00974026309128262,-0.008782179110087829,0.00501629408182902,0.008862629246676468,0.0,0.0,0.020688456189151605,0.025844930417495027
2021-07-15,-0.013906447534766109,-0.020237874786326326,-0.008060101130543673,0.0022474239303842403,0.013093344247333771,0.0028762988623838304,-0.012568306758456549,0.023626675210867365,0.004915023571517851,-0.17386530014641288,0.0335097001763669,0.030007812250292254,-0.0137966274910577,0.041860465116279055
2021-07-16,-0.008547008547008517,0.0022330220419752855,0.009572580647900786,-0.007602288464482521,-0.00011544014719999662,0.027406011593568147,0.016602086723271903,0.021927245380237492,-0.02267296958308651,-0.014621178555604741,-0.007963594994311762,0.001135027580419612,0.0050086355785836645,0.030505952380952328
2021-07-19,-0.03491379310344822,-0.07505917801000395,-0.03958099733938525,-0.003196499767497918,-0.028159311707983914,-0.03691065174246,0.028579210224509932,-0.036137742672700646,-0.025255109817758248,0.0,-0.009747706422018387,-0.014361268855432208,-0.018388039181990057,0.007581227436823212
2021-07-20,0.008039303260384045,0.015055706527669743,0.02020436372286416,0.001216383757163264,0.014962642374489521,0.06698868854418283,0.025668135095447964,0.019917994063642697,-0.005930119044184945,0.028327338129496393,0.0440069484655472,0.011503038264500054,0.01085434173669464,0.003941239699032595
2021-07-21,0.003544528134691971,0.04271736815530014,0.002475453859677623,-0.004417692800345763,0.002105961061478423,0.06248117407105602,0.021413876330632187,0.014933959285501341,0.010449677479608566,0.0,0.0088740987243483,0.009097865280592421,-0.002944232767578825,0.014632405424696682
2021-07-22,0.02295805739514356,0.022901856905556794,0.013245037082507016,0.0011647765031341795,0.015294865757946141,0.1002840562300249,0.011113834480058982,-0.0028296115927937127,0.005032050756421214,-0.012680367293397499,-0.0005497526113249496,0.017280205483491073,-0.015980545422963344,-0.026028842771720018
2021-07-23,0.0017263703064307467,0.002224948193114251,0.0005539277015322863,-0.0019944463079986097,0.013454418678154223,-0.024012362731960835,0.014239361307384346,0.03121448415801975,-0.005795362131177262,-0.030558015943312644,0.015401540154015292,0.005539129208008697,-0.010767872903795217,-0.011917659804983716
2021-07-26,0.030590262817751013,-0.002220008788571315,-0.00033213883301852487,-0.0014988748782024386,0.04141617339927062,0.09947091561776622,0.010344900079711561,0.013758943255381073,0.0030533612121776965,0.004568296025582397,0.0010834236186347823,-0.005141365846565105,0.008386866523911518,-0.010233918128654929
2021-07-27,0.0004180602006689238,-0.00361566017229209,0.0049839067856827235,0.0004447928225070896,-0.009370280920352858,-0.029114547463461316,-0.031935707661407964,-0.003800200571893897,-0.02621071772333683,-0.0018190086402910532,0.008116883116883189,-0.004798858153672425,0.0038931162626083538,-0.0036927621861152504
2021-07-28,0.014208106978687907,0.010327953217171393,0.0018735486262086987,0.0,-0.014738212099811077,-0.006443633465961884,0.018383327486444223,0.014168949508273077,0.009093899442337516,0.0009111617312071996,0.0010735373054213682,0.013353138819611532,0.009695046712497879,0.021126760563380254
2021-07-29,0.003296250515039123,0.016991343656641567,-0.0016500002181984996,0.01761597731140596,0.00915380409370914,-0.019705647335390597,0.0037091656611698554,-0.01665778415496566,0.036530375193480014,0.015930814747382893,-0.00536193029490617,0.0014641623709432672,0.001571229050279399,0.023956442831216007
2021-07-30,-0.028336755646817258,0.004482398659995557,-0.010246807881073572,-0.010157260857305284,-0.008738884920520662,-0.08625952645415869,-0.035723079670219926,-0.021311442945780246,-0.009160070703083445,-0.01971326164874554,-0.03665768194070085,0.0,-0.0135959560746034,-0.002126905352711761
2021-08-02,-0.001267962806424383,-0.036375861028019485,0.0026716894008407266,0.00303431538898824,-0.010824697832868102,-0.037593984323432306,0.0053653316972563925,0.00223344030531214,0.0011359812265727687,0.021480804387568497,0.0005595970900951208,-0.013523422184917977,0.0028273546562997964,0.03658969804618106
2021-08-03,0.026661024121878985,-0.009823246655234374,0.0025536067249127825,-0.00440019806799774,-0.011056015668489683,0.01186344337704548,0.023379926039950316,0.0016712411154216067,0.00035218446913498624,-0.014765100671140896,-0.004474272930648726,-0.007039664159646852,-0.018678414096916285,-0.006854009595613442
2021-08-04,-0.013602638087386598,-0.034155273754276405,0.0046511423560482434,0.0002209957568410914,-0.012092168501613987,0.004575280326242215,0.032530430487928585,-0.0027808252688269475,-0.004693766694243151,-0.00862851952770205,-0.0022471910112359383,-0.015298502204624587,0.008080445322319996,-0.01000690131124915
2021-08-05,0.00501462599247815,0.01379302701342966,0.004960283754267492,-0.0029826149760080467,0.0035796925953024417,0.007116424955509348,-0.004329034612322702,0.03848301853393932,-0.006641465217983145,0.01832340815391653,0.03716216216216206,0.006820777163276004,-0.0007125044531528513,-0.006273963053328724
2021-08-06,0.00498960498960499,-0.011723803756369944,0.013710650708620653,-0.024984752199831983,0.0,-0.00508758579726698,0.0,0.0032223127410371255,-0.03817700424405246,-0.0013495276653171517,0.014657980456026065,0.002634538789168861,0.014081996434937682,0.008768853034023083
2021-08-09,-0.0024824162184525767,-0.026361972093488895,-0.012118536457230045,-0.020795440673828103,-0.01346215928720329,0.01903412558815698,-0.019323653692280396,-0.011242022933110052,-0.04347651784922746,-0.008558558558558582,0.0032102728731941976,0.005255304061736243,0.008085779574617646,-0.010778859527120987
2021-08-10,0.0236416424720034,0.027226195354952187,0.01577212227687874,0.0031333551918095726,0.01504545191135831,0.014775543943694514,0.007142926772492508,0.060638921541464,0.0052462546700515755,-0.0018173557473875057,-0.0031999999999999806,0.007094795438288726,0.009590235396687019,0.02214411247803172
2021-08-11,0.01661264181523503,0.014057681528810484,-0.01186110092149173,0.012494201166051155,0.00287252882144462,0.010164868700635266,-0.007336808059935196,-0.006125617064762778,0.004149382671627677,0.012744651797906181,-0.014446227929374,-0.004078557871837307,-0.02901554404145079,0.0
2021-08-12,-0.0007971303308090816,-0.0023105221965252776,0.023243095456181084,-0.0007998311211925291,-0.0018331570325124114,0.014685868145807746,-0.031042110629979525,0.003595357197821558,-0.015719577997709733,0.01932584269662918,0.019001085776330084,0.007073664273699265,-0.0028459622909996485,0.03645116918844571
2021-08-13,0.015955325089748618,-0.009407930683705934,0.015356750484780246,0.014979960647155455,0.007116652366660148,-0.020369890054107942,-0.018306642536662032,0.02098259100317157,0.028695092834758462,0.0022045855379189128,0.05327650506126802,0.0003696942389608271,0.01623260792008563,0.011612475116124843
2021-08-16,-0.0011778563015312216,-0.016803060854117646,-0.0037811218759928877,0.006590848109512271,-0.014816516064966367,0.0024623636018723527,0.02201503154708151,0.004010021085045112,0.0005049241743040334,-0.006159260888693341,0.01163378856853825,0.0014782304625573506,-0.033877479375109654,-0.0022958346999015777
2021-08-17,0.024764150943396235,-0.010402802319998017,0.00896150224349257,-0.001063307621077203,-0.028227722509019615,-0.023198690342777217,-0.027622960784072004,-0.0004992625331512457,-0.005550881651427031,-0.01150951748561313,0.014999999999999902,-0.007749113980267008,-0.005087209302325535,-0.03418803418803418
2021-08-18,0.008822401227464471,-0.016969474629254244,-0.0018808809918053893,-0.0019047755821078871,-0.019999913715176953,0.004191114908020488,0.003909331592842458,0.007492488266757524,-0.009979704578741533,0.006269592476489061,-0.02610837438423641,-0.01190032361798432,-0.007852447041636235,0.0037440435670523797
2021-08-19,0.0041825095057033135,-0.027039420753421917,-0.021461426867754096,-0.0007858242216253197,-0.018829042764506143,-0.008347245550772264,-0.005711338109421149,-0.0188398195007059,-0.008200979728026025,-0.020916777926123675,-0.004046535154274111,-0.006774569335461611,-0.025952512424075147,-0.01322482197355035
2021-08-20,-0.023097311624384664,-0.02151042489283783,0.0046004097524343646,0.0004494151500220589,0.023771251340717114,0.00028060074418712055,0.005483067176023315,-0.010611469535432017,-0.004952617335006737,-0.020454545454545503,0.005586592178770999,0.005684029153018688,-0.022108843537414935,-0.018213058419244033
2021-08-23,-0.0023255813953488857,0.053273422835076634,0.00681575483757646,0.012464879939289686,0.024186698267435913,0.009537149779759835,0.024409208244168923,0.0,0.023544714840435743,-0.0013921113689094877,0.02929292929292937,0.009042945095670607,0.00019323671497595285,0.007700385019250966
2021-08-24,0.0062160062160061536,0.028945788292900954,0.012904603436520112,0.0013309807448158573,0.004841228819905341,0.01861631653419349,-0.012420792300306571,0.0,0.010190672759579078,0.012081784386617,-0.0009813542688911214,-0.0011202645958283686,0.033230293663060184,-0.0024313997915943464
2021-08-25,0.016216216216216273,0.012140948826012021,0.001984072762878819,-0.009636699517796554,0.0023501179261404825,0.004091652959701486,0.0002567161095570203,0.007660858994624542,-0.004981142077916223,0.012396694214876103,0.013261296660117772,-0.001495361328125,0.006731488406880981,-0.009401114206128103
2021-08-26,0.0041793313069908855,-0.013750767013069765,-0.006148997984949167,0.002236886315413855,-0.004454877843036775,0.008693239979336687,0.07364637808413876,-0.0025341732499036818,-0.009465330963623897,0.0027210884353741083,-0.012603005332040729,-0.0033694589413736376,0.01597325408618122,0.019683655536028022
2021-08-27,-0.015512674990541098,0.01957875601711656,0.009542743570579049,0.013614565940651913,0.016603951235031778,0.020737981309400633,0.044455035760507355,0.018292713656964832,0.021829607971236564,0.009497964721845387,0.01718213058419238,-0.006010584136606267,-0.006032906764168233,-0.009307135470527417
2021-08-30,0.005764796310530285,0.006837376131936912,-0.006855677321376263,-0.004183626383395755,0.010309248740410837,0.041688622145036325,-0.014874155359878904,0.008981955569058009,-0.004156291923916311,-0.031810035842293916,-0.016891891891891886,-0.005290982407123113,-0.04009564097848073,-0.013569937369519836
2021-08-31,-0.021780664883454315,-0.010258620052950529,-0.017780534853988228,0.0033167495854062867,-0.00022928858215021108,-0.020010116871196804,0.016724745545615205,-0.018793233119232977,0.0,-0.011568718186025007,-0.025527736867943074,-0.002279614993847545,-0.004598582103851334,-0.002821869488536133
2021-09-01,-0.0007812499999999556,0.001313815151688047,0.002555615529875377,-0.0010468454071970168,-0.02224773373851363,-0.0012923236182158515,0.054375125418961945,-0.00856855216665764,0.009056801736037512,-0.034644194756554336,0.010075566750629816,-0.011805006216314973,-0.016169393647738173,-0.008135833038556806
2021-09-02,0.028537920250195414,0.020411161986103155,0.010515112562132112,-0.002426796356136185,0.006333556260017303,-0.006728794370043811,0.005633808055830913,0.011692910083590746,-0.012491212524488815,0.0014548981571289588,0.010972568578553554,0.006165697214183252,0.0011739385638818156,0.004279600570613384
2021-09-03,0.016343595591030047,-0.010001385478031866,0.005045231868961109,0.012274049782443841,0.00827506990832938,-0.007034866532902417,0.015298449113017032,-0.014070290686646447,0.03715179603137275,-0.015980629539951607,-0.0004933399111988201,0.0011489382840144113,0.0029314051201876357,0.014914772727272707
2021-09-07,0.02954375467464465,-0.013566206220032018,-0.002196183627281467,-0.0191162813552318,-0.011096950347753265,0.004985551996995463,-0.030560283673589206,-0.00713564174355763,-0.017284529177497676,-0.024114173228346414,-0.021717670286278357,0.002295385412854234,-0.011106780982073294,-0.008047585724282769
2021-09-08,-0.009444242644387923,0.013899116296197223,-0.002201097430107213,-0.0028955249019967377,-0.010637119076517765,-0.019582245430809442,0.0757443534774771,0.0005133587842316434,-0.013232535069694129,0.005042864346949116,-0.0010090817356205317,0.0,0.0015763546798028827,-0.014814814814814836
2021-09-09,-0.005133846718005097,-0.01673886884597986,-0.006722682879878539,0.0037415945858505495,0.01216926322459777,-0.01464713715046606,0.023809544603050625,-0.012827090966438637,0.005039159349483846,-0.004515805318615174,-0.022727272727272707,-0.001145064342438662,-0.00944324217981507,-0.023988542785535305
2021-09-10,-0.025801695539992675,0.02318758211340266,0.007085509894653619,-0.0043396287538539635,0.03840311712449229,0.003243276235219694,-0.018485377183773855,-0.0233887141862823,-0.011519491344179289,0.013608870967741993,0.007751937984496138,0.013374107009910707,0.013108242303872863,-0.009537784299339713
2021-09-13,0.012864169504351208,0.010470391777937849,-0.008610728404059409,0.0013410954664752062,-0.01899726547608893,-0.006734913571623702,0.05933570927882781,0.010111687996352092,-0.004275803177288706,-0.011934361014420691,0.009743589743589798,0.0049019290543994565,-0.0021564399137423695,-0.0007407407407407085
2021-09-14,0.007097497198356395,0.00014197497038659357,0.005825605349319751,0.007087026323590928,-0.010427472725975329,-0.0073230597169472444,0.005543927085390088,-0.0010537649233954838,0.0037468443389776507,0.01258178158027179,0.027932960893854775,0.008255205397832421,0.003143418467583592,0.015567086730911894
2021-09-15,0.0025964391691395416,0.030513788728570912,-0.003053927109554544,-0.006815496808666444,0.019800890110785785,0.021857923497267784,0.03802277577232216,0.02953593883607475,-0.00348117939141801,0.060636182902584546,0.06571146245059278,0.026423485757245402,0.014101057579318343,0.0397810218978103
2021-09-16,-0.017018128005919397,0.0,-0.013309332747502456,-0.021089069578919428,-0.02838651021369254,0.004278091185870636,-0.022893772733822648,-0.001536920386370988,-0.04238393604525936,-0.007497656982193068,0.022716736207695876,-0.007614180023697292,0.0011587485515642815,0.0010530010530009903
2021-09-17,0.0030109145652992275,-0.008814204438351125,-0.0009635367065258249,-0.0029636106487113123,-0.007712981594654389,-0.0026624067724971834,-0.043111530914510254,-0.015905565396761356,-0.020086177750433643,-0.004249291784702569,-0.015865820489573856,0.00694185680976056,-0.0092592592592593,-0.005960729312762925
2021-09-20,-0.027016885553470926,-0.023343063452561208,-0.03675525414051217,0.0070881583634456735,-0.030267337671797012,-0.020288323490885052,-0.023506343802298546,-0.0166840297045181,-0.0059206086131740054,-0.010431484115694611,-0.019345923537540277,-0.00399124474363155,-0.01674454828660432,-0.011287477954144642
2021-09-21,0.004627844195912001,0.0038411813849723586,0.014350883571992767,0.00805991076076995,0.002671770534429463,-0.0008174054304325162,-0.036108385226638284,0.005832380670367288,0.01849929366223768,-0.009103977000479158,0.0009394081728510972,0.009107467870730579,0.009108910891089117,-0.014983945772386709
2021-09-22,0.01804222648752396,0.023667883448451832,0.007128773017146095,0.000394116650830556,0.030159951844989097,0.008181074175438674,0.0,0.018977365491949616,0.013112990190838891,0.01644100580270802,0.04692632566870003,0.0025270647254953538,0.006868131868131844,0.022455632017384985
2021-09-23,-0.015082956259426794,0.01481378437069547,0.01611669060251031,-0.01632239590082285,-0.005055875446659863,0.031106301380266155,0.0355879313056755,0.008277281326622754,-0.009926069700754159,0.007136060894386231,0.039892424921559755,-0.0039611310240655895,0.0011693626973299232,0.01700318809776835
2021-09-24,-0.008039816232771835,0.009276947842630001,0.03793806674686073,0.0011443611923540598,0.013353807315410249,0.01967471080752925,0.03295820736820754,-0.020010230591504197,-0.011218077372040502,-0.004723665564478008,-0.008189655172413768,0.0050614385546186025,0.0005839984426707634,0.008359456635318674
2021-09-27,-0.017367811655731424,0.019870147669719174,0.021270059064985247,0.00017148587557769268,0.0013994267277270822,-0.0036018121175587225,0.11011673140921796,-0.01937177130071488,0.012015324900151336,0.02420503084954917,0.02042590178183401,0.00683455177237291,0.0019455252918287869,-0.002072538860103612
2021-09-28,0.0035349567949725103,-0.0021205571794071787,0.020220401637353946,-0.00811425781249997,-0.01129615969219433,0.02556164401263694,0.023659346723048147,0.01334757106834128,-0.010018947211219209,-0.0129749768303985,-0.00638841567291315,-0.004644485953184674,-0.008155339805825279,-0.02180685358255452
2021-09-29,0.013307240704500956,-0.006109696890411187,0.03002674332906219,-0.008238304197409896,-0.010600724972226638,-0.026183343641595136,-0.06231806858503619,-0.0021074293542369116,-0.043290265634221003,0.012206572769952961,0.0017145306472352573,-0.008973438425091462,0.005285826155050799,0.005307855626327074
2021-09-30,0.024333719582850577,0.002672683995033509,0.03713681469776331,0.019634068445033348,-0.026190395636349395,0.003102410147110879,0.07120683761993418,0.046990462753580875,0.02618949085461031,-0.004174397031539878,-0.0034231921266580922,-0.006519387946275379,-0.02161635832521913,0.02147131291798665
2021-10-01,0.02187028657616885,0.01132878166000495,-0.011781115366491846,0.0009684675694106026,0.025305595479817145,0.051804139442050534,-0.0422703495150476,0.011598564958206214,0.02220609066198631,0.008849557522123908,0.015027908973808568,-0.0072913146450718225,-0.007563694267515908,0.04100620261888355
2021-10-04,0.015498154981549828,0.022931016817949068,0.0037548252178958297,0.0052361702742600436,0.01263860087439661,-0.01813279535851653,0.026161209657552087,-0.018444613247021513,0.0047978587533363815,-0.0013850415512465242,0.016920473773265554,-0.00550861627072774,-0.008624147613317312,0.0016550810989739428
2021-10-05,0.0010901162790697416,0.01687706148208612,0.037407649757636774,-0.003736822425772557,-0.010479188497607539,-0.04217625130824976,0.09469303214028102,0.008125944290116038,-0.0015916216308750064,-0.006010171058714708,-0.010399334442595665,-0.0011078540151414629,0.011936071211814614,-0.01553205551883674
2021-10-06,-0.014519056261342977,-0.01900418084632438,0.019561869313760916,0.0005114937636678807,-0.010709203898716657,0.008077139661577748,-0.10091882564794741,-0.004030222779276893,-0.003365521705697705,-0.009767441860465076,0.0050441361916770955,0.006284661038401529,-0.006797281087564944,0.0016784155756965902
2021-10-07,0.004051565377532151,0.011235990483702496,0.004862980187251287,-0.0014768392990273105,0.022612427520925182,0.023003344628807598,0.0003523973522976398,0.0035407027417002634,0.005598482528174964,0.0032879286049789513,0.041823504809703094,0.016899375585053944,0.004227053140096526,-0.006367292225201049
2021-10-08,0.00880410858400582,0.013409902700376897,-0.026836806078381792,-0.0009101630147998474,0.007527655938709188,0.017433109213918607,-0.0197287277880569,0.02268148989307117,0.002076744656819729,-0.006554307116104829,0.04977920513849865,-0.00758674095036127,-0.003407496492283002,-0.009780775716694778
2021-10-11,-0.02472727272727271,0.014744778720152008,-0.007323666996101097,-0.0009679856487631033,0.02136348485020534,0.014402750477163995,-0.039532841826904086,0.0019713655186728296,-0.0017197170675190554,0.004712535344015167,0.029445506692160617,0.003276307056336192,-0.01186645213193882,-0.003065395095367851
2021-10-12,-0.0026099925428784143,0.0014903471384131173,-0.031059328114342977,0.002108784505683081,-0.010401143842412752,0.04357402152501533,0.029934580080410278,-0.01278899310661874,-0.0065812796759529,-0.019699812382739212,-0.03714710252600295,-0.005442656801051049,-0.02442499491145944,0.003074820635462938
2021-10-13,-0.02728971962616822,-0.0024801209047115025,-0.023688632338119797,0.020133026992374514,0.04423658745412684,-0.0211118936376109,0.01544051523704737,-0.010463332718774865,0.02925618997874868,-0.019617224880382755,-0.02430555555555558,0.007296634952675296,-0.0025036511579387133,-0.020776566757493176
2021-10-14,-0.006917755572636408,0.01081545363976355,0.031195819802899205,0.0016725205339054305,0.024554712908283483,0.002875658380384616,0.017352351088621765,-0.013595188794855328,0.01326187758939934,0.008784773060029227,0.004744958481613271,0.004708408471308045,0.009203095586697296,0.0083478260869565
2021-10-15,0.008900928792569651,0.01192966732048073,0.002147557051451976,-0.0164189908174478,0.02213115488287354,-0.027957018415845303,-0.04870757169976814,0.01071970815910972,-0.005457037125400466,0.01741654571843254,0.039354584809130344,-0.0010814955621140099,0.009533678756476593,0.012763021731631685
2021-10-18,0.0011507479861909697,0.0019446240214291421,-0.002701955749370266,-0.0013580253565299572,-0.0007393292329771484,-0.008849497772771886,-0.07781885687410584,-0.02272721580456105,-0.0036436508786574784,0.013314312886352875,0.0026505111700112494,-0.0003608199878579743,0.003079449804968215,0.003065395095367851
2021-10-19,-0.019540229885057436,0.006307576754816191,0.007380427025134084,0.002776463173266297,-0.003488002412762592,0.013144810596501966,0.019843652077653928,-0.024806177404316454,0.026631651696787717,-0.004692632566870025,-0.009063444108761365,-0.009386289592803854,0.005321326238231672,-0.0003395585738540374
2021-10-20,-0.021101992966002348,0.010969186019189614,0.026894198985756734,0.00813698638830096,0.008909591618429191,0.006364764023294001,0.016116403002012447,0.005299335965750718,0.023552103183230866,0.016973125884016893,0.0167682926829269,-0.00801753704159247,0.014250814332247508,0.018002717391304435
2021-10-21,0.019960079840319445,-0.016334836076273618,-0.04145221555254064,-0.0016254831308486484,-0.035639165815708806,-0.010946241627802111,-0.010638356743547184,-0.0015813800939759037,-0.01121848060281716,-0.01298099211868331,-0.010494752623688153,-0.0029390127011063027,-0.01726214371738255,-0.010677344010677325
2021-10-22,0.010958904109588996,0.015272753166429842,0.01997364573933469,0.008028323164233742,-0.013190917419479864,-0.016969979815316893,0.032258151725022666,0.007391731029610771,0.011552846392089977,0.01080319398778773,0.010984848484848486,-0.004789947077750711,-0.0028594771241829964,0.019898819561551484
2021-10-25,0.012775842044134622,0.0,0.002586354828854942,0.005847953216374213,0.005634074365946651,0.01351011691660231,0.11704536536426602,0.01624735152945278,0.005853683902162343,0.0,0.03746721618583737,-0.007774934840494185,0.013723883654240154,0.004629629629629539
2021-10-26,-0.013379204892966401,0.010625589385741652,0.001566225976703528,-0.007364368121885345,-0.014281019324189237,0.027400656470687013,-0.002712749177338658,0.013924727501941847,-0.01977861187839136,0.010223048327137496,0.020585048754062862,-0.0089552155951661,0.0006061830672863255,-0.009545753785385136
2021-10-27,0.008523827973653697,-0.023508539018291197,0.016649779908353146,0.0029006935816493495,-0.022177578778837637,-0.03243632773678218,0.05440329366229757,0.002034634579745953,0.004276290443752773,0.025298988040478365,0.006369426751592355,0.0011295439476186608,0.0010096930533118886,0.009970089730807485
2021-10-28,-0.01229350749135616,0.001814588553582741,0.029044578459716863,0.002057929318445284,0.011511263986915043,-0.006953112057785038,-0.06772010105380089,-0.004060909675524194,-0.0029765016595960647,0.009869896814715062,-0.0007032348804500987,-0.0011282695176136892,-0.004438168246923557,0.016781836130306038
2021-10-29,-0.010501750291715295,0.009177661618607225,0.009847842118429151,-0.01032414289408956,-0.01397178542446087,0.020005001555641,-0.06157038094109446,-0.01783895853713946,-0.007131935185737293,0.009773434029320294,0.027093596059113212,0.0,0.001621073961499464,0.0003236245954691963
2021-11-01,0.007861635220125729,0.005743728116386793,0.04344795759743891,0.0067863015064146825,0.0060563928706445225,0.023290022412726152,-0.04423152280219245,0.005189433269029209,0.0049697006772939645,0.018917729872415245,0.02877697841726623,-0.005647576112439934,0.0008092251669027384,0.031704949854415965
2021-11-02,-0.04173166926677063,-0.0016656678710912365,-0.021612119634817795,-0.0035652746371263033,-0.006360717456865617,-0.003114489247671548,0.068646346991448,0.008776461999403518,-0.02343746656155532,-0.010362694300518172,0.01265401265401267,-0.01438845751465756,0.005862138669900929,-0.007212292254625274
2021-11-03,-0.013431013431013383,-0.036348503380355335,0.01339018929487601,-0.014032524331145213,-0.010973904449204541,0.006008171024583175,0.023096402675657046,-0.008188421047288563,-0.01165958161049696,-0.015706806282722474,-0.018086155869779685,0.0,-0.010048231511254002,-0.013265950726468745
2021-11-04,0.0066006600660066805,-0.025352498593666506,-0.01986198128608785,0.0166704608874213,0.0,-0.003344466975803595,0.008112875343162962,0.012899897359444079,0.029277547149312078,-0.008421985815602828,-0.007367716008037539,0.013061857227008256,-0.018067397482744663,-0.009282970550576142
2021-11-05,-0.017622950819672134,0.031214302254529258,0.003520553540550697,0.013050766544373982,0.00531663484813083,-0.024209026385415333,-0.034989552711569116,0.01579222549894954,0.010290315757710777,-0.011175681716584673,0.010796221322537214,0.007963560022349991,-0.01405830059954516,-0.009369951534733412
2021-11-08,0.015018773466833446,0.008121123284993814,-0.002738082376177342,0.006055934734722435,0.012876576912222326,-0.01915995626038758,-0.01613483530704385,-0.001003031957271583,0.015940718038722546,-0.002712477396021651,-0.034045393858477935,0.0033860102650948853,-0.01195219123505975,0.001956947162426559
2021-11-09,0.0,0.02709631651939448,0.024281373895832514,0.001532191485392076,-0.005675390278476189,0.031304784327920165,-0.08255020277221015,-0.001004039040515603,-0.00912910807336964,0.005893019038984537,-0.010020732550103717,0.015748034311678483,0.01825127334465204,0.013671875
2021-11-10,0.016440608302507265,-0.03339281208597611,-0.005863603320045652,0.009507171280887183,-0.011872156259750355,-0.009227751106391957,-0.019883505782572253,-0.015075338834740326,0.018673157493982462,0.02613789995493465,0.03315881326352521,0.007382826202027459,0.0033347228011670893,0.031470777135516936
2021-11-11,0.0048524059846339895,0.00307351870242889,-0.0011796375909035595,0.008443372911925984,0.017675586356552087,0.033823499492570575,0.0551229604707868,0.026530635083828358,0.02156096388143869,0.0004391743522178526,-0.020270270270270285,0.013924483254611708,0.007270461154964769,0.011830635118306398
2021-11-12,-0.006036217303822977,-0.009805067511588605,-0.007170562405569791,0.002522581239459143,0.01157909369219512,0.04172595214050645,-0.06952811551812721,-0.005467226926604507,0.001699508579374731,0.013608428446005183,0.012413793103448256,0.005059609297521472,0.017941843679109004,0.005538461538461492
2021-11-15,-0.004858299595141724,0.0011139539159645828,-0.0005947802988539586,-0.0009636751456704173,-0.01088543590278157,0.013882581220409973,0.0471718460047843,-0.013493276095717488,-0.009351306542098925,-0.0012992637505413462,-0.014645776566757474,0.01761955341704491,0.018841166936790943,0.011321909424724552
2021-11-16,0.019121236777868145,-0.0014836192045299956,0.0030607090796215264,-0.006698462120752757,-0.011005232657469555,-0.003142522775498091,0.031891536991422775,0.012664640471059085,-0.00649221749046347,-0.009540329575021711,0.010024196335983504,0.0024735549137817614,-0.004772320540862962,-0.019364599092284385
2021-11-17,0.00359281437125758,-0.02971770012871533,0.01457868742472379,0.008685787547471291,-0.019616895778615362,0.04751183475236753,-0.06973151590556326,0.02151077089040543,0.008940008441761016,0.00744308231173374,0.012320328542094527,0.013041907682042941,0.020579420579420526,0.01481024375192841
2021-11-18,0.01511535401750197,0.00829506790219492,-0.01762740738635038,-0.004653126918264139,0.008659064202840572,-0.015692214357247436,0.01785713578492576,-0.011753171901149329,-0.01056942621750645,-0.003911342894393766,0.02298850574712641,0.01530969163401985,-0.009201252936570037,-0.002736394040741885
2021-11-19,-0.02311912225705326,-0.03683082626794387,0.01386176489136659,-0.005266012266590514,0.022853887024995245,0.01899980852368821,0.0332517561118959,-0.009415288958587675,-0.004859177827846839,-0.003926701570680646,0.010575016523463265,-0.0017135415999399717,-0.0015807152736613261,0.003658536585365857
2021-11-22,0.0020056157240273542,0.008541413126308406,-0.012665677912845452,-0.024416568908864678,-0.0029488512805703193,-0.008358323715107585,-0.05449161298522176,-0.011505730108543277,-0.01949151687861095,0.010512483574244502,-0.017658600392413293,-0.0013731208146611218,0.008707698396991814,0.027642770352369395
2021-11-23,-0.008006405124099225,0.0228013029315961,0.02251296870690811,-0.012458471760797396,0.006370123254074267,0.048411483262424726,0.03716850532909577,0.01771256970726931,-0.03547768809603169,0.006501950585175553,-0.004993342210386165,-0.008937787126780283,-0.000980969197567183,0.01211942063257454
2021-11-24,-0.0088781275221953,-0.001401281660529441,0.0001661402705632753,0.0003364034684258943,0.007799281472653297,0.015460729551917574,0.020334171934403678,-0.008950785664478156,0.0026029795333795125,-0.0012919896640827266,0.004349280695884916,0.003121753479918832,-0.00510604870384912,-0.022488317757009324
2021-11-26,-0.04723127035830621,-0.1306288805140844,-0.031400555453904966,0.000672649099607403,-0.039591815429585564,-0.009947206325155222,0.07478299110136022,-0.029101852224027835,-0.016556006731570316,0.012074169900819332,0.005996002664889977,-0.011756575093047505,-0.01085669166995662,-0.013444876008365747
2021-11-29,-0.007692307692307665,0.026412257990629184,0.0004288426450442806,-0.0016803898044864818,0.012962754244480124,-0.04100881586919025,-0.10886725394585595,-0.008268725801438781,-0.013329318383920152,-0.009799744354495155,-0.010927152317880773,0.0003499030408862236,-0.008980243464378312,-0.021804966686856497
2021-11-30,-0.003445305770887197,-0.05389559410354117,-0.04286326562019582,-0.004881374069370614,-0.01360387749869496,-0.0025657733070574285,-0.05912652943501773,-0.030745186876924957,-0.0014913108928941154,-0.02409638554216864,-0.03180448610646136,-0.0181881935987539,-0.01953282319774463,-0.04179566563467496
2021-12-01,0.0025929127052721768,-0.009217295369275735,-0.02024184599501888,0.004510599971877527,-0.0071294848107631426,0.004072870088926761,-0.0676592995828954,0.0,-0.020470002888881345,0.008818342151675429,-0.017980636237897696,-0.006056290635631623,0.009036763195727993,0.006138933764135768
2021-12-02,0.043534482758620596,0.014183320260853893,-0.004479366180670241,-0.011731042153381721,0.012124742623000673,0.013877028361867438,-0.04744003503823713,0.0010752934061011299,-0.0008520157815801177,0.00874125874125875,0.043309859154929686,0.005017967702912962,0.013026663952778295,0.03596660244059091
2021-12-03,0.0057827344072696185,-0.003608990432624526,0.003673108542462611,0.01209748930472121,-0.007559849222286252,0.027795351393305134,0.0187376066138345,0.006981694678159567,0.007405700318385167,0.015597920277296451,-0.021262234222072185,0.0032096377425372413,0.018485031143258945,-0.014879107253564783
2021-12-06,-0.002874743326488738,0.04874729283736201,0.024794135487712365,-0.002525252525252486,0.016524058845941214,0.02519972882434307,-0.11495641532932233,0.021866658528645777,-0.009668035504812988,-0.004266211604095571,0.01379310344827589,-0.0028439362279694125,-0.0045373840994279435,0.003146633102580232
2021-12-07,0.010296540362438211,0.03683990886007793,-0.006606601902069853,0.002869184577179995,0.00023055742342137364,-0.02517986861950705,0.01394582415440282,0.01670144558312403,0.01165191935316967,0.0047129391602398485,0.003061224489795844,-0.007843112988888179,-0.008917954815695572,0.0028230865746550204
2021-12-08,0.00529963310232362,0.004302533594218838,0.002516459217569711,0.00044881007465624734,0.012217606152056915,0.0034850599622253675,0.028856557208660982,0.01745380701117094,-0.004313608937455693,-0.0025586353944563323,-0.007121057985757906,-0.006827184138645026,0.008598280343931286,-0.010009383797309979
2021-12-09,-0.00770478507704786,-0.019624076243335065,-0.04446442472588552,-0.004934422287571905,-0.013892023038479029,-0.017977503152132313,-0.00026216669051892794,-0.006558989039770258,-0.018579654765628728,0.006412997007268162,-0.017076502732240484,-0.0014471421513015947,0.0027755749405233843,-0.02243285939968409
2021-12-10,0.006129955046996427,0.010290325661350463,-0.0033773617912120635,0.004677137914072427,-0.010854487797593793,-0.031828620599155255,0.0291033204507698,0.001015670384591827,0.008464499351385157,0.0,-0.0020847810979847115,0.0018115665351263743,0.0025701858442070957,0.01098901098901095
2021-12-13,0.026807473598700282,-0.005302040785911788,0.005459796510703052,0.0019070191079164633,-0.0007003928479102361,0.017189514621651192,-0.033375807274688474,-0.003551481383850641,0.005866474233320762,-0.007221750212404454,-0.009401114206128103,-0.0036166503742990352,-0.018733977519227007,0.004475703324808178
2021-12-14,0.02215189873417711,-0.007855204816974215,-0.008519764568065247,-0.008901093869696508,-0.006074771405057411,0.001901127815986392,-0.012387963217177944,0.0005091766391349672,-0.01807993578849909,0.007702182284980763,0.0,-0.0039926935045050405,0.012459807073954998,0.0
2021-12-15,0.016640866873065097,0.0019793493991784317,-0.0010387215180982512,-0.004405811523136682,-0.017512947966576542,0.0010541851420375892,0.014678427292545537,-0.01832054503774372,-0.01731620254689048,-0.005095541401273884,-0.00035149384885768686,-0.00801753704159247,0.002381897578404235,-0.03755569700827499
2021-12-16,-0.030452988199467068,0.021306539414643444,0.0367709552508142,0.01928968595877656,0.02895078600263057,-0.0018955221559037172,-0.00946870408153544,0.005702368988193651,0.04403015292310841,0.009389671361502261,0.001054852320675037,0.009919194143080068,0.011683168316831694,0.019179894179894186
2021-12-17,-0.019630938358853545,-0.021000230737016623,-0.02169946432162484,0.004007610675737183,-0.002209051712189658,-0.004431327559743181,-0.020180556173689523,-0.01494840277737497,0.0023157446427541917,0.0033826638477800763,-0.013347383210396857,-0.0010913309165258012,0.006263456645136056,0.005840363400389403
2021-12-20,-0.02963556267521028,-0.03711539981321654,-0.01640262894849598,-0.005599344374567328,-0.0006990870751790723,-0.048749471375765796,0.03902440411186103,-0.02721090743879917,-0.010307919814578681,-0.0037926675094817064,-0.056959772160911304,-0.005098302779172337,0.005446411204045987,0.003548387096774297
2021-12-21,0.01527032604209655,0.04235672354477105,0.01639184870695365,-0.0032334988658628827,0.011660380749123567,0.01715689041102042,0.009128807094998415,0.0080688336363135,0.010190850463436485,0.012267343485617532,0.006795016987542368,-0.0003660405927358168,0.012188044109112006,0.02732240437158473
2021-12-22,0.0024390243902439046,0.023059608075271854,0.014542791431038093,0.007662593536998719,0.01187190469412025,0.023220166710877566,0.027655754379439346,0.02774815710324008,0.01288769877149698,0.007104053489343842,0.04011998500187475,0.019040661586689156,0.01586391437308876,0.018773466833541974
2021-12-23,0.0028386050283859543,0.014156112548875166,0.0026647147904814705,0.005328583323728875,-0.0005695539674381855,-0.010062111208771096,-0.0616197483976455,-0.0010384453544127759,0.006098628469705769,0.0053941908713692754,0.019466474405191114,0.009701777165068481,0.0024459078080902863,0.0009213759213759776
2021-12-27,-0.0048524059846341006,0.02412249298295266,0.0289589071955354,-0.0017115590048087936,0.017779819277959685,-0.017949800827261386,0.08818011281013916,-0.0015592872662369972,0.0020932508919979664,0.014857614527445273,0.0240452616690241,0.020640566399726,0.02289789789789798,-0.013194231359312636
2021-12-28,0.009752133279154807,0.005425481854771652,-0.0198610237957203,0.0011614266989063982,-0.010078404200694946,-0.006386245006619329,-0.0012315552983714895,-0.013014055799829505,0.0057443739482356815,-0.016266775111834053,-0.029696132596685132,0.008716875778933764,-0.0023853211009173814,-0.025497512437810954
2021-12-29,0.012072434607645954,0.00763351113496924,0.026715081603668978,-0.0028173548356554834,-0.004072426600522205,0.014627605069543081,-0.007644799458510487,0.007384035008299428,-0.011379883500786558,0.0012401818933442943,-0.010320284697508897,0.0058762555997460275,-0.002023174544785733,0.005424377791959145
2021-12-30,0.01749502982107365,0.0056165140920581,0.011947946717803859,0.004210279590453503,-0.003975448410540983,-0.00021838267497442665,-0.11505965204160717,-0.01675391038916807,0.007878164764605122,-0.01568951279933939,-0.012585400934915447,0.001718186818045142,-0.021194249907851126,-0.010155506188511576
2021-12-31,-0.015240328253223967,-0.023119870485598715,-0.01521775336276554,0.008164643474810607,0.0160793469206999,-0.012016604442457779,0.0474585524276816,0.005324732186628767,0.013027585489440163,-0.004614093959731558,-0.0050983248361252675,0.0037736058933475203,0.0007531538316700725,-0.011542160949022162
2022-01-03,-0.008333333333333304,0.011567647349721266,0.005595070083036502,-0.015376183631156004,-0.009090839032188547,-0.012383914091872672,0.022788213863893292,-0.00741522223895863,-0.0230623379575311,-0.006742520016856268,-0.0032942898975110158,-0.013328755522820535,0.011476952022577702,-0.01654232890042162
2022-01-04,-0.014805922368947622,0.011961041151597351,0.02790776242188775,0.008113802038371976,0.01166606429680761,0.03784145469215949,-0.025688086008173072,0.0005336301496250417,0.01088192985175418,0.034365719134493045,0.016525890561880363,0.0017318751509214358,0.025855654761904656,0.0158311345646438
2022-01-05,-0.002030869212022779,0.011170290092400004,-0.0009451036251258982,0.0058434264531077584,-0.013770728028681956,0.0,0.0443906272570227,-0.021866658528645888,0.004861511902052529,-0.01189499589827725,-0.010115606936416222,-0.0010373681385326128,0.0039891205802358165,-0.01201298701298703
2022-01-06,-0.013838013838013863,0.020680804648785633,-0.013415871817772151,-0.01967555896877282,-0.012827780211252526,-0.00021576289863134424,-0.01803192524293884,-0.008178823188783158,-0.04215982065814328,0.00249066002490661,-0.02116788321167884,0.0027691216821112974,-0.005056890012642201,-0.019388761091028606
2022-01-07,0.04044572843582328,-0.007047540461187607,0.003486763612470467,0.004640268940963033,0.012649454395428528,0.029132499304727277,0.027282227740151432,-0.0076966076353292,0.009921498848829868,0.00496894409937898,-0.003355704697986628,0.004487437735468225,0.01760755127972402,0.016756032171581836
2022-01-10,0.0,-0.008491738352191969,0.0008686455154212069,0.0007790898241861743,-0.013286353554781583,-0.014887830141295355,0.041624134682391345,-0.012188328124844827,0.002322052686739129,-0.011536876802637042,-0.006359895248784109,-0.01237115483272655,-0.019086692829111684,0.004614370468029039
2022-01-11,0.026576755255850903,0.038220602524166036,0.006943199217910978,0.011232179102341977,0.017493321590850375,0.009152870204930386,0.0416769003316817,0.015703908460102056,0.016038520184280092,0.002084201750729431,-0.012048192771084376,-0.02226859411083204,0.0014548099654483337,0.010826771653543288
2022-01-12,-0.011205564142194757,0.017483355671057854,0.013963133886014,0.004728898988996644,0.03246246680315745,0.016030386006483655,0.1430924432253493,0.012700139949463063,0.01727619974120409,-0.0033277870216306127,-0.015243902439024404,0.0010675722024777734,0.010532050118031488,-0.016228497241155493
2022-01-13,0.019538882375928157,-0.006292311797034489,-0.006800434001262068,-0.003283712872338862,-0.006573227203287457,-0.01598507787398984,-0.12085647692042312,-0.013631406647765076,-0.0019396583971595938,-0.019198664440734592,-0.035603715170278605,0.0,-0.018688230008984674,-0.014516661167931377
2022-01-14,0.01916443081640473,0.02070137471242295,0.0244779245120883,-0.0025806892696492723,-0.02701807343271334,0.011181408845925667,-0.0018735121870979698,0.012161377086722602,-0.010537740501581183,0.014893617021276562,-0.022471910112359605,0.008887309188003067,-0.006225965940304001,-0.007030465349849302
2022-01-18,-0.010530274539300444,0.01920783364606682,0.011528863141151202,-0.0023121118479906277,-0.008047160778703266,-0.00020858666489409483,0.004927242617023708,0.01911525896659616,0.025140772173604997,0.005450733752620618,0.061986863711001705,0.023255876472087822,0.0033167495854062867,0.03708698583951442
2022-01-19,0.009882174078297279,0.017909385155464808,0.023703295951317038,0.01699493788444606,0.019766949104061515,0.020242031390563575,-0.05883722986000384,0.02197212490700906,0.03146422854336284,0.0183486238532109,0.013529184383455739,0.009297470451203438,0.02203856749311295,0.03576072821846554
2022-01-20,0.0011290929619871548,-0.0006899443333189259,-0.00871314423760039,-0.0003255252530437458,0.025546182893252167,-0.003272665419288945,-0.05680974541084172,-0.0073413419973170635,0.020019838756370367,0.0008190008190007703,-0.02212051868802445,0.007847200742948424,0.024797843665768093,-0.007846829880728157
2022-01-21,-0.03157894736842104,-0.02025318878396498,-0.017254030269328702,-0.005807300500339174,-0.013984514487764499,-0.023599425996468137,0.05181484069726072,-0.0015848223012074891,-0.016065770683918457,0.008592471358428888,-0.02808112324492984,0.005416379229968404,-0.008065930212169059,-0.01297057893071818
2022-01-24,-0.03222049689440998,-0.0214940315265868,-0.0030642049406379712,0.005404466688426757,-0.024265913786992832,-0.02080704949658818,0.00700171978549835,-0.004761912931450563,-0.021345690438420384,0.007707910750507141,0.013242375601926204,0.008754152015296723,-0.007954746331978124,0.02628205128205119
2022-01-25,0.004011231448054486,0.027487708349970053,0.004485802690214147,0.005972742733147518,0.009084706555076094,0.021249182284136303,0.006456424933788174,-0.0015948314805214192,0.00424458213193879,-0.0016103059581320522,0.03366336633663369,-0.0006675083787103242,0.0030292230933712805,0.021861336664584563
2022-01-26,0.003995205753096309,0.020443925598071955,0.011660632512906277,-0.012306324477091457,0.01384201546184527,0.004203446934240462,0.055267697653003545,-0.015442007716941375,-0.0037245021026650615,0.011290322580645107,0.0072796934865899665,0.006679988377532364,0.02327233966956821,-0.028117359413202925
2022-01-27,-0.02467170712296063,-0.00847164140465062,-0.0057222640984135875,-0.020001079347303108,-0.02031297751862804,-0.028673047382724803,0.4648117697281202,-0.004326658988444976,-0.0476330032614084,-0.002791068580542233,-0.0034233548877899977,-0.007299247438938283,0.005729166666666563,-0.02264150943396226
2022-01-28,0.01754385964912286,0.0024246516914070426,0.01751216748262019,-0.004684115421483281,-0.02492638360570576,0.016591212213291184,-0.2595371048958809,-0.011406794471113257,-0.016363087567768386,0.01719312275089968,0.03129770992366421,0.0010026967436165268,0.015018125323666531,0.011904761904761862
2022-01-31,0.013632718524458687,0.015319072054016392,0.030785370821178937,0.005658566557111833,0.0034859090352497013,-0.0033912158273297077,0.05065749872953074,0.001098821405313366,0.004170048058309339,-0.01572327044025157,0.02960769800148033,0.005676129280914877,0.0139455782312925,-0.031796502384737635
2022-02-01,0.03362341772151889,0.0005671630345758238,-0.0018813033185205441,0.0029526734418523493,0.025706360619212498,0.006805575513350259,-0.025235975200946115,0.014270046030751882,0.008975227037933298,0.013977635782747688,0.028037383177569986,0.006972080963527638,0.025494800402549478,0.010180623973727432
2022-02-02,0.001530807500956799,0.0006803309531120405,-0.007853608620274954,0.004943566129181232,0.013998707619468309,0.00887201576084018,0.15786150524977538,-0.029761864214526312,0.005089386072810065,-0.019298936589208338,0.013986013986013957,0.017804184532993483,0.010958456002617023,-0.01820546163849157
2022-02-03,0.006495987772258349,0.022773560595811926,0.010211358322091302,-0.0034269021330998184,-0.005455437334298874,0.021356745308002356,-0.11143427088771718,0.0033463170619725258,-0.014794612124441664,-0.009236947791164685,0.0044827586206896974,-0.003887296273762497,-0.0006471444750040245,-0.004304635761589459
2022-02-04,0.012908124525436548,0.02259888103899721,-0.006895509041477954,0.001996658672178242,0.0038061567457168266,-0.00840503421184502,-0.0646481145665655,0.013340732305259229,0.004469290791943026,0.006080259424402046,0.00377617576381728,-0.006504089851689487,0.005989962765096335,0.015297638842700412
2022-02-07,-0.016491754122938573,-0.010724709023430812,-0.00923148326231571,0.007749363549869104,-0.0049068441952268005,-0.0008270093114889354,-0.07436573722705841,-0.00987385132724472,0.026740815214794544,0.023771152296535147,0.0068399452804377425,0.011456641250751298,0.018184744126166663,0.00720602685882743
2022-02-08,0.017149390243902385,-0.021462977343655654,0.012582637850558243,0.003295616873810525,-0.00044835409691967865,0.030208993321493294,0.003780782447885045,0.0016620879730515625,0.005156850411663694,-0.0047225501770956635,0.013247282608695565,-0.012297707619993714,-0.008060692271218639,0.01300813008130075
2022-02-09,0.03259647808167854,0.0033572409322819574,-0.005662612757079577,0.004708187726313096,0.03161795627982111,0.037758623299873895,-0.0562618437568122,0.022123872799678646,0.006078928628402869,0.02293396599446429,0.035534696614146766,-0.011467902235260063,0.016411727214786564,0.008025682182985605
2022-02-10,0.010885341074020394,0.002453642452856286,-0.006090300096557755,0.0005448997529460264,0.012389888502715829,-0.012192796906733139,-0.01247186732008465,-0.009740276495374789,0.007841903229194536,-0.007730962504831851,-0.020718679184202005,-0.01922439251704844,-0.01285467941683649,-0.01719745222929936
2022-02-11,-0.007178750897343877,0.035825559847585176,-0.0030240718744072304,0.0025052269788561343,-0.03274281967159409,-0.013910670431856675,-0.004546634347570744,-0.0021857382429670835,-0.006505373688773797,0.014413712504869558,-0.008595041322314034,0.028050014174584748,0.005558202318564298,0.034024627349319436
2022-02-14,-0.03217642805495302,0.025349093974556425,-0.01875797012307634,0.014776157350273156,0.0005549516441620828,-0.01629243371415734,0.06445069472306653,-0.007666998241708689,0.020499876209265633,0.007296466973886417,-0.0056685561853950794,-0.010519385076319998,-0.008212255211623498,0.0018802883108743895
2022-02-15,-0.0037355248412401787,-0.035512250389282185,0.0008948231520253813,-0.007066355017063652,0.005324390481537211,0.017370240350426336,0.026460084980448606,-0.0027594449278897093,-0.021262318476917508,-0.027068242470453696,-0.035211267605633756,-0.015946828443624494,-0.011942675159235638,-0.024397873005943094
2022-02-16,-0.02099737532808399,0.017269512029492784,-0.009183982810547664,0.008302729101975048,0.0019861638825646732,0.0015882226991885684,0.09544815437120446,0.0,0.011269195975460056,0.014106583072100332,0.0,0.004726515384260166,0.023368251410153196,0.0009618467457519486
2022-02-17,-0.008425890463424013,-0.020286156860866766,0.00016402790965241998,0.016308416637958123,-0.0034137359552007807,-0.0029732408325073845,-0.04897179271159913,0.011621527137127607,0.011567336939308781,0.004636785162287493,-0.005908932916232179,0.0020161110712677566,0.002834645669291369,0.022421524663677195
2022-02-18,-0.006179992275009649,-0.0075196428219546085,0.008693492626430821,-0.001104843289253865,-0.0012155395588839824,-0.018489041337910073,-0.01226032714897729,-0.004376363276862416,0.00490067310854192,0.006538461538461604,-0.03566433566433569,-0.0006707061692943217,0.005967336683416979,-0.0012531328320801727
2022-02-22,0.014768752429071164,0.014055109076382521,-0.015285773526887536,0.003950279203856821,-0.0021019029385493937,0.006481631781105168,0.015120719644194036,0.015384547668098714,0.013338402423941131,0.031333588077951946,-0.013415518491660672,0.014765118970553992,0.020917889478613727,0.0592848180677541
2022-02-23,0.005744925315970928,-0.0027070926272950713,0.010651481372522476,0.0016263446963136197,-0.006319307907376448,0.0006037800648663882,0.027790128050596996,0.0027056896995534263,0.01003658726219725,0.013338273434605474,-0.0022050716648290836,-0.0039682186770177985,0.024464831804281273,0.037607343796268955
2022-02-24,-0.018278750952018252,0.007709002130680265,0.0015522451768232859,0.008328108537978496,-0.00613637212428042,-0.03720836594086141,-0.011897102195802534,-0.01133302666160374,0.005334983391191983,0.01645338208409508,-0.03351749539594839,0.003984028172019816,-0.008059701492537319,0.057077625570776336
2022-02-25,-0.0007757951900698723,-0.01314514872099748,-0.0038338657749297234,-0.020050894018732168,0.0040413394477831766,0.0029245745995070127,-0.021453601801292077,-0.018013096572227938,-0.02791059954534547,-0.05107913669064745,-0.01791158536585369,-0.0006613908040692396,-0.042882937105025554,-0.08963282937365014
2022-02-28,-0.032996894409937916,0.045092314094830055,0.0036848750255598084,0.006838072840743337,-0.006149407834801113,-0.024161645398968257,-0.015212492835441349,0.0005558770988920436,0.015168576254085409,0.057619408642911374,0.07993791230112524,0.01687624885737371,0.033956925011790595,0.10083036773428233
2022-03-01,-0.0032115616218386656,0.08033851173565365,0.03083951039168098,0.022638727728386154,0.031949645480770394,0.012806830309498363,0.038845980404613956,0.018888897365993973,0.04815074638785233,0.06057347670250901,0.05066475026949324,0.032216068528002184,0.03725102630378596,0.07947198275862077
2022-03-02,0.00322190898107122,0.06952900645381388,-0.03411157586580038,-0.011068780750497331,0.015044100027987506,-0.02866176207274107,0.04132957174538032,0.016357646377566315,-0.013746370592141566,-0.0010138560324434165,-0.020519835841313228,0.0018915944069946011,-0.0164174728818528,0.05665086099326189
2022-03-03,0.013247691690084329,-0.02649186569257833,0.012373009873014151,0.007027955556467846,0.02491680315582112,-0.027337830918577777,-0.008399823844621235,0.015557989539870531,0.0008735797417964708,0.016576454668470797,0.014315642458100575,0.00881059410307583,0.0016393442622950616,0.21776098252243736
2022-03-04,0.022979397781299538,0.07439400271616936,-0.027114577262391748,0.015870528734703848,0.03300844316044249,0.0,0.06226168240909202,0.022187008426994614,0.02289227002789862,0.006988352745424198,-0.001376936316695332,0.005614482141779842,-0.002380598125279021,0.04577191621411947
2022-03-07,0.005809450038729569,0.0321576868161253,0.0038270110278393332,0.014655767740029413,-0.041996304100799686,0.006022780014614204,-0.036483177515187815,-0.004134362900719446,-0.002676295292965092,-0.009583608724388681,-0.03205791106514999,-0.012406994573640806,-0.0011931394481730084,0.05730712166172114
2022-03-08,0.0,0.03601336153610757,0.012514457657936573,0.02317064577269945,-0.0045531787527346435,0.03791575632708555,-0.06331475710806023,0.008303053638363922,0.04569677495399649,0.00700700700700696,0.0010683760683760646,-0.015703517512683174,0.018067791548454615,-0.10682336432204875
2022-03-09,0.010396611474778661,-0.12126111859385258,-0.004092657833296931,-0.026567301514872188,-0.029039438658026717,-0.015381354653174362,-0.0002208808331578549,-0.02521872174071127,-0.04206339252678004,-0.025844930417495027,-0.010316613304873656,-0.009253379518678662,-0.010560281607509547,-0.05773762765121759
2022-03-10,0.007240853658536661,-0.024655017299143767,-0.03953314400411856,0.0061432856749545905,0.01741886925238334,-0.022781514729979024,0.023199297070812364,0.008447721378064488,0.017276844949002834,0.030952380952380842,0.03199137311286848,0.0028985557101228743,0.008004743551734306,-0.10483534806169237
2022-03-11,-0.023836549375709448,0.03122057435194936,0.03568370825916234,-0.007707334268670207,-0.0059221872793787655,-0.009991119140721483,0.02029796195620004,0.007329810829965311,-0.0036637953311959848,0.008907951171230666,0.005921281783350718,-0.0038535303223112827,-0.005441176470588283,0.015133876600698537
2022-03-14,-0.0034883720930232176,-0.05780663668688468,-0.018673074105798104,-0.011650767213810753,-0.02242208888136854,-0.014801538896292987,-0.014179875897198158,-0.005717287508323565,-0.03301928251517505,-0.04741661216481363,0.0,0.004513197536507363,-0.0020700872393908387,0.0
2022-03-15,-0.042784908595877136,-0.06378021122779332,-0.0014313225035798016,-0.01587057357287336,-0.002437602222795654,-0.03346228567705056,-0.01932163004192855,-0.020909547102888837,-0.0047932297735586715,0.040851355990387805,-0.08379501385041555,0.03851093609806666,-0.016891391317232163,0.05894495412844036
2022-03-16,0.00406338886631441,-0.014516813463681721,0.01011808257230773,-0.010630023334197602,0.01921574775458068,0.029675002172382836,0.03940462160444014,-0.009076352399827514,-0.018031251425880357,-0.03693931398416883,0.004913076341647837,-0.019468512244517844,-0.0057272042200452455,-0.07364089235434268
2022-03-17,0.013354917037636582,0.08354379592718453,0.017195304725524663,0.01787210460478894,0.022340881834904458,-0.005946948835592436,0.050968748688145604,0.007004368095688163,0.03704902937448318,0.03356164383561633,0.023317036479879594,-0.009769917126211669,0.011671972108534101,0.026888005611409804
2022-03-18,0.01317891373801916,0.01670220950903456,0.04103069075132826,-0.007157213628957937,0.008527969415731418,0.013805798241454337,-0.02545087392119172,0.012841078879630263,-0.020676959669536088,-0.016898608349900646,0.02168320470415286,-0.005410568933200244,-0.00029967036260114543,-0.03119307832422591
2022-03-21,-0.006306661411115466,0.07086920739842895,0.024830473603413727,0.0002074600270678406,-0.00613048957429696,0.02519293225090813,0.007608509136192154,0.018489190482159135,0.009060039116823404,0.01954836535220772,0.04604316546762588,0.019520019531249932,0.013788968824939962,0.05217391304347818
2022-03-22,0.025783419278064157,-0.0032108508877336517,0.0002307421011027433,-0.00409624832213451,-0.002658685404107186,-0.003542187425893406,0.05857136670771679,-0.006742793749238918,-0.015702846515316504,-0.004297520661157073,-0.004126547455295726,0.005963547491184107,0.003252513305736171,-0.0008934554389099514
2022-03-23,0.01740139211136893,0.028364335257270445,-7.685717742189624e-05,0.00827824481609496,0.015674915234036524,0.001110864237324538,0.008675550038164337,0.0046997469650496,0.011452676101699755,0.006308100929614868,-0.002762430939226568,-0.0021840778936205174,0.01311523725316821,-0.011178180192264686
2022-03-24,-0.018244013683010207,-0.022535490824048265,0.006690726181303397,0.012909222511187979,-0.0070340617436310815,-0.015312902359125302,0.03230125245402071,0.0010395248441579241,0.029002762813809868,-0.012537116463213427,-0.025969529085872578,0.0012508103846129437,-0.0104727272727273,-0.018087271082975365
2022-03-25,-0.008130081300813052,0.01388646287023354,0.03819709880165467,-0.003976308551636554,-0.009092878075695365,0.0,0.03147566664942136,0.018172397575825228,-0.011776073732355119,0.007684597393919246,0.04941343761109129,0.015302868730931785,0.005585770983389748,0.015196868524061768
2022-03-28,0.015612802498048417,-0.06971029266933082,0.023326074835212873,-0.00726792552324107,0.005975321285071056,-0.0329051289200849,-0.01130859828708386,-0.001019911123975925,-0.01637033520227915,-0.007294429708222805,0.024390243902439046,-0.01814820903415637,-0.0268966525361789,-0.0410523928328419
2022-03-29,0.014219830899308228,-0.01623255224202025,-0.016250878310203554,-0.014229725682276206,0.0005302461315146445,0.005360027406790424,-0.031227293854713345,-0.02450227353229084,-0.018271408521929877,-0.02972611890447563,-0.04894179894179895,-0.014411058606573102,-0.012768514345801396,-0.04044465468306524
2022-03-30,0.004547176960969956,0.034343840218928,0.02214749531004978,0.01124476987447709,0.004876548558180538,0.028511864822831523,0.05041230418600651,0.018838236080846782,0.015657915674445633,0.016179001721170483,0.015299026425591,0.011760993324885893,0.012781497261107777,0.012817352723687447
2022-03-31,-0.0003772161448509781,-0.06993137578249586,-0.029676730586125633,0.008119964402314439,0.0007384712960030182,0.02050929757849862,0.006601280850109248,0.0010272449136632389,0.0007170317726299391,0.014566395663956566,-0.003424657534246589,0.005969228228496215,-0.02749399038461542,-0.02068629836943292
2022-04-01,-0.019245283018867965,-0.010071820388164898,-0.008401498777632632,-0.015442220572518095,-0.012755670370909522,0.008833922499637659,0.013824811961191674,-0.006156948860645439,-0.0190677156970136,-0.018363939899833093,0.01718213058419238,-0.0003123715205333166,-0.02193727792368294,-0.02137176938369778
2022-04-04,-0.014236244709503687,0.04039490552869429,0.02519508965261341,0.0052628709887059255,0.02007481939251199,0.009632277871374884,-0.0013985834434629973,0.012390281916356605,-0.002353727948555262,0.021088435374149617,-0.012837837837837873,-0.002499157155644305,0.012320328542094527,0.026155408836973093
2022-04-05,-0.010928961748633892,-0.012780787281426842,-0.0029723332960178706,-0.003265564439800861,0.0030356251697731818,0.003035546095900621,0.05602244006393886,0.0020397249838737253,-0.002277894431075733,0.012325116588940643,0.020191649555099334,0.004384572136247211,0.01794351692931806,0.03464488987874281
2022-04-06,0.005919494869771169,-0.05619846782061888,-0.013378872640313122,-0.0023402152700950918,-0.012001646188014803,-0.015996527883375133,-0.0004973904786402805,-0.0030534079952756477,-0.0029761886247120506,-0.0042777229351760315,0.009728279100972737,-0.00810727257112498,-0.007050889025137952,-0.006696962449174837
2022-04-07,0.009807767752059604,-0.0020784014409193086,-0.018350692374991318,0.008027535559882004,-0.008133480959605643,-0.006370879473402868,0.05473551354983952,0.012761612968490654,0.011367813485871237,0.0016523463317912324,0.019601328903654514,-0.005658607613888811,0.01605433775856735,-0.017577654707440438
2022-04-08,0.01787101787101797,0.023221945072172234,-0.0059308806624055466,0.004033471176370762,0.005324732186628767,0.02432014215537648,-0.012737903041364573,0.028729823106874885,0.0034771537296174326,0.014516661167931266,0.03551645487129362,-0.002213079250126704,0.026435733819507812,0.03088235294117636
2022-04-11,-0.0015267175572518665,-0.04040302396084827,0.02175054410067645,0.0013906434261119482,-0.01938555286391741,0.021368497031962974,0.058139575510104846,-0.004899577766650842,0.00640639812903232,-0.005528455284552813,0.010698552548772833,-0.009822543447027487,-0.01998223801065724,0.02829291488349983
2022-04-12,-0.012614678899082521,0.06692117400917996,0.023800734573864224,0.014298166980229343,0.016311982649452883,-0.012679627737150034,0.005569727796547852,-0.00443132225280507,0.02990630640702041,0.015369522563767113,0.00498132004981322,0.0054400024414063,0.009062075215224397,0.020809248554913395
2022-04-13,0.0,0.03628232188112657,0.030755973825518756,0.00451296816806579,0.0006377088785476381,-0.03660103950497773,0.04745514928822425,-0.005934665477733803,0.01146744691620838,0.009339774557165947,-0.012701363073110317,0.0031826983203979697,0.003442598413411213,0.008833522083805168
2022-04-14,0.0,0.02589925130208326,-0.005533435044340451,-0.005098422809660552,0.00212454415804042,-0.006442999016128437,0.04330426809791854,-0.00199009526209859,-0.012682548727918741,0.008615188257817596,-0.04989017885158453,0.02760148855487965,0.003729116945107469,-0.01526717557251911
2022-04-18,-0.02245451025938827,0.011781226481383023,0.01943942702267365,0.006088588894085367,0.01674793217246684,-0.00044725447578619626,0.07123287223834551,0.009970128029116454,0.017516498491086052,0.029104713698196782,0.0056142668428005305,0.021920317933058264,0.01931936394709477,0.02188782489740082
2022-04-19,0.0,-0.05221330351798925,-0.03495932448076211,-0.01371731953567601,-0.017097535171463063,-0.009843386793029874,-0.08235294619807432,-0.025666359915553216,-0.02865335346045883,-0.011374116200430384,-0.01937602627257795,-0.029305058934194328,0.001020556932497474,-0.019187862561356517
2022-04-20,0.00435643564356436,0.0018525979517276525,0.005083095297085505,-0.001738458060354664,-0.013682717182675441,-0.011296881904765743,-0.033305506758083525,-0.006078973316926639,-0.004765479357013769,0.014614427860696555,-0.030810448760884124,-0.0006224854372481881,0.0176230702009903,-0.010009099181073733
2022-04-21,0.001577287066246047,0.01012166341145826,-0.012821447820951626,-0.0037904134758919295,0.01161413099438513,0.042733047140382396,0.0028830880076997634,0.012742099353027836,-0.02568263379857949,-0.020226785167024253,-0.016586040082930187,0.01089998341539311,0.0008587376556461468,-0.018382352941176516
2022-04-22,-0.013385826771653564,-0.016571935692562545,0.00627758423382474,-0.007146909475848284,-0.025725484932310083,-0.0037255790815940992,-0.06080205150334961,-0.03170614199830801,-0.01478414021154284,-0.00781983109164841,0.013703443429374573,-0.0015403339023648543,-0.01844701844701846,-0.002340823970037431
2022-04-25,-0.029529130087789346,-0.03458409708877341,0.013982481387965429,-0.019575374846258375,-0.02913259132303092,-0.02859656802784949,0.020661192307464882,-0.015072713702109164,-0.02428167962424521,0.009142496847414971,-0.008318890814558055,0.0058623458069579915,-0.007284382284382329,-0.003284842796808962
2022-04-26,0.05139802631578938,0.03206815509798622,0.007920197215068647,0.0043313297346705415,-0.002022887112417049,0.0027173498026895615,0.02714046361097644,0.0021107655181173968,-0.005323620693879039,0.0037488284910964786,-0.029709891646277575,0.027607410061486926,0.0010272967420017487,0.020009416195856833
2022-04-27,0.0058662495111458934,0.00314650643487302,0.02490705873964738,-0.00815188797779498,0.0032657975128216332,-0.02461606638882896,0.06087595613682817,0.0015798150082726448,-0.0035680755433861178,0.015250544662309462,-0.032780979827089385,-0.005373143438083039,0.01246151590675848,-0.0030002307869836375
2022-04-28,0.011275272161741734,0.03273871865503697,0.04791894792071316,0.0014846634082219534,-0.009204257354392564,0.009029854020834005,-0.05215359523527685,0.02103047365422106,-0.0140250861307184,0.0006131207847945852,0.03240223463687153,0.006902747429258005,-0.011584129742253091,-0.005555555555555536
2022-04-29,-0.0015378700499807385,-0.006359132166514847,-0.004899398948451372,0.010907025037761198,-0.004191651054800349,0.021340106863346087,0.05168408043013373,-0.0036045156822459568,-0.0038479309815057094,0.0027573529411764053,-0.025252525252525304,0.018777975631645072,0.001025490770583115,-0.028165735567970196
2022-05-02,0.013477088948786964,0.004584924217646336,0.03170748882686625,-0.024878226986457253,-0.0317406465868495,-0.027634280255854016,0.031888452226992214,-0.02583979277224291,-0.021527789505543016,-0.006416131989000928,0.012583271650629113,-0.018431862565543522,-0.02004975852480606,-0.00023952095808388307
2022-05-03,-0.0064589665653495,-0.026243173479971738,-0.0243700798028047,0.00375980224321415,0.003642361472945721,0.008317944096702945,0.064080280623934,-0.012201566980466816,0.0034155279528855775,-0.015067650676506728,0.027046783625731097,-0.007749577569170274,-0.008960573476702538,-0.00934355534259701
2022-05-04,-0.01032504780114718,0.052729164177174104,0.030587637027317705,-0.0009632110344034439,0.013462862746814297,0.013748854454437076,0.057958255706414,0.0,-0.011449572294717991,-0.00280986575085862,0.008896797153024938,0.004205448657201405,0.006479807112718561,0.031197097944377195
2022-05-05,-0.02666151468315303,0.004174052386858973,-0.037969876204120956,0.003749330476700674,-0.010049658926742366,-0.01265824181911257,0.04373143579153882,0.008592902266415514,0.0016993161453031647,0.006574827802128924,-0.02716049382716046,-0.0008973610237218432,0.005240305434945247,0.02814258911819878
2022-05-06,-0.007542675664946374,0.013947852180307585,-0.03387718070342394,0.003842023037286646,-0.005484239557655313,-0.031135476112658544,-0.08425364587965023,0.020234246372356157,-0.0033481632530376615,-0.014307931570762045,-0.046410442349528624,-0.004790414374326812,-0.013702710753649039,0.0009124087591241281
2022-05-09,-0.006800000000000028,-0.060854518624946285,-0.0268264626703536,-0.012810959074778139,-0.0160741625865376,-0.025047272679023624,-0.12644537739499062,-0.026096033610748415,-0.024322560195749965,-0.009782265698958681,-0.018250950570342206,-0.007521058585323481,-0.020839625490788327,-0.012534184138559668
2022-05-10,-0.004027386226339136,-0.03230181705260393,7.003264631588735e-05,-0.009261726023365169,-0.009181930270551919,-0.011148827037005815,0.051095958557380916,-0.0064308109788868695,-0.017996520327729137,0.002549394518801762,-0.02517428350116191,0.0054560921891677605,0.005552128315854388,0.0
2022-05-11,0.017792155276991517,0.05964311167633074,0.0046173474943091986,0.006902522421520896,0.013960786528228297,0.07892159854664516,0.03452940144896499,0.0005392837669619954,0.007480123982123166,0.0200254291163382,0.006356773937226778,0.006029568103102845,0.012423312883435678,0.023540272328640643
2022-05-12,-0.022248708780293946,0.003973116758895223,0.013440059845053254,-0.015545680199366085,-0.025519305367414757,-0.0231713128672838,0.012958112413862688,0.004851760446872744,-0.0367981111671859,0.014023060143346866,0.033557046979865834,0.01498351860965319,0.0060596879260717,0.059301014656144346
2022-05-13,0.008939455505891925,0.04108169907835513,-0.0022675862971396343,-0.008992227204183023,0.0183922073308862,-0.009767470248909893,-0.009820356418376752,0.02843351416308737,0.010936035225256768,-0.023355869698832188,0.0,0.01269561023726462,0.03794609245595537,-0.006172839506172867
2022-05-16,0.008860249697945966,0.03357769170243774,0.037534415032976165,0.0033750002785990496,0.00382724408313595,0.06059187188866555,0.03823564404688451,0.02660408069129394,0.026258130705560045,0.01887979861548139,-0.02291825821237581,0.03935866818794875,-0.038734948498476696,0.06875133861640603
2022-05-17,0.003193612774451182,-0.015761781702840816,-0.014536921814427561,0.0025916466346154188,0.010246687251397546,0.010628847936438035,0.04374058020343008,0.016260146842582035,0.009380063419453188,-0.010809141445336623,0.022283033620015713,-0.03702663782120763,0.012979172955025708,0.024048096192384794
2022-05-18,-0.017111022682053334,-0.02500004581709292,-0.026875961960948547,-0.001264947101296654,-0.013562893015266475,-0.042068321529837416,0.007707144805409127,-0.008500003814697288,-0.009384853947475569,-0.024039962535123305,-0.018355640535372864,-0.02068170292166016,-0.009088200238378974,-0.03659491193737774
2022-05-19,-0.0052631578947368585,0.023907316672444834,0.022357553126926888,0.013932444747874362,0.0246292881991359,0.00045741464745985283,-0.007170222203379706,-0.0030256916880093687,0.016950715417360707,0.0022392834293025743,-0.02181534865601875,0.010410538368174072,0.016689219666215616,-0.024578509039203777
2022-05-20,-0.01139601139601143,0.009090137071412485,-0.03676366139455001,0.00032592747782111964,-0.0009334212894834826,-0.013031508388182789,-0.027082262678514102,0.00910471932260859,-0.010457579872725553,-0.005745292052345974,-0.02389486260453999,0.010597603691935076,0.008725229222123598,-0.026447313619325286
2022-05-23,0.009057225195553631,-0.02596487109638701,0.0033738364597208914,0.003257682615340096,0.015533685575748857,-0.00046331295199342204,0.08177659740149412,-0.009022571342962693,0.0024919906587539398,0.009630818619582593,0.02774377804977557,0.006117071752751668,-0.010702243072863271,0.018181818181818077
2022-05-24,-0.004079967360261172,-0.004714881386747027,-0.008476404300295504,0.009362445232526273,-0.005060341975886007,-0.009733516122899744,0.005946830914446366,-0.0010116569196040315,0.015651620829304713,-0.018441971383147848,0.07066296149265572,-0.006079880686345129,0.003556609365737984,-0.029621848739495804
2022-05-25,-0.01392871773863169,0.005101623440959102,0.025575883479508565,-0.010133518128498609,-0.01121259066162028,0.015913921143947185,0.019895429757372574,-0.003544288345530111,-0.009200884626629824,0.0006478781988985549,0.009640341119762752,-0.005243236107635552,-0.007088009450679222,-0.00562892400952586
2022-05-26,0.023680930619027762,0.0340795290894087,-0.031344743296844446,0.0006500234394577475,-0.0051437540853640495,0.043999091994854744,-0.007022598074260311,-0.007113790014099619,0.003705369264779046,-0.009388151505341558,0.006610356224752145,0.011712963200851467,0.027067221891731164,-0.004354452427607236
2022-05-27,-0.0008116883116883189,0.008589739577440358,-0.008463142281777691,0.0021110882118231533,0.01151581317487027,0.01257718785508155,-0.02031878715922708,0.00358237930114913,0.005423612473630657,0.01601307189542478,0.026997446187522867,0.011287971006092024,0.0033304373008977706,0.012464465340039421
2022-05-31,0.01380991064175463,-0.0034761582249043244,-0.0031559492697242897,-0.004645436952099624,-0.0020910373446373365,0.007844859776414914,-0.06668955688950717,-0.01070887227359063,-0.018540362947875644,-0.03055644901897714,-0.04831261101243334,0.004293117681013259,-0.028286910088035744,-0.06047516198704106
2022-06-01,0.011217948717948678,0.0051452339470337005,-0.02101020476838822,0.00032566216538310044,0.00814897480567911,0.03545944626266895,0.06764881650721755,0.00206190290277819,0.010761707034373513,-0.029528865295288642,-0.034714445688689755,-0.023368472250170247,0.004158621713946209,-0.042528735632183956
2022-06-02,-0.015451664025356582,0.013968424262639223,0.02241660375191712,0.012586095891780724,0.051732097242185304,-0.005011471971334225,-0.024264080048104875,-0.004629637351615146,0.016907280146570614,-0.0013675213675213849,0.010827532869296164,-0.009337604042888858,0.023073509835823014,0.01632653061224487
2022-06-03,-0.006438631790744442,0.017113031171366977,-0.006685413920565431,-0.011304567686009959,-0.016798405935648963,-0.024554065492195742,0.004478504224996627,-0.00310074753279288,-0.016356624659685126,-0.004450530640191741,0.056618209640397765,-0.010603846900190561,-0.018215989590863124,-0.0172454523978266
2022-06-06,0.007695423248278654,-0.003112667098787214,-0.003184159834554001,-0.0033597448575715116,-0.008486902766113524,0.022160108823270352,0.09374631098779873,0.01399681376882178,0.00840566561851075,0.021320495185694677,-0.014844315713251288,0.025900533728272057,0.0008835223089382893,0.0509615384615385
2022-06-07,-0.005225080385852121,0.007679355798391407,-0.005735505397239771,0.004512858334319025,0.0,-0.02273209465754822,-0.0031108485318152024,-0.030163607806594883,0.0038507290981621978,0.019528619528619506,-0.01800808526277109,-0.016831051415168607,0.017066352802707074,-0.019441903019213225
2022-06-08,-0.006868686868686913,0.022611145343251815,0.02679808872381595,0.002381609967016196,0.004279773403795817,-0.0012922153816747883,-0.06391906257706337,0.0005271602131686759,-0.0038359578635974723,0.009907529722589237,-0.009730538922155696,-0.0011806645297006702,0.0067987848980182175,0.002799160251924393
2022-06-09,-0.012205044751830707,-0.004913589969061327,0.041885930836080165,-0.0016739432718125835,-0.015588195785480319,0.012076720807669972,0.030348307631049565,0.016333054834968053,-0.012548633114300212,0.011118378024852937,0.009070294784580435,-0.016843962537057777,0.016666666666666607,-0.003256571295650157
2022-06-10,-0.017710049423393714,-0.006913043803121521,-0.009896914904153786,0.012278207795517693,-0.02005008474207992,-0.024504581928677216,-0.012607376138054294,-0.021772942268544426,0.0053217973616512815,0.0003234152652005218,-0.02434456928838946,-0.02314398699035758,-0.013284341435839453,-0.0004667444574095736
2022-06-13,-0.021383647798742134,0.002154654348021534,0.004136261640796279,-0.023243387656959658,-0.019646666003684587,-0.024246343123445535,-0.027231657072092852,-0.008479159917580747,-0.030894904507663745,-0.005172971225347545,0.01305182341650668,0.007999948354867836,-0.021770266399312566,0.0002334812047630752
2022-06-14,-0.003427592116538092,-0.01653849330152035,-0.014966414113426252,-0.010120350109409149,-0.013043953723780088,0.016118158703152474,-0.16494366852324271,-0.0005343838600986306,-0.014126918261363142,-0.0012999675008125156,0.010610079575596787,0.010683831097399787,-0.005270863836017603,-0.019374416433240005
2022-06-15,0.002579535683576939,-0.03043809583194368,-0.0020909050786948047,0.0032053323172838155,0.0014417979081269294,0.006829711710070185,0.03213241652895715,-0.012834313832887245,0.022258291217578163,0.0074845427920597896,-0.00824896887889015,-0.006040494087968251,-0.0027965852222548993,-0.0002380385622471337
2022-06-16,-0.0012864493996569415,0.01977277623424034,0.002444518238719162,0.01674648902443132,-0.013317343794497893,0.015098454915720705,0.005929939126789074,0.006500587496471422,0.021726948103220955,0.018410852713178327,-0.004536862003780673,-0.006077203399172282,0.009298892988929941,0.026904761904761987
2022-06-17,0.02490339201373981,-0.06828811148376057,-0.0005573875268939377,-0.005472165494464498,-0.022981533344566207,-0.01853849152115883,-0.06966779770682474,0.0010764509066629735,-0.013444945251498419,-0.004757373929590858,0.009494872768704976,-0.008254370691555324,-0.004387247733255384,-0.040806862972408986
2022-06-21,0.012149141181399203,0.009948922887682787,0.0004182471932390186,-0.0005447810052845448,0.006347305048076679,0.023940313433566063,-0.019585207966998808,0.0032257776726798415,0.008390105977075235,-0.030274059910771145,-0.04213694507148236,-0.005856924622449022,-0.012338425381903662,-0.05704616872129564
2022-06-22,-0.007036423841059625,-0.040307266362120675,-0.0013238602877106986,-0.00016348346331829244,-0.022631777709686274,0.023595022977209057,0.007344258703486206,-0.011253970321000839,-0.01595109527879035,0.009530069010844633,-0.02317360565593085,0.01178297885628643,-0.01680547293277812,0.0012817226352217492
2022-06-23,-0.008336807002917834,-0.018080852756353072,-0.04884175022517678,-0.004688490120111077,-0.048842172026775765,-0.025775393956215087,-0.09025954738153952,-0.0037941246221226965,-0.01751763475578283,-0.02766927083333337,-0.03779654201849614,-0.012258704038774049,-0.03600060505218572,-0.04019457245263702
2022-06-24,0.0008406893652794789,0.0321281884661726,-0.23884979048268906,0.0004382148488373261,0.00039906644713250117,-0.02516666346108465,-0.0030453684696369887,-0.0005439783454693758,0.003993896701906419,0.004686976899899609,-0.0020894274968658033,-0.0037232061305961794,0.010983838066844553,-0.014403841024273167
2022-06-27,-0.00839983200335992,0.018119279859469373,-0.032864336853349774,-0.0030659598061524296,0.005053205705838559,-0.002647864463170113,0.045176872477104,-0.0038106477395116745,0.002036426241309952,-0.007997334221926056,0.03685092127303191,0.0015571235163549524,0.012261368927518168,-0.021380243572395097
2022-06-28,-0.0033883947479881327,0.019987245117330188,-0.002291935535986833,-0.0018672219059124862,0.0013230685272023202,-0.018141619927060315,0.0076911538674531155,0.012568385747206534,-0.017108535608077236,0.02049042660396383,0.017366720516962753,0.008084524961654349,0.02039251763262806,0.019081858407079544
2022-06-29,-0.015299617509562213,-0.01771656513141484,0.04155009906706031,-0.0020908109095598704,-0.0013213203298594323,0.0484452469386496,-0.008090363660569144,0.0010792525458163116,-0.00620289522248485,0.014154048716260803,0.05438666137356085,0.014805779890308068,0.006311044327573345,-0.006241519674355489
2022-06-30,-0.011221406991799743,-0.036618661757760296,-0.00326041754766615,-0.00529303404332937,-0.017068031942663486,0.004083439638747466,-0.16528167661165893,0.015094377259385672,-0.018676199595717424,-0.03440441415124962,-0.004141566265060237,-0.0015198495270123402,0.0004479617739285846,-0.05106499180775537
2022-07-01,-0.011348756001746008,0.025245821813676406,-0.0025014636340521257,-0.0028822965701699177,-0.025710053478420924,-0.022046271492781155,0.05641597432674872,-0.04036113818168596,-0.03377376392154352,0.014453781512605124,-0.016635160680529282,-0.018569157503457667,-0.029253731343283573,-0.043165467625899234
2022-07-05,0.00044150110375285045,-0.08235728377794271,-0.03858024680002159,-0.020623700640629905,-0.05360597070224982,-0.016633850306501663,-0.036125698934672545,-0.014941918224880113,-0.0278103828595766,-0.024519549370443983,0.005767012687427853,-0.017990130299592177,-0.03121156211562115,-0.045112781954887216
2022-07-06,0.018093556928508336,-0.009748755986966118,-0.05006017103222693,-0.015268488857152263,-0.002043786738650244,-0.009570416002214865,-0.0023537090645685543,0.010674187764122323,0.0017320511556269125,0.011209239130434812,0.01911314984709489,0.0060012803213309596,0.003174099349309678,-0.0018897637795275424
2022-07-07,-0.000866926744690022,0.042626658171838194,0.0362234683360394,0.0017292062699769684,0.04798128588529216,-0.0013483283225069753,0.14283115603668883,0.029460850104978453,0.0019387297827031524,0.00369499496137049,-0.009002250562640701,0.013186815424288012,0.006960923904445471,0.0407068475859893
2022-07-08,-0.015618221258134501,0.02005254055561867,0.04576027046560527,0.00155357105353926,-0.013958668921459472,0.003150301340486772,-0.04176592255231537,0.02699783950547352,0.002353314344963664,0.04183400267737625,0.0397426192278576,0.004028542493681897,0.02450903377847613,0.06640388114008489
2022-07-11,0.0242397531952403,-0.0066800703456525445,-0.0016567407458738526,-0.006089840132491808,-0.026755397257862357,-0.026917901140842693,0.06496523095269047,-0.008412189461688424,-0.00521732052094992,0.003854802441374927,-0.0007280669821623231,0.006481452919220532,0.0065940806624751325,-0.0403753198748934
2022-07-12,-0.008175559380378616,-0.07925833692240081,-0.039047246238479216,-0.0038728041455924345,-0.04101819125088779,-0.035269682396281365,-0.04092748313168182,-0.009013789543603656,-0.00881099661995044,-0.062080000000000024,-0.04699453551912569,-0.006133111290895443,-0.029402803168799507,-0.05007407407407405
2022-07-13,-0.022125813449023868,0.004799736346456029,-0.03078015749847629,0.006325017138577804,0.008797222555518847,0.009557945041815952,0.08534804701801546,0.024076984629872733,0.012646188597912555,0.009894234049812267,0.0003822629969418845,0.0006171076167180711,-0.0028253021503689135,-0.004054897067997554
2022-07-14,-0.024844720496894457,-0.005399836510715961,-0.041924324981328365,-0.017126024684642305,-0.03458126872379852,-0.05704143456453403,-0.013305460209511843,-0.00888192694435963,-0.050632241506328945,-0.060810810810810856,0.0,-0.004625393908953113,0.0136943176452069,-0.005010961478233655
2022-07-15,0.05595996360327571,0.018897448127604077,0.05469860846392849,-0.0012320185309108167,0.007475449124386246,0.022590361791869018,0.06303028717951764,0.014760184332130777,0.02085968941785299,-0.13057553956834533,-0.28964463125716466,0.023853794513075455,-0.08944099378881987,-0.022033364809568745
2022-07-18,0.0034467901766479514,0.05133725099121933,0.04159313716956037,0.0039943178220718245,0.03509046859331777,0.07560142064796604,0.06599206259126755,0.008311680385044706,0.013101144388592445,0.01323955316508063,0.0328133405056481,0.03298033820725843,0.021316507503410742,0.0463469584808498
2022-07-19,0.007728638900815765,0.01578950068883911,-0.0021908108416114347,0.00046808381171348223,-0.016875733931136394,0.005933307881126115,-0.028747178761332814,-0.029366290536072093,-0.006439268136813503,-0.025316455696202556,-0.0015625000000000222,0.00527241676607515,-0.01335782267490404,-0.0006151953245154829
2022-07-20,0.008947592671495475,-0.018806362133138244,0.0017964102860079656,-0.0061403508771930015,0.01154484804374345,-0.010208711716465646,0.10228524735140065,-0.009023358541246806,-0.0016604251313562246,-0.007540846250523647,-0.003651538862806447,-0.01252914653261572,-0.019123371128786593,0.008925823330255378
2022-07-21,-0.027027027027026973,-0.05779389339573926,-0.007770460257412681,0.007766961560385477,-0.008259472743696983,-0.01054314855520977,-0.009366780261145013,-0.017139780049092557,0.002575263471781719,-0.027859856479527267,-0.008376963350785305,0.002360632413558772,-0.02104899930986892,-0.016168395363026278
2022-07-22,-0.0030381944444444198,-0.017125080975710527,-0.0017068089513021523,0.008407791688327837,0.014082364303583894,-0.04239059020867175,0.04626823231804056,-0.02506817342008394,-0.0054584036328116925,-0.01997394702561872,-0.04435058078141496,-0.007065106559976386,0.01127952062037374,-0.05860465116279068
2022-07-25,0.03439268611232049,0.02111932486220769,-0.01920953088853561,-0.004689928608903826,0.0007466200419563584,0.016207093144536833,0.051572534178980556,-0.023476807748633366,-0.015657706386729253,0.02791315906070002,-0.02209944751381221,0.003854167503099193,0.026838619728128288,0.01449275362318847
2022-07-26,0.010101010101010166,-0.017786904297724115,0.02225190599915927,-0.0007562820407940318,0.009400137871534708,0.014996400146246147,0.030480094740169994,0.0,0.010549845824221471,0.02931034482758621,0.02033898305084736,0.009745954235350407,0.040563475899524803,0.043831168831168776
2022-07-27,-0.018750000000000044,0.024005039994878352,0.001404347338949341,0.0008150576083485461,0.01389509850158932,0.027673589304533452,-0.03402643776503622,-0.004006851607069595,0.003570075538725126,0.005443886097152406,-0.02436323366555926,-0.0005849797767482068,0.030011417387049377,-0.01679626749611196
2022-07-28,-0.016135881104033967,-0.008636684647699067,0.02544326223519322,0.01814907433266244,0.013267181883442003,-0.0031949438043398226,-0.06365838985265093,0.01839078746205436,0.06866815083403455,0.024573094543939966,0.017026106696935273,-0.003804426701319308,0.019319081551860684,0.03385004745333764
2022-07-29,0.002589555459646009,0.022816890887945362,0.007423996155566215,0.007198751776515966,0.03136696661439986,-0.0054944916748072,0.01167940362407971,-0.010157923521559864,0.0165935582081409,0.00203252032520318,0.0,-0.007931858122850688,0.017244057790896328,-0.011321909424724552
2022-08-01,0.0068876452862678406,-0.047961906562586476,-0.027538023984544413,0.00346019371572992,-0.008928589247242602,-0.0184162065202661,0.006562146095162147,0.0034207219390318677,0.008235779176420266,-0.015010141987829573,-0.016741071428571397,-0.013325459189799882,-0.02611484422724497,-0.00928505106778088
2022-08-02,0.00042753313381793667,0.005644890645886136,0.00578324684175846,0.0011870975612988666,-0.0077421599756426485,-0.015478438550629692,-0.06966076803999377,0.005113644922567717,-0.010678129904873823,-0.02594728171334426,-0.04426787741203175,0.006902747429258005,-0.015681354869060637,-0.03186504217432051
2022-08-03,-0.025213675213675235,-0.03982201418928433,-0.005056033729985643,-0.0073965195452072585,-0.015605002129498446,0.02262982438361827,0.07267064022722347,0.004522324550077617,-0.011937317910103662,0.00042283298097256505,-0.02494061757719712,0.016989559099440443,-0.007169029791301629,-0.014198128428525303
2022-08-04,0.02981148619026741,-0.02338410170909877,-0.0023913696922076566,0.017349260523321863,0.003891043364212088,0.02166321587465747,-0.017420766633719942,-0.012380484807866576,0.011779570217170798,0.01817413355874886,0.013398294762484664,0.01553348800075316,0.03658536585365857,0.02454991816693952
2022-08-05,-0.018731375053214094,0.005308348947856256,0.015581277624835188,-0.00872237941623566,0.020097597599139316,-0.04491566788164103,-0.007141050572920915,0.022222297091244236,-0.013931074863359205,0.01328352013283518,0.015625,0.0008657655981478829,-0.00015479876160995332,-0.008626198083067083
2022-08-08,0.015184381778741818,0.019660711807664155,-0.0009834625670827046,0.007840275380816442,0.009710138567295523,0.011458625878455031,-0.05890375706755557,0.0011147463667613433,0.03900291640810627,-0.0028676771814829527,0.09112426035502952,-0.008362194722474126,0.0029416318315529377,0.005156300354495658
2022-08-09,0.009829059829059794,-0.002864721574600715,0.029139584870215396,0.00402952259632916,0.0013936936277145762,0.0042482599506965535,0.032151792173147786,0.0011136112908247675,-0.006507326971922689,0.011503697617091246,-0.045553145336225564,-0.011340488414368188,0.045538746526705864,0.0022443090734209914
2022-08-10,0.014811680067710498,0.015801108344483783,0.021140224460667767,0.000891848152696495,0.017536524498844797,0.03619270010924658,0.0471083202572935,0.016685269858013996,0.01270897578232244,0.009341998375304694,-0.02670454545454548,-0.0032353120691636095,-0.0026576111029086302,0.023352527191298877
2022-08-11,0.004587155963302836,0.026215555582665973,0.03456676760099531,-0.0032858233984645047,0.015045839894110902,0.01587661623248615,0.08193123126544988,0.011487914473989669,-0.018920754443920607,0.012877263581488885,0.06187974314068878,0.007966965554037309,0.012287194670614454,0.013754298218193295
2022-08-12,-0.023661270236612686,-0.02384990552619215,0.03621876051770445,0.004972914263217554,-0.009297906921977961,0.01183303947928116,-0.011945002414277095,0.005949194792494561,0.01726851463467316,0.016686531585220488,0.007696536558548628,0.004391145390777007,-0.02354489616847033,-0.005858772741288876
2022-08-15,0.00340136054421758,-0.029101887092578438,0.04369101619479632,-0.009562966421297614,-0.012785682329175652,-0.004854395736481609,-0.004562039627518777,-0.0032257776726799525,-0.02060263065965373,-0.020320437670965252,0.004364429896344779,-0.004663358816903496,-0.10498726973191552,-0.006513647642679921
2022-08-16,-0.011440677966101709,-0.03221121535456328,0.023526435877061047,-0.004603162192548305,0.002066666671046491,-0.027272700206139144,0.06885893759934336,-0.014563130767568877,-0.009184678370019794,-0.025129637016354178,-0.0401955458989679,-0.010248968467926,-0.026606425702811243,-0.018420231033406176
2022-08-17,0.02871838834119167,0.0182595845758029,-0.032147241760129064,-0.007274928208307663,-0.010587057171813408,-0.008661997275608901,-0.009111376764614265,-0.001642073666876076,-0.017642665443834304,0.00654664484451728,-0.022637238256932646,-0.01390524901226986,0.014440433212996373,-0.028944020356234113
2022-08-18,0.0008333333333332416,0.027125177313500615,-0.010141962063364374,-0.002840424848779999,0.013479727728372026,-0.012646585599422,-0.006058060028038659,-0.025767506537949902,-0.013342827983206518,0.007723577235772439,-0.0440069484655472,-0.0066006963281395326,0.01372648703609558,-0.041598427775958124
2022-08-19,-0.016652789342214813,0.0029833883211758394,0.022455577115282566,-0.004386756126012914,0.010146699506293988,0.005822077399942005,0.016108045449204633,0.018007860809278187,-0.020053444599260173,0.010084711577248884,0.014536644457904258,0.032014422804400366,-0.004513540621865597,0.0297334244702665
2022-08-22,-0.005927180355630779,-0.005949028380558663,-0.015532364178301172,-0.007782087305979513,-0.003529255127552755,0.03866638676321399,0.03684659879671148,-0.008291852806248556,-0.009707281341721385,0.01198083067092659,-0.014328358208955172,0.002341288713541667,0.025692695214105887,0.022900763358778553
2022-08-23,-0.020442930153321992,0.03890052506094932,-0.013826425157833167,0.007381804399149372,0.009263021256050497,0.028310257504817304,-0.05030996384707476,-0.0027871317124130712,0.007365015891540816,0.04183109707971577,0.0,0.009635089957801046,0.026031434184675906,0.015898767034393302
2022-08-24,0.04434782608695653,0.012267991808045275,0.011267826720480656,0.0005724753675562244,-0.01187742227840638,0.05332756721111398,0.014902652704340547,0.008384657965147868,-0.0061539384513857875,0.008712121212121282,0.027256208358570566,-0.002602664772188179,-0.0038295835327908367,0.0156499520919835
2022-08-25,0.006661115736885881,-0.02497631743941786,-0.0033171675653717037,0.0056642076136728114,0.01365932294465333,0.00185222043175437,0.00482315934211397,-0.007760603652551268,0.011431574386796761,-0.012392039053698789,-0.021226415094339646,-0.004929022191051846,-0.005285920230658325,-0.031761006289308225
2022-08-26,-0.0016542597187758634,0.005836585982710529,0.04215738546288472,-0.012288772933933712,0.000269485923794166,-0.005751823876708029,-0.008426717122395844,0.031843559048691183,-0.01941291867155681,0.017110266159695797,0.0066265060240964235,0.009032674127260165,0.03397745571658617,0.019486846378694356
2022-08-29,0.006213753106876663,0.042445784238815065,-0.0008189166497413192,0.00028800184726174294,-0.022901802441922747,-0.006198347107438051,0.0061316870823699965,-0.0016241895187936173,-0.009871903319203956,0.02242990654205612,-0.0035906642728904536,-0.0020213598805998156,-0.043918392773711235,0.04491876393755967
2022-08-30,-0.0028818443804035088,-0.05535514512246864,-0.03728893253187804,-0.007716241277465952,-0.022473408915060333,-0.005613330991748988,-0.033251350443866956,-0.01843818561501287,-0.0213419510608579,-0.005850091407678226,-0.033033033033033066,0.008680533134827861,-0.014171689200195514,-0.026524390243902407
2022-08-31,0.002064409578860449,-0.022806594847344708,0.006980502990577175,-0.006035226693615781,-0.0074753134212237615,-0.00020902276497813954,0.009400579503237028,-0.011602264496982095,-0.021862506625145217,-0.008826774549466676,0.005590062111801242,0.004302860256895746,-0.0036351619299405113,0.013466958972752963
2022-09-01,-0.018541409147095234,-0.03283084691473426,-0.042268999588313205,-0.009458239596192963,-0.029558075572826303,-0.01150146352907,0.01479130393622885,0.0055897364383137305,-0.011879210983459343,-0.023005565862708743,-0.046324891908585575,-0.006855123544005415,-0.02305140961857377,-0.04140914709517929
2022-09-02,0.02015113350125941,0.0030019874656297407,-0.04325184470192123,0.0077803096971216235,0.0020500716023816867,-0.01565480055630175,-0.05139276914708135,0.008893821536839486,0.012819694974200102,0.01633118116217247,0.02137305699481873,-0.0002876656916532827,0.02563232048888131,0.022566086395873652
2022-09-06,-0.019341563786008265,0.00011505130102373862,-0.0009225802627935709,-0.0054977331533621054,0.01388283909529564,0.005372877854259439,-0.07295695147256709,-0.009366395584955445,0.0010689135955788132,0.017563527653213784,0.010145846544070913,-0.03049475287048853,-0.013571665011585576,0.008827238335435084
2022-09-07,-0.03147293327738143,-0.056859978915542286,-0.020223496379084716,0.008762658315767169,-0.008936332206898934,-0.029927320148190995,-0.037200789822603664,0.0038931978090313013,0.019218828462421955,-0.005875872199779697,-0.01820464532328936,-0.0041542844652513455,-0.015604026845637553,0.03312500000000007
2022-09-08,-0.00953206239168114,0.019526463588589893,0.020923668733554335,-0.004255843654357938,0.02850495946017273,-0.0046275355716747235,0.009308843936828959,-0.006648140551628545,0.010641274891784125,-0.003324713705208704,-0.0006393861892582953,0.011322921271403441,0.0025566729163115642,-0.019358741681790637
2022-09-09,0.03237095363079612,0.03890351884585552,0.011078258416017395,0.004800908180254693,0.012726265872180731,0.025016576239961452,0.010233714670523364,0.016173954447451955,0.01789421842357264,0.0355819125277983,0.04350607805502249,0.020624655016591165,0.012750765045902668,0.052745219000616794
2022-09-12,0.011016949152542477,0.011406819372350219,0.0063002416230437674,0.006933938208037338,0.012426660988829275,-0.016198704103671746,0.031640793956548174,0.007135075357546761,0.05879505622783343,0.019685039370078705,0.04107909258123854,0.00635107461257256,0.04062447540708414,-0.01406387342513915
2022-09-13,-0.015088013411567514,-0.005354308808830588,-0.035296247363788336,-0.013367268047154046,-0.012274134480706134,-0.01668497498027577,0.0042430358591503126,0.0016348108268797734,-0.01847632430392876,-0.0045630045630045135,-0.018845700824499434,0.005163519851526743,-0.010001613163413414,0.0017830609212481363
2022-09-14,-0.001276595744680864,0.013400593643982717,0.007242255881081405,-0.004985337243401777,-0.009913445602449,-0.02835450293037567,0.1001931294008429,-0.005984695757643377,0.004177477271171348,0.0,-0.0006002400960384291,0.001712259047549347,-0.019879419912009144,0.013052506674577247
2022-09-15,0.027694929697486215,-0.03820077706346103,-0.017275175435471857,-0.01833184532032861,-0.00620506956368827,0.007123105466418922,-0.08667982599054358,-0.004926116602785635,-0.015202168564513285,-0.04442877291960512,-0.052852852852852905,0.01538464213682178,-0.03474646716541974,-0.010248901903367469
2022-09-16,-0.021558872305140975,0.00011753391785918055,-0.03800836261112339,0.0037828309507974556,0.010642867437644865,-0.005019351473247835,-0.06727539590256892,-0.016501712836812787,0.0063103152402284035,-0.00036900369003689537,0.00443880786303108,0.00028064355784951367,-0.0020668274199104886,0.017455621301775137
2022-09-19,0.003813559322033866,0.007284722619384176,-0.03654679006632311,-0.003290064102798196,-0.0009829326180642584,0.02751662424226531,-0.0015456058755378699,-0.010626321903073221,-0.0011918952310451258,0.0014765596160946082,0.015782828282828287,-0.010659216040688979,0.008802209181912213,-0.03402151788310559
2022-09-20,-0.0059096665259603665,-0.014930670227109921,-0.04100881651071675,-0.0039010924201674513,-0.002670355190414475,0.018076335624160667,-0.0045149442810357154,0.028264555393165525,-0.008872590046338336,0.020272760781422816,0.027346177750155354,0.005103495969367433,0.011976047904191711,0.07615894039735105
2022-09-21,-0.001273885350318471,-0.017880338204883328,0.03966216643319287,0.002952355581262056,-0.010146564927969393,-0.02981149877160394,0.00803418397819744,0.001649190677081469,0.01617631802218855,-0.009393063583814976,0.010889292196007316,-0.00564177034231661,-0.011834319526627168,0.01118881118881121
2022-09-22,-0.013180272108843538,0.006631244347404364,-0.004318747238512222,0.0037246625814739698,-0.003843956401443638,0.010167193714289091,-0.08870029536443047,0.014818906033974066,0.0070579075035615,0.0040116703136396925,-0.0017953321364452268,-0.013617008290392252,-0.0029084687767322315,0.007745504840940498
2022-09-23,-0.031882809133993995,-0.0568930425384675,-0.02416610475096248,-0.01526214942229942,-0.03630129755993905,-0.013867170929082406,-0.036817625633537854,-0.011357441161285453,-0.03616741969923842,-0.016709044678532514,-0.052757793764988015,-0.0002876656916532827,-0.02144818119423475,-0.033214383749656906
2022-09-26,-0.0017801513128615776,-0.025781036758586673,-0.04413163576273316,-0.013371421228407288,-0.017203051305217043,0.015196217509144017,0.010984154732119888,0.003829304824663149,-0.02308791864030668,-0.015515330624307322,-0.04177215189873418,-0.0017260518265498348,-0.010170085919691374,-0.02555366269165249
2022-09-27,0.019170753455193923,0.023334649157747966,-0.003100075069120245,0.002094438638256868,0.0028670671225845545,0.002457564987747629,-0.03650584666055112,-0.008719337552367645,-0.008095195411005895,0.0018761726078799779,-0.022457067371202122,-0.0020172822272378488,-0.002302922940655483,0.01573426573426584
2022-09-28,-0.0017497812773403787,0.046496834724572,0.004442486914834287,0.020716834237260562,0.0177550454623987,0.019389305666965173,0.032626673715626,0.005497546923239227,0.029522898526378016,0.004494382022471877,0.021621621621621623,0.0025989070116072543,0.0005326704545454142,0.03643144004589782
2022-09-29,0.019719544259421573,-0.01119900367446125,-0.03682001040648031,-0.0011443172645898558,0.017149641709462538,-0.01311762151303808,0.0008736228792967093,0.0082011815758265,-0.009842491519371221,-0.001491424310216205,0.01256613756613767,-0.0005760500305439509,0.0014196983141081532,-0.0077497924162746035
2022-09-30,0.011602922217447409,-0.021420724132169333,0.07014120729584161,0.0023515371806226426,0.0005813532000693566,-0.018387212904730554,-0.015711416545555523,-0.0010846234915629083,0.018752298226476283,0.011949215832711024,0.01894186806009146,-0.010374657130729936,-0.03260676944887475,0.028172942817294322
2022-10-03,-0.007221750212404454,0.052082016617280624,-0.011585516165117049,0.018346967969246952,0.004648469736424854,-0.026179205469940015,-0.04374815442307711,-0.05428881627894089,0.0822257431718727,0.004797047970479751,0.026923076923076827,-0.01368669827066693,0.006777798131526014,-0.010309278350515427
2022-10-04,0.009841677364142098,0.034556970997991154,0.043412199115440586,0.016657777048373124,0.017351053712921338,0.01645424357709291,0.056723356243873146,0.02812857456786011,0.025244971934486937,0.0033051781123760726,0.0074906367041198685,0.0017715197869265786,0.006914119359534121,-0.009868421052631526
2022-10-05,0.013559322033898313,0.014332010416963303,-0.05107131333353754,-0.0056359022192029595,0.004121700286420893,0.02439576274635935,0.013602447945450402,0.00223344030531214,-0.026524720595692552,0.0014641288433381305,-0.0024783147459727095,0.0002946749614876065,-0.00993856161908202,-0.001107419712070845
2022-10-06,-0.007943143812708997,0.007862292561714224,-0.0036172511116060457,0.00017525228090087275,-0.01627745888519727,-0.03093700038756575,0.006060648596258211,0.02841216155189108,0.005664301053917464,-0.012426900584795342,-0.013664596273291973,-0.00471419722704991,-0.008578207702135465,-0.0254988913525499
2022-10-07,0.00969237252423083,0.04737142550562323,0.014631483044321492,-0.006543174324569634,-0.017985612004386087,0.0018374329852128835,-0.03212851021082608,0.011917726522975514,-0.019567851001013103,0.011472982975573753,-0.04534005037783373,-0.0038483498554073847,0.006627393225331346,0.0014220705346985607
2022-10-10,-0.015859766277128595,-0.016299677743728425,-0.04336983470031819,-0.019523640794986807,0.012014689798730771,-0.0029803261672763925,-0.04638414277640479,-0.0037473069422179206,-0.03149760783222055,0.021953896816685026,0.01517150395778355,-0.0065379260245778115,0.00512070226773953,0.0656063618290259
2022-10-11,-0.00466497031382529,-0.019532523131181256,0.007140397024233636,0.006837343015591246,0.007094221212812224,0.0018395454628066243,0.025019464366999866,0.006985446346212898,-0.006596426247364673,-0.007518796992481258,0.01949317738791434,0.0002990823045745383,0.0016375545851528006,-0.039445628997867854
2022-10-12,-0.012356199403493862,-0.0232792598385676,-0.04433943747854607,-0.005003814015653085,-0.009631959990646921,-0.03718157391130272,-0.02440877001535846,-0.0032016791182064575,-0.028259627584461322,0.0,0.026131293817718282,0.005382784466743784,0.014350590372388838,-0.02081021087680357
2022-10-13,0.02890422778257129,0.021084038479006306,-0.0015308202569592755,-0.00017963768146656012,0.0066773122691607956,-0.03623364054119482,0.047552484136364814,0.00695926973462524,-0.001059458496072141,0.0068542568542568905,0.012422360248447228,-0.002974374696551707,-0.00017908309455583193,0.01133465570983283
2022-10-14,-0.0033542976939203717,-0.0392772974528901,-0.019341896119122515,-0.016946137022829322,-0.004902656117071302,-0.026960163803086634,-0.0427236462415882,0.0015949328813020802,-0.04470253583914996,-0.011465424579003902,-0.023926380368098132,-0.0014916239969491318,-0.008597528210639416,-0.03642476884281309
2022-10-17,-0.015565839293226746,-0.0017521495714224455,-0.0007216498723647824,0.00931963774330602,0.0014490294176947582,-0.005846435761699409,-0.0703548723623767,-0.003715482710046736,0.0365806505165458,-0.009061254077564307,-0.021998742928975523,-0.0038841070622614993,0.0010840108401084514,0.0014539110206455153
2022-10-18,-0.014957264957264904,-0.03089163840311937,-0.009628059424988455,-0.004828002414001165,-0.014180230928289683,-0.0023011860967503406,-0.042340420712012716,-0.005327670699569076,-0.005515724646429576,-0.003657644476956823,-0.004498714652956259,-0.007798389932311411,-0.009565060458400998,-0.013356562137049943
2022-10-19,0.0013015184381779399,0.03296309305714962,-0.048608578873466035,-0.013038204972710687,-0.013503596785447103,-0.014351629749679184,-0.04926022593698709,-0.0010712617933551494,-0.012654068914745187,-0.004038179148311283,-0.032278889606197514,-0.0033252903344248574,0.00036443148688047877,-0.009711595055915234
2022-10-20,0.008665511265164572,0.005026303797039278,-0.011367982874450622,0.0020276797715053085,0.02693047918763014,-0.006500259907242789,-0.019040661586689156,-0.013941031324392394,0.017997377603737208,0.008477699963140406,0.002001334222815121,-0.0021231329157568313,0.013843351548269656,0.009509658246656727
2022-10-21,-0.009450171821305808,-0.010816472073338024,0.022351365548237467,0.012386528432097199,0.020863525708549213,-0.0007851826897526948,-0.07446803019434811,-0.0005437862541455285,0.02019709064452968,0.0003654970760234022,0.001997336884154377,-0.005471133642173109,0.002874595759971177,0.0017662643508977727
2022-10-24,0.013443191673894184,-0.0055261752361972505,-0.03791229753733394,-0.001393124668761403,-0.012347416000762834,-0.002619172425281091,0.0483968069699956,-0.013601741643908372,0.006879195706417152,-0.004018998903909443,-0.037209302325581395,-0.00764058651201438,-0.016839842350412026,-0.014105201292976766
2022-10-25,-0.01754385964912286,0.008749087819218238,0.030736950633215798,0.0024868670938793525,-0.008334543298752384,-0.024159616555594288,0.07963070662609217,-0.0011030640563026717,0.008605450994350061,0.006969919295671367,-0.013112491373360902,-0.003079836312251061,0.007288629737609353,-0.004769001490313007
2022-10-26,-0.007839721254355392,0.03035635228022948,-0.008283439731964881,0.006776349734389342,0.05187651071560406,-0.03256191040035927,-0.0012470995166724563,-0.013804527419899792,0.0072909062109991485,-0.0018214936247723523,-0.002797202797202747,-0.00957669350703616,-0.00018089725036174453,0.006888289907157841
2022-10-27,0.015803336259877065,0.013309044707156659,-0.03482394108327014,-0.0019832024207482313,-0.0011020660141286553,-0.005006920147340055,-0.07491974318499661,-0.008398741363534246,-0.00010261300894043313,-0.004014598540145964,0.005610098176718203,-0.0012476891395478695,0.00036185996019533206,-0.002379535990481907
2022-10-28,-0.0051858254105444646,-0.013246523135616028,-0.03994141892719605,-0.012705471311086791,-0.04399390021957128,-0.05060107767913524,0.09602779741867984,-0.007340438593279153,-0.016993596408646172,-0.0021986075485526113,0.02231520223152028,0.007182996219494475,0.003979019714233978,-0.011031604054859923
2022-10-31,0.014335360556038124,-0.015585924036402687,-0.0015254556846553413,-0.0022566182160088655,-0.015147146082898355,0.04652528712897808,0.11805066889749938,0.02218426571905363,-0.0011489716335300049,0.015791406536907804,0.06139154160982274,0.02697671106619426,0.013871374527112179,0.06391317455532097
2022-11-01,0.005567451820128522,0.02126434754700801,0.04166666666666674,0.005562672198869079,0.02812361334297475,-0.017445081023999554,-0.10086542755035288,0.025598275425610995,0.028653612323835675,0.009038322487346262,0.02699228791773778,0.04015706141144504,0.02043354655294949,0.022952677812411393
2022-11-02,0.01320272572402037,0.0184451420477183,0.05333333333333323,0.0004255022321428825,-0.001139748816399,0.04324162387767938,0.0969548265657203,0.002170320538056547,-0.003710667055252692,-0.014690075241848843,-0.021276595744680882,-0.0023222591954410454,0.002960125370015776,-0.06260387811634349
2022-11-03,-0.002942412778478398,-0.020333353678385402,0.05063291139240511,-0.011180593601310962,-0.013978041278685294,-0.05462529388772175,-0.04674540768473123,0.0,-0.008367324199144655,-0.01200000000000001,-0.01662404092071612,0.0,-0.009201388888888884,-0.006501182033096908
2022-11-04,0.02613827993254647,0.05035729311118531,0.047349401267178015,0.027776039953065323,0.07464194792907963,0.020615581386013826,0.07112974017043072,0.012994032487301466,0.06966454178590875,0.0025763709974235827,0.016254876462938883,0.007273785503905783,0.017347117574908033,0.008625817965496774
2022-11-07,0.02958093672966311,-0.008854332031313694,0.0064419366919110654,0.0023916292974588416,-0.02288330576976183,-0.029587464854863077,0.08499994747340756,-0.0016033554657824967,0.005194795424712018,-0.00770925110132159,-0.01407549584133072,0.006354743717236433,-0.007922838442990021,-0.0023591860808021003
2022-11-08,0.012370311252992927,-0.03137593664552174,0.002171704721059653,0.02123470061791677,0.02093951702484076,-0.024039906362659957,-0.11607139730253269,0.01713060436811409,0.027705930988810357,-0.01220865704772478,-0.011680726800778696,0.008897857977419932,0.002777777777777768,-0.021282885013301778
2022-11-09,-0.0019708316909735624,-0.034641791746627515,-0.01345803263080192,-0.001168156082307914,0.009715291983466878,-0.007810171676735145,-0.04447706741885438,0.01999995582982117,-0.008334448625073931,-0.004494382022471877,-0.0006565988181220783,0.004267360019065913,0.010907202216066558,-0.0256720024161885
2022-11-10,0.010268562401263726,0.0074565929860772595,-0.0013873149893876002,0.023507440393017776,0.014566378308579653,0.03542238159077615,0.06376813078851074,0.0015480231137596778,0.017795084238394043,-0.0169300225733634,-0.005913272010512505,0.0014164090124979545,-0.020037677684535016,-0.0037197768133911957
2022-11-11,-0.014855355746677068,0.028796089147890003,0.021069689195344354,0.008969862728614109,0.04083244763804195,-0.005263122201663029,-0.057701501154337254,0.011849538590645192,-0.0014300935214115462,0.0072713356295446285,0.02313284864507592,-0.0031116492334454238,0.01747640685075158,0.012756689483509609
2022-11-14,-0.009126984126984095,-0.03473467142188813,-0.033106556348962646,0.004303496934279449,-0.02429763521474415,-0.02292774259455377,0.009185218421664976,0.009674161912538448,0.020604229298447185,-0.0011398176291793627,0.018733850129198926,0.0005674416036882679,-0.009446925455170008,0.005837173579108956
2022-11-15,0.0012014417300760805,0.012227732488398813,0.040572222490610876,0.0001128062950730424,-0.004020770061701873,-0.0568591884582591,0.01702339974038769,0.023197226101416835,-0.026842229315255595,0.014454165081780213,0.009511731135066537,0.008508311572283933,0.010750823651812125,0.011912034208918731
2022-11-16,0.0012000000000000899,-0.015301447987488226,-0.003380611106435061,-0.0004510366479320016,-0.01341316428248085,-0.00829348039398925,0.027510754321781405,-0.0009857297615184502,0.0002325299148271398,-0.0022497187851518996,-0.006281407035175879,-0.0022497701902446376,-0.019214273460284814,-0.012979172955025708
2022-11-17,-0.029964043148222097,-0.04615021751664128,-0.015829958019352608,-0.006880965127961103,-0.026003170690074517,-0.017690576095126143,0.027258089350364667,-0.026640399769725542,-0.025530124338661198,0.0033821871476888976,-0.0025284450063211006,-0.0005637107672412656,-0.008570928808815825,-0.01314984709480127
2022-11-18,-0.00658978583196046,-0.019108250493097723,-0.021599232923291356,-0.005054534397580079,-0.015584800791734521,-0.009168264076383048,-0.010362691973001548,0.01621894081341413,0.001002143093472796,0.0003745318352059712,0.004435994930291454,0.0036661328672216165,0.007939308398023925,-0.004338394793926281
2022-11-21,-0.01036484245439473,-0.004370610216262061,-0.046970406622701244,-0.00827672800840884,-0.016657463394345373,0.04097816803163745,0.07504363820322801,-0.009476241094203641,-0.006054486192954456,-0.012354923249719207,0.006309148264984188,0.000842899105598649,0.0059513390512866415,-0.004979769685652058
2022-11-22,-0.0025136154168412528,0.015301562021099446,0.02538193033073366,0.0005180294701365717,0.012039754186210283,0.027301606677827328,0.0004427069882118051,-0.006042338144282344,0.008873301246258292,-0.004169825625473855,0.0025078369905955356,0.0075800243082542185,-0.00487210718635811,-0.009696590553644024
2022-11-23,0.006719865602687891,-0.03718338011501676,0.008651780943786047,0.0037967988267542108,0.000829996110897957,-0.010506779457219007,0.07803515230407165,-0.009625153812595766,0.015356087673834562,0.00989722116482672,-0.012507817385866149,0.0036222087023141114,0.004371393600279827,0.0025268477574225123
2022-11-25,0.016687526074259385,-0.021298481012460013,-0.03097457741117582,0.004814043381587529,0.0024878574589752844,0.021549011972001653,-0.03886151019180695,-0.011253162247569004,0.003183915577608998,0.0071617037316245025,-0.011399620012666256,0.0061077517464525055,0.00017409470752083323,-0.022684310018903586
2022-11-28,0.0004103405826836326,0.012585200574664945,-0.01401523777936775,-0.007528701804925042,-0.004411910791673912,-0.017731636203979106,-0.04441917243772675,0.0025866134122032314,-0.024037311924735127,0.001122754491017952,-0.007046764894298563,-0.010485680201858916,0.014621409921671047,-0.024177949709864643
2022-11-29,-0.002050861361771905,0.012428781862032556,0.017456378792413352,0.00476986894119702,0.005400918609822503,0.03765952867484179,0.07792018007280999,0.0077400171503914095,0.014060288271438681,-0.004485981308411269,0.011612903225806548,-0.001952027150942448,0.0015440041173442332,0.0013214403700032573
2022-11-30,0.007398273736128225,0.030051230117962957,0.054534370843744684,-0.0013726975409227293,0.027410451166753447,0.005998800349771294,-0.04215622661331275,0.005120249390952347,0.016317617257097128,-0.005632745024408581,0.003826530612244916,-0.0047499854510711925,0.006851661527920605,0.01814582645991414
2022-12-01,0.008567931456548328,0.008317791974691735,-0.001394569928252709,0.03155783252344646,0.02265714833483856,-0.02593912298083767,-0.027705615731305477,-0.0005093388670737165,0.050440832096138255,-0.01812688821752262,-0.037484116899618836,-0.0008421892250541907,-0.027050017012589356,-0.016526247569669472
2022-12-02,0.006877022653721587,-0.015267149041281347,-0.01920169347165146,-0.002887097463972421,0.00891456719431516,-0.01958991176898628,-0.06782424821009148,-0.00713564174355763,0.0177144052643734,-0.023076923076923106,-0.04620462046204621,-0.008991281074803514,0.006119951040391758,-0.028336079077429965
2022-12-05,-0.022900763358778664,-0.03813457018932975,0.007831082957626911,-0.015869480267588165,-0.015202715889941376,0.0,-0.11208405998931692,0.00359341357644527,-0.03641812214664564,-0.009842519685039353,-0.0608996539792388,-0.03402327041011721,-0.0005213764337852478,-0.029501525940996975
2022-12-06,0.0020559210526316374,-0.03483686851091139,0.005297821230374922,0.001075039259825994,0.005805534872059592,0.00561978888275938,-0.01936529957676325,-0.008184135736885367,-0.0034235873535023442,-0.0051689860834990276,0.003684598378776771,-0.011153538935104956,0.011997913406364136,-0.013976240391334716
2022-12-07,0.002051702913418163,-0.03016832139756942,-0.03255649138268857,0.009156135604362126,0.011543987804778943,-0.020801030984389457,0.04644362649446476,0.004641575833980616,0.026533468094133372,0.003597122302158251,-0.012481644640234935,-0.008014261465407735,0.011683848797250818,0.030474840538625037
2022-12-08,0.020475020475020367,-0.007637870232489408,-0.021304952466129512,0.0017921877187763169,0.006484268053103648,-0.005072942721871976,0.04176128630550857,0.0102669798582804,0.015543842144427611,0.006770211071286392,-0.008178438661710086,0.0026930029179810244,0.009680706521739024,-0.003782668500687758
2022-12-09,-0.015248796147672605,-0.006157325035592631,0.0012368395300972335,0.005255227075901647,-0.001159683182541782,0.005417502463871404,0.0474672924254711,-0.004065036710645509,0.02046568649747993,0.004351265822784889,0.06296851574212892,-0.0023872879846137396,-0.001682085786375076,-0.01587849499482219
2022-12-12,-0.0008149959250203231,0.030273185405575553,-0.019271125601044603,-0.009788096226519438,-0.01999480596873171,0.054516678944631636,0.054763813274077755,-0.011224551858229459,-0.0133843440025454,0.01024025206774315,0.01904090267983083,-0.0005982787191471939,-0.01566975568660489,0.02841108383023494
2022-12-13,0.015905383360522052,0.030340320845399837,0.028215113754763488,0.018758789336738246,0.010793705071734605,0.0048090638029247845,0.0528313428319509,0.019607899100662518,0.02502158910074259,0.003898635477582957,0.0,0.003591707046776804,0.013180417665183075,-0.005798090040927684
2022-12-14,-0.006824568446407109,0.025069629990048137,-0.003185036329583446,-0.0035283225800329943,0.00924600860778324,0.0068801028852303325,-0.07281905098884756,0.026821896786764388,0.006092119944105745,-0.00737864077669903,0.13494809688581322,-0.0005964944375727033,0.0016894745734077343,-0.0006861063464836947
2022-12-15,0.01738075990299115,-0.015139728098167993,-0.004178492759107533,-0.016763512491355437,-0.028903222853137622,0.019013647594873007,0.08398133378994999,-0.01527852929044382,-0.03416014847147664,0.022691705790297334,-0.1682926829268293,-0.007161977791425689,-0.005903187721369552,0.03982148987298317
2022-12-16,-0.016686531585220488,-0.02391275364904788,0.010983578959103069,0.00720236843338018,-0.0003986525897275994,-0.04285717844615522,-0.05308463367240768,0.005505536179769566,0.0009944141108830795,-0.0007651109410864443,-0.007331378299120228,0.0030056649457532725,0.004411265693926136,-0.0049521294156487095
2022-12-19,0.00969696969696976,0.012114706081404858,0.02636723279283726,-0.0012849434793994474,0.00571583445491175,-0.0006091431522661228,-0.1134848611063648,0.002488762403225042,-0.005269739773901216,-0.00880551301684529,-0.015509601181683874,0.0260714046877224,-0.013006756756756777,-0.006635700066357053
2022-12-20,-0.0004001600640256564,0.011969595255509224,0.04471924863169052,0.015774500202733632,0.003832911116696369,0.02285888406120229,-0.08972818895758883,0.02184709768580073,0.04624606214367133,0.007338740826573931,0.009752438109527306,0.03855139106650074,0.012151292144446435,0.002672010688042681
2022-12-21,0.01240992794235396,0.028913190741490125,0.005236870822463269,0.0,0.002238340860287069,0.009237205146412908,0.0011264673082749255,0.008260450773769135,-0.0024487430727597737,0.015720858895705625,0.028974739970282215,0.00337454801041992,0.001690902942171224,0.022984676882078725
2022-12-22,0.030446816923685338,-0.010218457560384864,-0.045300111684654976,-0.015914986522117425,-0.014319522616595637,-0.0026572907635808996,-0.06245306078135837,0.006746958537274139,-0.02325774989838314,-0.002642506606266526,0.023826714801443938,0.0064461754559728135,-0.008946657663740698,-0.007163790296320416
2022-12-23,0.008442056792018482,0.026713121072262203,0.010794733093379971,0.004980427763884965,0.01372786445647578,0.018354092454352378,0.016003185146260535,0.004308288904617541,0.012267852652523503,0.008705526116578266,0.02538787023977429,0.0033416578221849846,0.007664793050587537,0.018038701213512587
2022-12-27,0.0019025875190259445,-0.0003770585748796851,-0.011383654865921522,0.010523984719154278,0.00801996722700582,-0.029360482859057013,0.03996851128509915,-0.031458525348554756,0.011614247486592122,0.01275797373358345,0.01925722145804687,-0.00444073974002035,0.0021974306964165358,-0.0019329896907216426
2022-12-28,-0.004557538928978366,-0.007167103024935506,-0.011633377877381723,-0.003802085204107186,-0.00039125898446557006,0.039532831531358115,-0.10848162574566744,-0.007874008357040663,-0.0156822293826252,0.011856243052982496,0.0161943319838056,-0.01143016056930135,0.0163602631135098,0.01420271142672691
2022-12-29,-0.016405951926745543,-0.007092167744260691,-0.007446585763564828,0.006416270495763099,-0.002870542258541886,-0.02016709846415965,-0.03185391629720813,0.006448465729126607,0.017537886417844817,-0.004760161113145367,-0.01726427622841964,0.009306312452760146,0.0014935280451378041,-0.014640356460852932
2022-12-30,0.00853374709076804,0.02372449711927116,0.00883353536211473,0.00010989347176426634,-0.004056547569278646,-0.016171713911483976,-0.01842511742598718,-0.01232134000588847,-0.00897082860747389,-0.0014716703458425018,-0.007432432432432412,0.008661568892535554,0.006959403479701809,0.023255813953488413
2023-01-03,-0.010769230769230753,-0.04149017869950289,-0.0027588263086991693,0.010990822957993807,-0.0103797129880141,-0.0059772862029813245,-0.10882681540434458,-0.01696607470334255,0.00825582547863557,-0.01179071481208549,-0.010211027910142945,0.0013851261460207098,-0.02106302451867703,-0.02083333333333337
2023-01-04,0.012052877138413631,-0.05316526648980113,-0.03247530632744211,0.00712077947705847,-0.007036640047901499,-0.030066144968402875,0.046138420042848294,-0.008121819351048387,-0.011097726347517378,-0.024981357196122267,-0.015818431911966968,-0.03181193574931518,-0.006051437216338829,-0.03868471953578334
2023-01-05,0.005378409527468264,0.01139486371202536,0.026603671366211668,-0.00971502565070892,0.020992119658773678,-0.004649720928767365,-0.10834130157344835,-0.010235453099724512,-0.02244453601371188,-0.001529636711281035,-0.033542976939203384,-0.0071428571428571175,-0.007779468966683578,0.0016767270288398084
2023-01-06,-0.004585403133358756,0.0013573839637102125,0.03753933646626928,0.016023491149636415,0.023703477233118164,-0.014014325488830082,-0.002688169458695655,-0.01964845217772071,0.02424976771153431,0.0019149751053235686,-0.004338394793926281,0.006906523121346764,0.023691835691153962,-0.004352192835621049
2023-01-09,0.03262955854126681,0.011657864301019893,0.006302531671381395,0.004559596729233117,0.028143762653310533,-0.0015792798179432577,0.053908368093605,0.011076002213168401,-0.004617605911611644,-0.0019113149847095334,-0.015250544662309351,0.008287999054557016,0.001332001332001287,-0.0026899798251512896
2023-01-10,-0.031970260223048275,0.0065657980865276855,-0.016933415260983353,-0.0005873741734490068,0.012069195677673061,-0.04523890551860332,-0.0693094989557449,0.02451743930537087,-0.008645408427356727,0.003446955189582601,0.005899705014749346,0.003968236805342196,0.004323245759893624,-0.014160485502360043
2023-01-11,0.011136712749616029,0.030484569113404802,-0.00589900881781924,0.0016029066248843815,0.021514653861589572,-0.04638833852307456,0.008793642590430029,0.0005091766391349672,-0.0076573065644047755,0.0015267175572519776,0.024193548387096753,-0.013551653502262728,0.0033112582781456013,0.012311901504787892
2023-01-12,0.002658564375237482,0.01265980727525462,-0.026347034944455117,0.011149058298440373,0.007582106778926789,0.038220988417528856,0.0065377089085156825,-0.0030534079952756477,0.022977717372907103,0.02286585365853666,0.03435934144595554,0.01774478451490502,0.009570957095709653,0.003716216216216317
2023-01-13,0.004166666666666652,0.018752407604907262,0.003047293968919007,0.012081257934087208,0.0051361947664556595,0.015394934040970698,-0.07469554204997264,0.007146472106073221,0.015421364334108567,0.005961251862891315,0.007612456747404739,0.005061875653103343,0.005720823798627039,0.0013463480309658937
2023-01-17,-0.003772161448510003,0.004007008419465663,0.006440621866573126,-0.005838236603238345,0.001782572001277849,-0.003955114415270966,0.0488447088890942,0.020780530001250908,-0.011844358279263223,0.01518518518518519,0.02060439560439553,0.003637304065833069,0.0009751340809360798,0.010756302521008454
2023-01-18,-0.007951533510034081,-0.008730318602867326,0.024027986852237282,-0.001468082439962326,0.003202784412142945,0.025810679940095893,-0.0766870774070536,-0.01588876387894489,-0.017290325479195068,-0.005837285662167124,-0.0026917900403768957,0.0019514830473550404,-0.00990420522812141,-0.012304622547389399
2023-01-19,-0.01908396946564883,0.010694494693261003,-0.01674328746400755,0.0092942401517353,-0.00047294669358499686,-0.0025806057837701735,-0.01087285175758268,-0.007063541463373291,0.009519720225279471,-0.0058715596330275455,-0.006072874493927127,-0.0033388685717864464,-0.0063955395211544586,-0.01077441077441077
2023-01-20,-0.00038910505836575737,0.012199622870669558,0.03969297976760311,0.002237161897270301,0.005205213720409496,0.0012936412700286226,-0.030839715307112936,0.002032469896262823,0.003199470175575758,-0.0014765596160944972,0.007467752885268242,0.011166988533969802,-0.005446443307476456,0.00953029271613337
2023-01-23,0.015181004281821675,0.0038126330992063195,0.007958505948024053,0.0003633467415926628,0.0012946491203456034,0.024224805723977783,0.08601134208401118,-0.001014125309907854,-0.015862369307999002,-0.014787430683918634,-0.0006738544474393926,0.0063500699747316425,-0.010786591437105919,-0.028995279838165855
2023-01-24,-0.008819018404907952,-0.018255396263466284,-0.013159417941535412,0.0035286435131927085,-0.0019981426442491346,0.008199325302651994,-0.05483032440834912,0.00913697415513659,0.00840015804024885,0.016135084427767454,0.011463250168577188,0.0,-0.0011742996141587136,0.02013888888888893
2023-01-25,0.0027079303675048294,0.0002496477367603944,0.004870197225692374,0.003774717754618351,-0.0012955638926399615,0.01626519077542521,-0.058624920435663475,0.011569489904148078,0.008034188875178927,-0.0033234859675036477,0.008000000000000007,-0.003566558721376345,0.009405441719852137,0.00918992511912875
2023-01-26,0.014274691358024727,0.010729888883082461,0.009693010643823774,-0.006233245358693185,0.006368025637645935,0.028931960828165737,-0.04010430715963165,0.028344091373662783,0.0038172574601340603,0.011485735457576807,0.021825396825396748,0.008259890957633909,0.013976705490848618,0.015177065767284947
2023-01-27,-0.0007607455306199995,-0.016417748376528762,-0.00697143554687496,-0.00025918822576742606,-0.010077389091504019,0.016452288964503792,0.05604618258570948,0.01353959260952231,-0.016840780308829517,0.00073260073260073,0.005177993527508029,0.0,-0.009189366590088621,-0.0033222591362126463
2023-01-30,-0.006090597639893391,-0.022339342024089492,-0.020600770262412915,-0.0029554864896974564,-0.004853263072100211,0.0029429076984230917,-0.1389514076243793,0.011927481437019827,0.005015515296243445,0.001098096632503598,0.008370895041854398,-0.010376768555476645,0.01705862868499497,0.0033333333333334103
2023-01-31,-0.011489850631941745,0.012451876786945704,0.01316101958477267,0.0034323030329923565,0.0059474477441578966,0.0666080194252272,0.002614855944237382,0.02593121962045819,0.004356047008943431,-0.005850091407678226,0.0063856960408683605,-0.016280356657335848,0.001791239211854645,0.011627906976744207
2023-02-01,0.0042619139868267375,-0.031190554061179654,-0.0070749315902942644,-0.0008810319626199048,-0.027787591678528845,-0.032187103733235856,-0.0804769295382497,-0.017922765879882396,-0.009558669806601028,0.0018389113644723398,-0.0025380710659898,0.0011219382641833864,-0.011540962288686618,-0.0019704433497537144
2023-02-02,-0.00347222222222221,-0.0069363484267731534,0.009111070829761925,-0.005965348951511129,-0.004135295089238489,0.01137009704035008,-0.00486217415724155,0.013570378885821022,0.0005527183509141942,-0.008443465491923652,-0.009541984732824416,-0.003642400067807361,0.00920901167571131,0.0016452780519908838
2023-02-03,-0.005420054200542035,-0.03281494404188812,-0.011112386749104308,-0.027866212520694877,-0.007571973994087822,-0.028667740414280884,-0.018729642563384052,-0.01939058537639493,-0.050990088497927744,0.0033320992225100987,-0.014771997430956918,-0.0022497701902446376,-0.0014665145836727511,-0.005584756898817322
2023-02-06,0.003114052160373637,0.009810617613994488,-0.025283900905926915,0.0017713922994071485,-0.0047994719700626964,0.016782371789749062,0.019502045502728382,-0.02730696468719973,-0.0070296225748642804,0.0022140221402213722,0.0006518904823988869,-0.010992091169115481,-0.007016971279373396,-0.008589362405021506
2023-02-07,0.0015521924718664426,0.04088515388399072,0.028341548042419396,0.0029471654398802727,0.011128991440162661,0.007683586379989116,0.051689089366211194,0.008712502735005012,-0.002705481616924521,-0.007363770250368162,0.002605863192182367,-0.003989723255618527,-0.003944124897288459,-0.0006664445184938472
2023-02-08,-0.0007748934521503159,0.017241403183536397,-0.0030362549944559225,0.003045399044124819,-0.011006500193720514,-0.008189759521316176,-0.07275549308447748,0.01727450132992714,0.011303521881169898,0.00667655786350152,0.004548408057180042,0.02432041360704118,0.00296980696254745,0.020006668889629875
2023-02-09,-0.0003877471888328321,-0.005224973311217407,0.0015227509574278209,-0.00596573617584939,0.015333319024877223,-0.011104852729229009,0.014190383810144036,0.011792452405805287,-0.012071375274479323,-0.01142225497420779,-0.014230271668822736,0.012011181964793005,-0.0003290014805066299,-0.009807126511932052
2023-02-10,-0.005430566330488773,0.021265740635763253,-0.002690097741913422,-0.001821831761176007,-0.018998919610520915,0.006334616424872097,0.03456784769546872,0.00606056671994204,-0.0028510533101221425,0.01453596720089445,-0.011154855643044637,-0.001656124042206164,0.015303603751851247,0.03796632551997359
2023-02-13,0.022230889235569373,0.005268416489138783,0.0043391903500458184,-0.005851419437593264,0.014773367683761363,0.013161676977154757,-0.04335718783666909,-0.017608858299816954,-0.00980301349652124,0.006612784717119791,-0.00928998009289983,-0.009676485812531666,0.00016207455429495532,0.007633587786259444
2023-02-14,0.0,-0.013476439222361525,-0.0028024038472673762,0.0011339573185662477,0.00562765865598891,0.03671279236352132,0.06735964357562052,0.017452779177799638,0.0010999293989046866,-0.004014598540145964,-0.02009377093101139,-0.011166988533969913,-0.003403014098201318,-0.007575757575757569
2023-02-15,0.027088897367417042,-0.005944867634922413,-0.033372346875865766,-0.010679637987122459,-0.014111943030143403,-0.036502298212182094,-0.0373977247417937,-0.008808555250151784,-0.01355185146956317,-0.008794430194210334,-0.02392344497607657,-0.00903443566817519,-0.0076422764227642714,-0.021310432569974558
2023-02-16,0.002971768202080227,-0.001272407160971989,-0.015748067882477623,0.0042525618993400904,0.028010887703203036,0.021769808944609448,-0.033184952902439946,0.003274162999094443,0.0064049239446264394,-0.0003696857670979492,0.01680672268907557,0.0002849611585551415,0.0004915615271177121,-0.0055248618784530246
2023-02-17,0.008148148148148238,-0.02739204464765732,-0.012307692307692353,-0.0008686078099552352,-0.012363538208271407,0.04427227523579558,-0.047718646508969065,-0.0018648444804000297,0.0004611800809259936,0.0025887573964498145,0.0020661157024792765,-0.002278605231100461,0.0004913200131018147,0.0006535947712418277
2023-02-21,0.0036737692872887973,-0.002357776845895776,0.008348886840439995,-0.004020878241630332,0.02929025092831994,0.03047164861151086,-0.08879126711033136,-0.003736568158627218,0.008066711306865315,0.004057543341940306,0.0013745704467353903,-0.013987949781463449,0.014077590440333854,-0.019595035924232507
2023-02-22,0.002196193265007418,-0.029017943902314935,0.016436009159044973,-0.0005455537370431252,-0.007556987925079861,0.025970702653711042,0.04872169455002484,-0.0018752465223526027,-0.009511188807895254,-0.009551800146950784,0.0,-0.014186498711021067,-0.005972558514931392,-0.01865423051299131
2023-02-23,-0.0032870708546384186,0.01947265045073787,0.001945333277925565,-0.007641921397379958,-0.030814971178157124,-0.029323338864739923,0.06439736195438317,0.013621371334334054,-0.016712041154563706,-0.020400593471810113,0.019217570350034352,-0.012628496763893104,-0.0034101981162715234,0.002376103190767198
2023-02-24,-0.008061561011359464,0.01233585770931156,0.03300562395872331,-0.005060479192450451,-0.028971282063289472,-0.012651675835072984,0.05920487915299377,-0.013901725584854696,-0.02314662826715952,-0.015524422567209428,0.020875420875420936,-0.0005948976323346677,-0.003421867361903197,-0.040636640704368454
2023-02-27,0.002955301071296601,-0.008385736271063426,-0.0015270440222262538,0.004533365187151306,0.013653578219862572,-0.002615062803245527,0.11423907557013013,0.03806388344952949,-0.006536560663331192,-0.01115384615384618,-0.0019788918205804196,0.011309556112269359,-0.007030739045127521,-0.017296152488528116
2023-02-28,0.012154696132596676,0.01810257321693398,-0.00952938304227946,0.006549270453529266,0.022075337181810095,-0.0015731675750326746,0.005858671819045647,-0.0004527038846879883,0.014078392120795424,-0.020614546868922612,-0.04890945142101788,-0.0011771899960629773,-0.018277622262473203,-0.006465517241379337
2023-03-01,0.018922852983988436,0.008306286363396032,0.004513567435544763,0.004811595297906868,0.017205705055695963,-0.026785667059943785,0.023298190822177878,-0.0683876917617483,-9.545387498599567e-05,0.017474185861795055,-0.018763029881862403,0.011490961111553899,0.009225092250922495,0.00795372378886472
2023-03-02,-0.014285714285714235,0.006049700166473881,-0.020338195895824196,-0.002285439018049007,-0.02015357633569881,-0.007285515819114963,-0.016364283897399745,-0.012639777964958188,-0.009208401616518702,-0.004293520686963315,-0.041784702549575115,0.004369289344049898,0.010304138274887853,0.0060975609756097615
2023-03-03,-0.010869565217391353,0.019447243754458388,0.018346461079727483,0.007744723846127677,-0.0014691581290749989,-0.017124185641441914,0.08824591275984273,0.03003449662194546,0.015746877228787648,0.011760094080752737,-0.005173688100517326,-0.014211075123980454,0.007073531830893209,-0.007843137254901933
2023-03-06,0.011355311355311315,0.009789141268944146,0.005807726061611174,0.0001082823226037366,0.005517419756773334,0.009126072282266584,-0.14523098275122037,-0.0023900208832793313,-0.005167646021853933,-0.0011623401782254739,-0.045319465081723576,-0.023536422837678983,0.0068605031035609,-0.01904419690980952
2023-03-07,-0.012676566461427008,-0.03579414971648631,-0.02321472079347142,-0.018399263786351705,-0.02780150690073646,0.011510036386086497,0.044712289402331296,0.007187331696139276,-0.04431940673674761,-0.0038789759503491394,0.051361867704280195,-0.016269874154063002,-0.010220635950681345,0.003296703296703285
2023-03-08,-0.009904622157006604,-0.011858702593856352,-0.0018096456385984228,-0.0006615983384062885,0.013796580061484764,-0.02709292829758303,-0.0506140365276424,-0.0066603850593809355,-0.002443487166532643,-0.011682242990654235,0.022205773501110304,-0.0211333050278526,0.0009834453368300355,-0.014968966776195747
2023-03-09,0.0011115227862170673,-0.012261967081940828,-0.00531780062088183,0.009157664314779934,0.0032166302485712173,-0.008632709693193408,-0.0031360780285747403,0.012931056926046347,0.0009997729868889138,-0.025216706067769934,-0.0014482259232440065,0.0018773897061894473,-0.0044211560504339165,-0.031134173461823567
2023-03-10,-0.010362694300518172,0.012678276135713817,-0.05006078485794219,0.01787566298531673,-0.0022198300980265095,0.023876404494381998,-0.0444356731574711,0.00047282406913495834,0.01747817169224075,0.00929668552950691,-0.005076142131979711,0.0015615001981807985,-0.004605263157894779,0.020275439938791218
2023-03-13,-0.02281226626776367,-0.02451743930537087,0.038372985268476434,0.026691703099825492,0.0059325593927790354,0.005212603282535921,0.072427932099568,-0.017013261481454656,0.06959505607745409,0.0004004805766919528,0.008017492711370311,0.019644561088564938,-0.008592200925313986,0.00824896887889004
2023-03-14,0.00574052812858783,-0.046390388758434375,0.0023405080154224045,-0.0028770205264839754,-0.014498099447410207,-0.01255460202004044,-0.012663082519910551,-0.005769179629149024,0.006240608979251272,0.0048038430744594685,-0.01590744757772955,0.02324153834254794,-0.0001666666666666483,0.021197471178876937
2023-03-15,-0.01598173515981738,-0.052151985492920105,-0.02777438933201215,0.010701933132209573,-0.03839921347133646,-0.015754510452650416,-0.05207931027069823,-0.00870407652415417,-0.007068296803579899,-0.0015936254980080111,0.021307861866274758,0.03227740169173732,-0.007001166861143493,0.02367079388201021
2023-03-16,0.0278422273781902,0.01094509476540706,0.0006320699200104141,-0.003944760553433624,0.0075197833639653044,0.04184216130609397,0.030750328424295592,0.012682937994235921,-0.008542335930045275,0.00997605746209107,-0.0028776978417266452,0.0011581040667940634,0.0015108275977842034,-0.005336179295624355
2023-03-17,0.03009781790820165,-0.02355523988725683,-0.016801437209777448,0.026472146340867697,0.007206309787194831,-0.013477088948787075,-0.07000790935162282,-0.004335267417901134,0.03534373316061057,0.002370604504148499,0.0043290043290042934,-0.005205329544376469,-0.010056989607777456,0.01645207439198848
2023-03-20,0.017165814463111717,0.013485189611722737,-0.007837602415527223,0.004772008381938253,0.015842605116029418,0.010382480308657849,-0.04918734244157552,-0.009192091599241281,0.008142862299599818,-0.0019708316909735624,0.02227011494252884,0.0061046242778413085,0.006434134778191769,-0.013722730471498967
2023-03-21,0.011490125673249585,0.024985252168185035,0.00815847246126511,-0.020816467354640267,0.010816184947802787,0.009735008713767312,0.056230318133818624,0.01562498544808455,-0.009275353142626175,-0.004739336492891044,0.009135628952916308,-0.0023115235378169396,-0.012786002691790088,-0.024973242953977848
2023-03-22,0.020234291799787085,0.022645314486649415,0.0055234465459717,0.004540788869001444,0.012442501576701348,-0.04659880605490341,-0.07538332284413451,0.0163461617816838,0.015722981612164233,0.005555555555555536,0.009749303621169991,-0.0005792197645736463,-0.012610770279481986,-0.028905964141968554
2023-03-23,-0.0020876826722338038,-0.013258144163271202,-0.008942219713310995,0.02414218143681035,0.019048756467070938,-0.020786499709225748,-0.007830474396963494,-0.011825922763385566,0.020683566855621116,-0.002762430939226568,-0.0027586206896551557,0.017676054477549386,-0.020020711080428022,-0.0022607385079125297
2023-03-24,0.00557880055788007,-0.010005674062359304,-0.013405528370470376,-0.0058682279845786445,-0.010733206728809619,0.028399293525957603,0.02878367454824171,-0.0033508710803938913,0.004450425374858291,0.017807677087455565,0.019363762102351245,0.018223217799343328,0.006164142303628051,0.040030211480362565
2023-03-27,0.006241331484049928,0.051256068623570794,0.03893383449038512,-0.014984083314513619,0.0007313866968536864,-0.013110215361314514,-0.05776174023177816,0.005283410757153328,-0.008302098690668003,0.008164852255054367,0.023744911804613356,-0.0025167829086193416,0.00980220549623656,0.013798111837327598
2023-03-28,-0.000344589937973816,0.005356398883746616,0.03772635974151006,0.010243802371392663,0.0018273046646282154,-0.017806636547017862,-0.02777781901130061,0.01815571692431517,0.011711570244104852,-0.001542614731970704,0.005301524188204176,-0.005046159229557312,0.017680707228289183,0.002507163323782313
2023-03-29,-0.007238883143743546,-0.003142018266772406,0.0029084525318412435,-0.003194102996422643,0.0007295191076372998,-0.023309370082059355,-0.019211781119526705,-0.002815554549321919,0.002229465233369421,0.005021243723445368,-0.00856954515491104,-0.002254207587237933,0.006472491909385036,0.007145409074669429
2023-03-30,0.012847222222222232,0.019185987425770934,0.00894149159821711,0.007222457361536483,-0.005953801835041017,0.0005893111686154917,0.05675541541562268,0.03341172162224271,0.022501753461801943,-0.001537279016141424,-0.008643617021276584,-0.005930502269911875,-0.0018615671010323576,-0.01773678609435969
2023-03-31,0.005485087418580781,0.01748010453614013,-0.008622769110217088,-0.005706230646619459,0.0034225496596100857,0.004122479008606517,0.053231931407975,0.013205871020841586,0.0072797164784002,0.016936104695919996,-0.02280348759221995,-0.010511333064353812,0.02102407595795186,0.0
2023-04-03,-0.02216160927378108,0.0627725666042025,-0.004832103548894295,0.007567305441372518,-0.010963479465040837,0.03372434017595305,-0.05370044772339311,0.006741555889001161,-0.005607253185080485,-0.00416351249053748,-0.04392587508579271,-0.019236346494969192,0.010959814015277347,0.0018057060310581186
2023-04-04,0.016039051603905063,0.003606079608682755,-0.01614462546737916,0.019305371382877246,-0.018721569048471776,-0.007943227781471607,0.004291875747189922,0.003124986429299481,0.045152640870415706,-0.006081337894336736,-0.02081837760229721,-0.016978864723307674,-0.002956636005256197,-0.002883922134102379
2023-04-05,-0.003774879890185323,-0.001238984949267996,0.0002467198311348895,-0.0006428280037585887,0.0036399906392203807,0.030311624866807385,0.023266868963968124,0.02136188091913671,-0.0023579256961837602,-0.001529636711281035,-0.008797653958944274,0.0023823112565597437,-0.004283360790774293,-0.013738250180766465
2023-04-06,0.0055115397864278215,0.0011164413498225834,0.026273556943826604,-0.004453461275309434,0.007003531016212428,0.01915077615275229,-0.06682137137704713,0.028758162329907355,0.0024836869081368285,-0.01417081577939483,0.006656804733727872,-0.01158643468260212,-0.012243547319655823,-0.009530791788856297
2023-04-10,0.0010277492291881352,-0.011895899885700834,-0.009014423407570193,-0.011332595333490847,-0.009811226494806258,-0.005446622912616883,0.08005968170940547,-0.0021177951341202483,-0.007152805189695632,0.01631701631701632,0.0007347538574578039,-0.013525721573425575,-0.0035175879396984744,0.004441154700222105
2023-04-11,0.021560574948665368,0.022447967939319913,0.0036386059777071544,0.007893053860986932,0.009532138004914037,0.04326393007898299,0.006445754063544085,0.03438036467114225,0.011470652809742576,-0.004587155963302725,-0.0007342143906020615,0.03321146138705733,0.00672381912926534,-0.0066322770817980325
2023-04-12,-0.01038525963149084,0.02121922461469361,-0.003625414522753001,0.003042685274026846,0.014908670486261322,-0.001312335958005284,-0.04254353565573665,-0.013130963937337259,0.01086302989052279,0.007680491551459223,-0.013225569434239581,0.0350928526117289,0.004675237936216492,0.008160237388723957
2023-04-13,0.016249153689912088,-0.013211607565434269,0.010915725399527565,0.015117620988104763,0.00967076462175176,0.030749046536218794,-0.04108933030690953,-0.00041573063826949586,0.01850107200143669,-0.005716463414634165,-0.01042442293373047,-0.0002848524777165906,-0.002160545122153912,-0.01839587932303166
2023-04-14,-0.005996002664890088,0.004381608628421407,-0.005878798713135791,-0.019154507774933327,-0.004000968936788474,-0.013768547287071442,0.053313459970387056,0.0024958179557983406,-0.01739200561898968,0.02146416251437322,0.011286681715575675,-0.009119398501929554,-0.00033311125916057893,0.023238380809595283
2023-04-17,0.00636729222520116,-0.020479821628224926,0.005310191143678145,-0.0039956049321235865,-0.010103491365039408,0.03929682700808912,0.07615894375836763,0.014107889925566663,-0.014592522539108366,0.01538461538461533,0.017857142857142794,-0.003163664334292493,0.010996334555148257,0.02051282051282044
2023-04-18,0.016983016983016963,0.00037113421523327084,0.015006001851204376,0.0066192325571117205,0.005779627583845315,0.021144278606965106,0.03999992873642766,0.004091668546830629,0.00778348695739095,0.0014781966001478075,0.016081871345029253,0.0005770472548101147,0.0014831905075807228,0.002153625269203152
2023-04-19,0.008185985592665368,-0.021023954185137028,-0.015493851457182739,-0.00607754961333562,-0.004279233138101635,-0.01315467453467567,-0.06086223889965492,-0.006927468213189014,0.004673638874256314,-0.007749077490774914,-0.0007194244604316058,-0.012687388201761851,-0.008392298831660372,-0.02328080229226359
2023-04-20,0.0025982461838258697,-0.023623075544109917,-0.04805382151194182,0.00621492818641034,-0.012279025149061429,-0.03283144435981156,0.012151300738657778,0.0361099355954837,7.887758326896588e-05,-0.012644105615470469,-0.01367890568754504,-0.019859821023414992,-0.0059741121805509945,-0.0205353868720205
2023-04-21,0.027210884353741527,0.007504228544240599,-0.010474434932306487,-0.013996800123359354,-0.010442520787528276,-0.008677881578395996,-0.007114287198438651,-0.016633666387878998,-0.012417239580521655,-0.0007532956685498693,-0.026277372262773713,0.008045305325242058,-0.009348914858096857,-0.008985398727068494
2023-04-24,0.010091453800063155,0.011429297011133155,0.007269476701984523,0.00484969718915762,-0.0067839071054127675,0.013130808917764414,0.017913103956798127,0.04349576830545776,0.010098601544105135,-0.018092725216735772,-0.014242878560719596,0.0014779554937727202,-0.012301988540613373,-0.02757839063090295
2023-04-25,-0.016859194505151387,-0.021457623102689505,-0.025069679321047644,0.0024634379740611223,-0.027068077580306604,-0.021855161635363718,0.014958169759272666,0.028560392723895545,-0.016952459941608322,-0.007293666026871426,0.004562737642585635,-0.0023613290594013403,-0.013649547858727185,-0.007381507381507335
2023-04-26,0.00857415052397581,-0.035941308603020916,-0.006363608620383543,-0.00416251194991224,0.0010400282234039882,0.01766697432677966,-0.08235796499452941,-0.005253260474761601,-0.00024120748497646893,-0.007733952049497339,-0.02346707040121121,0.00177518859897563,-0.006400276768725122,-0.018003913894324874
2023-04-27,-0.008186397984886629,0.006191104516539703,0.027708731642860585,0.002115160067214017,0.0037662705202541336,-0.019147306015492083,0.112423195322356,0.018106357528936634,0.00450321701633194,-0.02260327357755265,-0.050387596899224785,-0.004134654079292477,-0.006441504178272939,-0.01992825827022715
2023-04-28,0.007619047619047636,0.027019751007838266,0.005087136460017128,0.00010048302398191211,0.0014231698065900744,-0.011712649289493338,0.023354592913693795,0.0,0.000640465428799919,0.014354066985645897,-0.013877551020408219,0.031138766282602592,0.01226563868932895,0.008133387555917082
2023-05-01,-0.000945179584120992,-0.014587068702708761,0.006453272733240478,-0.003366640497496798,0.01214474706560309,-0.003160421828948823,-0.03817427566509135,-0.05372355938818696,0.0004000251474898242,0.005503144654088077,-0.024006622516556275,0.006614884647922814,0.007270209451272214,-0.025816861637757205
2023-05-02,-0.012929675181330813,-0.05286809154627636,-0.011817983789119468,0.015579320375974648,-0.017615523295296587,0.007397589941793292,-0.04486630200350794,-0.01566176630932381,0.01579425559294556,-0.0023455824863174435,-0.011026293469041604,0.0082857404436385,-0.010482900842069043,-0.013664596273291973
2023-05-03,-0.03706070287539931,-0.04270171687984825,-0.020483468722733544,0.007099203897717121,-0.004287940741335539,-0.007605544162930689,-0.019873491698262913,0.0011933447642746842,0.002834219234880253,0.011363636363636465,0.02658662092624353,0.0048171766657709725,0.00590482806530046,0.05163727959697728
2023-05-04,0.012607830126078357,-0.0005831037378584147,0.03896610057462757,0.009563257738115283,0.004828357293212626,-0.014799170702543885,-0.03179723654198585,0.013905458101264312,0.02194222087226083,0.0019372336303757898,0.04177109440267346,0.002820143581508061,0.00034530386740327934,0.008383233532934131
2023-05-05,0.018676277850589784,0.04054840837648799,0.02675333725215312,-0.014941394329071045,0.005584444456829818,0.024678145140231145,0.017134703542223573,0.031347931924396555,-0.011215664244513368,0.010440835266821269,0.02566158781074579,0.016310404779485088,0.014152571625819732,0.02454473475851149
2023-05-08,0.022515278224509494,0.025511738402656636,-0.00730547295977324,0.004411630963793378,0.012010840085703745,-0.021466000541966568,0.04726243714875933,-0.008738584532793747,-0.004156483347912188,0.004975124378109541,0.033620015637216616,0.0044272233014464035,-0.00017018379850242127,-0.009273570324574987
2023-05-09,0.0157282164202579,0.007517706326306994,-0.006623340164509717,0.004885704044411021,-0.007401746808595733,0.005885533116308572,0.012958018300490926,0.0038329007621644706,0.0024184847649075802,-0.02170601675552175,-0.004538577912254205,-0.007989006105302288,-0.011574468085106426,-0.016380655226209018
2023-05-10,0.00960049550944575,-0.015601703163243719,-0.0028398040944009884,-0.0027993081762891503,-0.01568523303102176,-0.002925548147647894,-0.03352447134859626,0.017945754248584356,-0.009222488603818246,0.005060334760607299,0.008358662613981771,0.007775690281737857,-0.010504563457895633,-0.003568596352101494
2023-05-11,-0.005521472392638005,-0.023290998744135982,-0.014115891028895988,-0.0077813586939793344,-0.03409092890816501,-0.008802314875150263,-0.00045637951972421487,-0.024005978743865675,-0.047366610140148646,-0.020139426800929505,-0.010550113036925435,-0.0027556430503029583,0.004698920988513766,-0.02228412256267409
2023-05-12,-0.004935225169648394,-0.011711609974429105,0.011429238901325078,-9.924612931011545e-05,0.005138621624007467,0.0010764098221596186,0.034703184118144215,0.007686350963577615,-0.010843066997834772,0.0011857707509881354,0.0,0.00994751655187609,-0.0057162653732893975,0.016687016687016776
2023-05-15,-0.020458772473651576,0.015276980023382736,0.022848677451590804,0.0017374038222883748,0.005650452899067959,0.03790324221375174,0.048102368056203604,0.0026697789475988998,0.0056268850291421035,-0.06435057244374265,0.03808073115003818,-0.022982220796769703,-0.023867595818815368,0.0580464371497198
2023-05-16,-0.05221518987341767,-0.0035156799023231544,0.012261678683479715,-0.014667976008888806,-0.022207343343362718,-0.013985997956800333,0.00042102211400085743,-0.008368246977625171,-0.016164516264955076,-0.01898734177215189,0.01247248716067495,-0.02492297430596757,-0.026235945029448482,-0.020052970109723844
2023-05-17,0.0016694490818029983,0.02780131532224872,0.042696153816943694,-0.0038724970567511896,0.02421672532587893,-0.002626740131167038,-0.0046295952523394135,-0.0061373168118553645,0.0006319794963833836,-0.033978494623655875,-0.005797101449275366,0.005743847349004572,-0.019794721407624616,-0.03397683397683393
2023-05-18,-0.0030000000000000027,-0.01331870378025335,-0.003220597785071222,-0.012217878410890615,-0.01643068981507434,0.0031603414560830156,0.09598308548722434,-0.011578511726255791,-0.01082013980852159,-0.011130899376669667,-0.015306122448979553,-0.009994354204549083,-0.0028047868362004458,-0.021982414068745015
2023-05-19,0.02574389836175195,-0.004313909768449031,0.0006923327493462139,0.011346767785266998,0.011136799744581483,0.00813863521446545,-0.002700605502244602,0.0066380348396100075,0.01808892197828138,-0.0013507429085997114,-0.04589193190229457,-0.015575342640593681,-0.019501218826176614,-0.011033919084593391
2023-05-22,-0.01466753585397651,0.006149473001328065,-0.016143928807333507,-0.0019709417496271975,-0.013028894537777669,-0.014583349227905273,-0.0715667079495117,0.00814581376568535,-0.008570230896831066,0.029756537421100182,-0.024049650892164487,-0.013477963222206402,0.026008797093134417,0.0020661157024792765
2023-05-23,-0.002315580549123397,0.01277963363856216,-0.011368978248624706,-0.001215325275835788,-0.008845952202201746,-0.009249471607965853,-0.03291666376921876,-0.006925752472526359,-0.010162311627708753,0.01138353765323985,0.022257551669316422,-0.008612922975967052,-0.01397949673811738,0.026391752577319627
2023-05-24,-0.0019893899204244114,0.01961312033953999,-0.03117957677527239,-0.004867154465174606,-0.02416588197720526,0.0029341320923557124,0.03317531212185343,-0.012398283667013454,-0.015293565026537004,0.016883116883116944,0.025660964230171057,-0.004493754376244996,0.0015122873345936316,-0.025713137806347985
2023-05-25,0.0023255813953488857,-0.033763715771890745,-0.01957903145155293,-0.010036719356079749,0.007598128855264008,-0.02819150559445649,-0.03794832361812428,-0.025892501111747013,-0.014233202521314436,0.005959982971477151,0.018953752843063,-0.0009027619533592546,-0.0003775009437523291,-0.003298969072164981
2023-05-26,-0.00861783228372559,0.011694226875648805,0.040314473499900805,0.0005146415586252395,0.025974075266493868,-0.006020749113850199,-0.05461635534972764,0.02174792256087721,0.019924536426208173,0.022429115531104493,0.022321428571428603,0.028313210997220395,0.010007552870090697,0.01944559371121235
2023-05-30,0.004680708793045829,-0.04417227418954872,0.007678457124953075,0.007149850619113884,-0.004219427904455508,-0.02477973484998075,0.06694172802856913,-0.001576701387627999,-0.004948355088242318,-0.01655629139072845,0.00727802037845704,-0.0023432342644293946,-0.03047298560478595,-0.04058441558441561
2023-05-31,0.000665557404326167,-0.019723621719544338,-0.0060720861984440155,0.0030132913248530624,-0.00738106901729052,0.008752048218805708,-0.026213954813171347,-0.010659315380059708,0.015091932142103026,0.0,-0.020231213872832332,0.01526718839686958,0.0025067489394523523,0.0054991539763113995
2023-06-01,0.00033255736614568043,0.02951978622903728,0.03521795272864625,0.007179579108230971,0.020793172837118012,0.024629215256637194,-0.047661093781515396,-0.007182773703583223,0.017082689499596793,-0.002525252525252486,0.0,0.010988930980238232,0.022889017118676636,0.027766091712242424
2023-06-02,0.005984042553191404,0.023395141588396395,-0.0042813599285687065,-0.012942353683487062,0.0043167495465770145,-0.015023217449619097,0.006487460154930069,-0.00602892377773101,-0.009717292186477433,0.02784810126582271,-0.004424778761061954,0.012013787032080447,0.01729973674313645,0.01350798198935732
2023-06-05,0.00991407799074695,0.005715133458575661,-0.014642673928466854,0.0028682521593483834,0.01074545626077561,0.015529689430754168,0.033609556414096575,-0.013344113619672693,-0.004610212491532373,-0.018883415435139606,0.016296296296296253,0.013849571763046686,-0.001848428835489857,0.008077544426494443
2023-06-06,-0.0035994764397905277,-0.00568265631931153,0.0064865599295278464,0.003830439223697635,0.0011959899547997477,-0.002730748133985994,0.007572471817754334,0.007377061802865015,0.0016996263917914423,0.01757322175732212,0.010932944606413919,0.010593841076963484,0.0024074074074074137,0.006009615384615419
2023-06-07,0.01904761904761898,0.01101200082313225,-0.003866817621524077,-0.011600126597875904,-0.0033183031103339866,0.015333996163074737,0.029619765595125136,-0.0032546755066870103,-0.005726657855676942,-0.00616776315789469,-0.007209805335255948,0.010206867086476334,0.005542213190467438,-0.017522899243329393
2023-06-08,0.014824363519174932,-0.017096344748918968,-0.008234379014776971,0.010758235929050786,0.011186591102570143,0.050970941306004214,0.00987548387506254,0.03999998131576854,0.03519778113151295,0.009929664873810529,0.034858387799564294,0.025669100732490735,0.0018372221201543582,0.015403323875152086
2023-06-09,0.009844395046046284,-0.015710516653087758,-0.0032024273619361,-0.0007129886084077386,-0.001975486186448827,-0.021555104313417117,-0.041666687785092416,-0.003924661823637932,0.0028849198401046383,-0.009832036050798854,0.006315789473684275,0.01304573604509951,0.017054832202457293,0.006387225548902142
2023-06-12,-0.01383647798742138,-0.04346580450265847,-0.006544538859663329,-0.003516411433824196,-0.010161010879664478,-0.026750542921578413,0.005323906032614234,0.003546105420169532,-0.014342032904155033,0.02151427389325611,0.02092050209205021,0.033640016285399144,-0.00991705733862247,0.005553351844506116
2023-06-13,0.015943877551020336,0.03426691490235978,-0.009222621424937683,-0.005472343361623944,0.02079724554545659,-0.015090288362737292,0.032656611070386754,-0.012171161142507159,-0.00954763751199994,-0.007695423248278654,0.030054644808743092,-0.06102215647454867,0.01930431615370609,0.0039447731755424265
2023-06-14,0.0009416195856872811,-0.016565853589914914,-0.011242750138439561,0.0055024546829809395,0.0097949338683474,0.009028694372007484,0.0008547408262589151,0.027027039320341117,0.012123257304343715,-0.0077551020408163085,0.03249336870026531,-0.04549147823701283,-0.00786135429694479,-0.009430255402750443
2023-06-15,0.011602383192223176,0.034422238451278675,-0.01406041708040362,0.0012785761456397537,0.007889336281764248,0.014099816646280239,0.08155422037532101,0.006191944522728088,-0.006363328645346944,0.025503907856849084,0.03596660244059091,0.006524809708831958,0.028813254096884622,0.049583498611662113
2023-06-16,-0.011779293242405453,0.01642588484281804,0.010168647086193694,0.0003064539641302044,-0.003079708349196242,-0.011229979163185133,0.03908408109356665,0.016538473275991672,0.007743479140795095,0.02727637384677095,0.0030998140111593298,0.0031003554614090767,0.026781025730789443,0.04006046863189727
2023-06-20,-0.014429109159347586,-0.017832248552030583,-0.009820714845990897,-0.011693231274807592,-0.0015446111263802687,-0.04029203458174824,-0.05319143925109027,-0.007945553893170532,-0.03667550308736012,0.005466614603670372,-0.018541409147095234,-0.03399828826313367,0.007330378452096831,0.011264534883721034
2023-06-21,0.007001909611712209,0.028794308926196832,-0.016736995316425918,-0.0011366319668689728,0.008379535577695219,-0.030712860197071867,0.042134741699503486,-0.012967206769327388,-0.018065822070275406,0.04233009708737856,0.0018891687657429657,0.015125085561615403,0.025385005923167947,0.05569529284944297
2023-06-22,-0.00821744627054366,-0.04163789733756951,-0.000252132690479967,-0.010655406370437381,-0.005753014080839058,-0.0017442037892896334,0.004235716940857115,-0.036707839505303874,-0.014841456985201562,-0.015648286140089396,-0.0018856065367692798,0.009169045296085088,-0.009407492985641142,0.006126616746085833
2023-06-23,-0.004780114722753304,-0.0050352246204099504,-0.015512717148836841,0.00334606816408467,-0.02121640258520907,-0.021257972984033535,0.046395724555239104,-0.03008423549213879,-0.00481376827500235,-0.04504163512490533,-0.028967254408060472,0.005110741026038701,-0.003998667110962972,-0.00778078484438427
2023-06-26,0.026577009285942976,0.0030364238483653327,-0.012682524913306792,0.0023969442157556475,-0.005123493745521457,-0.0005950973025857786,0.02271886982083915,-0.019024027544070177,0.02136336479274159,0.010305192231470528,0.0149156939040207,0.013559308518261703,0.017731682837069274,-0.012274122059324877
2023-06-27,0.0018714909544603753,-0.024073889753768674,0.0073958699504510506,-0.005042341018913099,-0.0013204479209194542,0.008931229694885134,-0.010032203167148812,-0.0290893190001279,0.005875854815015957,-0.02236171047469593,-0.015974440894568676,-0.014771532280279831,-0.017094017094017144,-0.05419399378667589
2023-06-28,0.024906600249066102,0.027474160918700807,0.03194234127292184,-0.0008881667564655249,-0.016131193200628946,-0.022425512659752456,-0.0579081017618468,-0.019973989496580025,-0.003095128299320793,-0.052969502407704705,-0.020779220779220786,-0.010749569160410477,-0.02943143812709026,-0.04270072992700735
2023-06-29,-0.022478736330498128,0.004312867485440908,0.014103809469304673,-0.0016211355839005348,-0.011557581755688662,-0.01237541725627711,0.03764888681968381,-0.022153301141366932,-0.012113014993721971,-0.015254237288135575,-0.024535809018567667,0.012582173615953263,0.022053756030324,-0.004193671368661889
2023-06-30,0.031075201988812973,0.011165169946782072,0.01956918569711541,0.0062329901102071705,0.017267145440130527,-0.015892457252541292,0.03591267047789204,0.03715449506854873,0.009694120070684376,-0.04561101549053359,0.0258327668252889,0.019768448629084334,0.050067430883344644,-0.025650842266462526
2023-07-03,0.013863773357444265,-0.012032821085296463,0.007122211411968449,0.00031230836164808373,0.01015774056425478,0.009316770186335477,-0.03180842871851386,0.018785509682898383,0.0037702956825269585,0.004959422903516586,0.005301524188204176,-0.0005538758633512053,0.0030502488360892865,-0.012180746561886058
2023-07-05,-0.008917954815695572,0.02865740039781306,-0.011746414399483096,-0.0010927697555785931,-0.006747832450856528,-0.00892305814302885,-0.019195291123242808,0.009005188446374657,0.01314642716179093,-0.016150740242261152,0.061305207646671134,0.012468849017369221,-0.009443021766965431,0.05330151153540186
2023-07-06,-0.017096580683863216,0.00013932492133883478,0.0052152858834635385,-0.005678279096005601,-0.008924991679010508,0.00807204611688217,-0.018065523561623498,-0.011899731341887376,-0.022028696317329732,0.033743730050159515,0.03540372670807446,0.02025171990225849,-0.013895621263532054,-0.0226586102719033
2023-07-07,-0.0009154714678059062,0.028690772577109502,-0.02027027462415243,0.009168544269755774,0.012634390046767807,0.002771770442406174,-0.01034877376178378,0.012043040285828255,0.0178964213715187,-0.011027790030877838,-0.02519496100779839,0.002414167262201561,-0.026380468621989173,-0.011591962905718733
2023-07-10,0.007635919364691546,-0.011779078518719954,-0.015394089248510268,-0.0006229629333885933,0.001194624562885993,-0.006449650074170976,0.0336947686328688,-0.003824910750596433,0.002554998167154432,0.018287243532560282,0.01907692307692299,0.022210378773827477,0.015146415348367581,-0.0050820953870210905
2023-07-11,-0.0009093664746893104,0.025208987822131323,0.037523453589899836,0.0032727526379869865,-0.004772670119853495,-0.015146812663011988,0.02322968839342776,0.003839596865926831,-0.0028075948910308846,0.001752080595707417,0.0018115942028984477,0.0031413332326732935,0.008289124668435122,0.02082514734774077
2023-07-12,0.0009101941747573505,0.012294509507328577,-0.005304337892697686,0.012892819196508976,0.0235780000660597,-0.0034526242386769823,-0.036250450035810844,0.01614956012229407,0.04474569084709801,-0.03847835592479232,-0.04822182037371914,0.0018267143888750503,-0.021045708648470884,-0.04349499615088526
2023-07-13,-0.020309184601394414,0.015049496893048575,0.0033935131747369063,0.0015335855612319538,0.022774621341404178,0.0037795660063977277,-0.033054671047577866,0.004182366462062159,0.026908254148457766,0.07958162801273305,0.0,-0.015368589788177456,0.019818609338259963,0.010060362173038184
2023-07-14,0.023205445544554504,-0.019118236862686544,-0.0015702047587922152,0.0004593836445965227,-0.0019086834113216655,0.016316226828617664,-0.0023575802678981184,0.012911264597552208,0.009932182388675326,0.010530749789384952,-0.00949968334388851,-0.062169273056944085,-0.014657444005270137,0.02231075697211149
2023-07-17,0.015724221348654366,-0.016838990637755513,0.01004106175766628,-0.00392834613937143,-0.02294745429499956,-0.04445814809458282,-0.010634088240978001,-0.021381598038191507,-0.00679619719791924,-0.16756982075864946,0.03964194373401542,-0.1331453066042685,-0.00785559084071541,0.019095869056897863
2023-07-18,0.014289967252158364,0.021577861647955388,0.0034734809312193526,0.012702277426602349,-0.004175373787382974,0.003231017770597644,0.046576377655016765,0.002521066185480425,0.009660270988761877,0.059088632949424236,0.06150061500615012,0.013667428654422276,0.005390835579514919,0.02600382409177815
2023-07-19,0.007631347226298768,-0.005280548196421209,0.021962329841186845,0.00015175441813419788,-0.004323898388700287,-0.018035446388134035,-0.009889700797827139,0.014668837601338858,0.0053819259628749005,0.03167848699763587,0.0191193511008112,0.004494423714656692,-0.00033512064343166337,0.08497950055907566
2023-07-20,-0.013108068744538293,0.0037159759119709257,0.003620620750401926,-0.0046523141197850615,0.004737498602243928,0.036733395969938076,0.059162523346107276,0.019000454738402617,-0.016416176682244932,-0.015123739688359339,0.009096077316657292,0.015340349255091645,0.0023466309084814174,-0.0010305736860185544
2023-07-21,0.007969303423848828,0.019040096439262744,-0.009891754580500067,-0.002032210486598074,-0.0037983341739656895,0.024043043203949788,-0.015959343794579195,0.013781927504516123,-0.004313660537622388,-0.019078641228478355,-0.01183098591549292,0.000944248626522981,0.004013377926421313,-0.040577716643741435
2023-07-24,0.0005856515373352522,0.021668589276735872,0.005876821688284073,-0.0020363487759348375,0.009860674024311233,0.007105306475854389,-0.010320720876529688,-0.0035985666439122266,-0.010608111212836002,0.06356736242884242,0.026795895096921374,0.018553464362989436,0.014823451032644819,0.08602150537634401
2023-07-25,0.015510681884694177,0.011303015161217678,0.0347043837013028,0.0009181894164052018,0.016013496210786737,-0.007055177279045255,0.016759805308360853,-0.009229516112847946,0.009985246070288945,-0.00535236396074934,-0.024986118822876158,-0.01636303764384317,-0.005087805678647639,0.0036303630363037076
2023-07-26,0.023631123919308328,-0.010674350162489965,0.016149071212791855,0.003465699461157268,-0.0029471762917833155,0.008032052789280097,-0.023809544603050514,-0.012150714375050553,0.005875221068504688,-0.030941704035874484,-0.02733485193621865,-0.005335846611337236,0.020290333223358603,-0.05294311081880965
2023-07-27,-0.006475225225225256,0.016628555202999218,-0.03734163686372716,-0.011935598409570591,-0.006939969138261337,-0.010419840710020556,-0.06491552019982427,0.001640053978202216,-0.023726110122969213,-0.012956964368348034,-0.003512880562060894,-0.003471145739910697,-0.009215844785771976,-0.010069444444444464
2023-07-28,-0.0011334655709832608,0.006118185985385605,-0.01800975685203199,0.007710496459214289,0.013847530845074951,-0.02198825096847712,0.05858744077566014,-0.020875981273474897,0.005528997271033953,-0.02297233942803567,-0.001762632197414793,-0.01044964928762826,-0.02953655352480422,-0.011925640126271508
2023-07-31,0.006524822695035404,0.015140248113433952,0.00446749228449872,0.005151997276145792,0.01978551580066301,0.042748576699915164,-0.0015162806991032562,0.00794316611419732,0.01986045283757809,-0.03262955854126681,0.02707474985285452,-0.009919982910156278,-0.027576929544308015,-0.054668086616968425
2023-08-01,-0.0014092446448703555,-0.005256727251021109,0.01673689447933313,-0.01512308999143619,-0.025284725029570243,-0.000607293340013304,-0.028094198327503705,0.01161338748273022,-0.02599178828629778,-0.01388888888888884,-0.0017191977077364307,0.024240464998519506,0.0006916825177243346,-0.020277882087870847
2023-08-02,0.0053626869884277895,-0.023104397435840918,-0.020605512362525724,-0.0017003796778681801,-0.016951324828972103,0.014585195089479752,-0.03242185411800114,-0.007790021790227031,-0.01875415026389926,-0.017605633802816878,-0.002870264064293915,0.005680034778867693,-0.011750475203041288,-0.01878114220007665
2023-08-03,-0.0199326221224031,0.02591527542268568,0.0023506928060406107,-0.0027872531981079085,0.012671409872578199,-0.013177580044665849,0.035526870890419726,-0.007438028905000671,-0.00707246230649794,-0.015360983102918557,-0.022452504317789335,0.00909943522253398,-0.0006994229760447501,-0.020312499999999956
2023-08-04,0.005442566599828114,0.015573226186887723,-0.00011728583927816949,0.003933734775329878,-0.007997910085192239,-0.020637292239662375,0.004678302236672982,-0.013738547769235887,0.0013143448124945944,0.007280291211648526,-0.011189634864546494,-0.008084584269758888,0.010673665791776088,0.009569377990430672
2023-08-07,-0.009686609686609726,-0.010625419665063918,0.013017481576760748,-0.0031449657984733426,-0.008322513553119526,0.01611398045475454,0.05743112436707354,0.002110562935136562,-0.020112646390639366,-0.00413009808982967,-0.029779630732578943,-0.001880861023820568,-0.02042936288088648,0.03870458135860977
2023-08-08,-0.04113924050632911,0.011959918212595122,-0.0020838192972812974,-0.004861662484645701,-0.017046959831690134,-0.01585843789644814,0.019082586273843738,-0.012215628094972453,-0.018364927005714016,0.007257646448937338,0.008594229588704705,-0.0018844053283556539,0.010957935666313201,-0.0019011406844106071
2023-08-09,-0.00420042004200416,0.01784856958050285,-0.0010440410797770694,-0.004521569191967556,0.005202779523049594,-0.0037186617962113866,0.06553840960295454,0.011087348105510708,-0.0029493083688419963,-0.009778692743180661,0.00912964090079127,0.011327838112797917,0.0010489510489510856,-0.0323809523809524
2023-08-10,-0.01114793612533893,-0.0187204005034316,0.01370340607144227,-0.000522084153312008,-0.004379561119956632,-0.005287751810361563,-0.06623862516201429,0.010122382443446432,0.004238440309207725,0.004677754677754775,0.003015681544028981,-0.0021779619213920798,-0.01362207474676913,0.004330708661417271
2023-08-11,0.004570383912248621,0.004467553102456279,0.022912131733569874,-0.0007835353013323498,-0.00973073255587642,-0.013133151500218654,0.0025334670479293386,0.015866352762485825,-0.003165413814399498,-0.018106570098292862,0.007817197835237488,-0.002806365869794991,-0.007613314447592057,-0.01724813798510383
2023-08-14,0.007279344858962755,-0.008174062810669236,-0.018367111354382848,-0.0012023884148516517,0.002692149844329972,-0.042458788457973684,0.009025305248944182,-0.01150845407001777,-0.0013231316454158648,0.0026343519494205214,0.019093078758949833,-0.022201347549581807,-0.007314897413024046,-0.01715197447147987
2023-08-15,0.0057211683227942345,-0.018422060757570802,-0.016543120962851376,-0.004239493190328014,-0.016915012689092124,-0.01224358721897223,-0.0486583730555451,-0.011642361254856182,-0.002163919286568672,-0.024697845507094085,0.005854800936768045,-0.003197965462290231,-0.048705966930265965,-0.02840909090909094
2023-08-16,0.009580838323353325,-0.019879005467560162,-0.010208785203859705,-0.0033640075763797794,-0.002731118537694144,-0.0023450995210426706,-0.02519741041011403,0.017669333959005717,-0.005089611622612233,0.0118534482758621,0.026193247962747357,-0.0022457393215554733,0.008690723597203798,-0.0012531328320801727
2023-08-17,0.012158956109133978,0.012723635313391046,-0.01125174739693413,-0.006328780209119422,0.009311220050849167,-0.01276020130534894,0.011188288496781995,-0.00785450722872505,0.008451981224494087,0.007454739084131967,-0.006806579693703907,-0.0009646522918816958,0.0014984079415620855,-0.013801756587201952
2023-08-18,-0.013770876062115467,0.010697855664647538,-0.00047416921808840495,0.0010615147953483284,0.003662997028031967,0.003061203729538775,-0.026707337606796,-0.009999990463256836,0.0011027621723043168,0.01374207188160681,0.0017133066818959541,0.0006437224963025123,0.01945015896764546,0.04028837998303647
2023-08-21,-0.0032679738562091387,-0.006523061899038507,0.0016603343234715684,0.0038174398681865007,0.0035144665746680293,0.0006782374064797647,0.031752194226550845,-0.015151540693756349,0.026834155887072164,-0.02137643378519294,0.005701254275940704,-0.0019298638034065396,0.005320124747752786,-0.022829188748471285
2023-08-22,-0.007749627421758554,-0.0045837802401709205,0.006275145453965791,0.0016373398330900013,0.010371786551650164,-0.006438474609241074,-0.027355633562959225,0.0,0.004977652658272991,-0.00586041555673944,0.0005668934240363743,-0.0016113807058566465,-0.013503649635036474,0.004171881518564957
2023-08-23,-0.00180234304595972,-0.018170492995627008,0.014354644680173667,0.01165364654156531,0.014131442156842366,0.04331507899285336,-0.024609361393958973,0.019230802148522352,0.04026476474744123,0.020900321543408262,0.007365439093484527,-0.003227901321734783,0.005919348871624042,0.017864561695056125
2023-08-24,0.012037315678603777,0.00202818688486861,-0.0013919817637910725,-0.00015639761695329657,-0.009464970145179219,0.00032692417623736425,0.008810602551642122,0.018448659413836888,-0.0062389862422415066,-0.008398950131233596,0.04836895388076501,0.017810918372950013,0.0045972784111805165,-0.013877551020408219
2023-08-25,0.01992268807612252,0.009867156852431336,0.016494434414499493,-0.003701374083343034,-0.00199069234098892,-0.008169934640522847,0.008336605002795983,0.022231329264113642,0.00037168521271890853,-0.0031762837480148187,0.026287553648068673,-0.0022271617608826677,0.01116602599304417,-0.017798013245033162
2023-08-28,0.003498542274052552,0.003382145019084515,-0.005028024576222534,0.0035581858170659064,-0.0015957558449171128,0.00032950940202836065,0.015354344455904334,0.029802648948527022,0.0007432517302574659,0.016463090812533165,0.008886565603763774,0.025510179256708287,0.010318609703113601,-0.008849557522123908
2023-08-29,0.03282975014526435,0.013233523198265207,0.00022966168756743954,0.009698094451831452,0.01038892777498357,-0.0029644067140680574,-0.008918186095916547,-0.004692957892723615,0.022237789345398884,-0.018808777429467072,0.01761658031088076,0.028917920074263304,-0.009496506002508509,-0.031037414965986443
2023-08-30,0.014345991561181437,0.0057909508391018605,0.013664054328229591,0.004027910574812887,-0.0021091212864169373,0.013214403167133737,0.09389671755634765,-0.004322224245735473,-0.0017355278760649018,-0.01650692225772099,-0.03309572301425667,0.009670586078833532,-0.0005426917510853446,0.012286090390522197
2023-08-31,-0.0011092623405435376,0.024500797100250438,-0.0020389704085269633,-0.003137426067507776,-0.0033025224307154932,-0.004238729242923345,-0.010014347750380903,-0.01104975078766568,-0.010592671552072441,-0.0016242555495398214,-0.011058451816745696,0.005088356313049935,-0.01538461538461533,-0.006501950585175553
2023-09-01,-0.007773459189339249,0.02295833865116359,0.017139638619562803,0.0008255586093077749,0.010603038157336986,-0.011460380058770814,-0.0010837365188629544,0.02992817302407702,-0.009807117110207875,0.008134490238611791,-0.012779552715655007,-0.00863611970560263,-0.0027573529411765163,-0.009598603839441555
2023-09-05,-0.003917179630665957,0.013325533009726831,-0.017966751471772402,-0.0070110822321435284,-0.00039341410652538045,0.0029810994192764895,-0.06618447768354763,0.03254553157571016,-0.027814450999315454,0.013448090371167343,0.0026968716289104133,0.012916800641336712,-0.005345622119815707,0.008810572687224738
2023-09-06,0.004775280898876355,0.009805034608178831,-0.022727272727272707,-0.004205158234486306,-0.016399894572821316,0.002311797342309907,-0.027885370342446425,-0.016135096109974878,-0.014941895820940743,0.0010615711252655036,0.022054868208714273,-0.006524353877189415,0.008339510748702761,0.014847161572052459
2023-09-07,-0.0011182555213866685,-0.007653623051613101,-0.027674386667650763,-0.00031279682684648424,-0.006002410962891114,-0.028665608589888758,0.02749004222478546,0.01754389793545874,-0.01103157021251655,-0.0015906680805938267,-0.0052631578947368585,-0.029552288909456603,-0.011211174416467573,-0.016351118760757344
2023-09-08,0.010075566750629816,0.007367323234873657,0.009447511236294837,0.0004693738795631397,-0.01221149736782945,-0.007801858508162396,0.010081435799395688,-0.013868097263912693,-0.0025272576316798245,-0.004779607010090281,0.010052910052910091,-0.009535452925213517,0.0033457249070631967,-0.007436570428696387
2023-09-11,0.0005541701302300694,-0.0025140122881112115,0.030328129931629144,0.0025542245369596372,0.024317334510753907,0.03623933710603633,0.0011516395235582344,0.0034207584346170883,0.009217213029727223,0.005869797225186657,-0.015191199580932402,-0.017701912691533095,0.0022230455724341347,-0.019832525341560103
2023-09-12,0.04458598726114649,0.017756849651809015,0.005979034560972485,-0.006239276085554968,-0.004774505983420996,-0.005608750157697684,0.05176379922925345,0.016287890582921127,0.0010388333628066349,-0.01697612732095488,0.004255319148936065,-0.000316102491257908,-0.015341959334565614,0.007643884892086339
2023-09-13,0.020413573700954313,-0.0036019778029610094,-0.020802374434368276,-0.0011510873154303436,0.001066084328878114,0.002322535571356532,-0.02296754030603798,-0.010808759187601713,-0.009296499548997472,0.0016189962223420729,-0.006355932203389814,0.01960786915805879,0.003191289656466978,0.015618027666220335
2023-09-14,0.0010392309690829826,0.018526966575200587,0.009338193870159328,0.00047143912082781014,0.007055374428249328,0.013571684941015016,0.010447715385159428,0.01657869674192658,-0.007157884957544547,-0.003232758620689613,-0.017057569296375252,0.021091701460198342,0.005800898203592864,-0.002636203866432374
2023-09-15,-0.024915650142745882,0.006765671652400274,-0.012489901882829058,0.0071727493046465085,-0.005023146929821087,0.03363810379603982,-0.02363363832657972,-0.0025945031879869296,0.016616857430883147,0.029729729729729648,0.0390455531453362,-0.014884504587602487,-0.0026046511627907387,0.06475770925110136
2023-09-18,-0.03619909502262442,0.007822041865432006,0.001756663859364016,0.0040547117669642585,-0.005845642229717729,0.002843582611325113,0.03176999641109712,0.0074322097388894726,0.004583624612402248,-0.009973753280839937,-0.05219206680584554,-0.012334305338105866,-0.017534042156314156,-0.02151427389325611
2023-09-19,0.0057995028997515075,-0.003060848255534987,0.006078988046538836,0.00025886616619197333,-0.0073499705728443665,0.055450555897791354,0.04398831644054346,0.012172626937531295,-0.0016356795040236571,0.010074231177094273,-0.04240088105726869,0.0009367029390439097,-0.0009493070058856912,-0.012262156448202943
2023-09-20,-0.01976935749588138,-0.010087699558448793,-0.008017602040273575,0.0070393248374418516,0.008750680863506721,-0.05552240627915117,-0.040379216128614726,-0.023688032284238325,0.016599130155614095,0.012598425196850505,0.002875215641173101,-0.004366852495324758,0.003420752565564511,0.008133561643835607
2023-09-21,0.007002801120448154,-0.007199839772571659,-0.005856858192733516,-0.0135690916659843,-0.021353242594482902,-0.021175669464915114,-0.04500554085467612,0.0052258075723803366,-0.005725443240746975,-0.014515292897874565,-0.03899082568807344,-0.010338343449790122,-0.019886363636363646,-0.022080679405520165
2023-09-22,-0.003616133518776099,0.004462808637023086,-0.009779684272345768,0.0032305509586958436,-0.0002727849214119171,-0.023894168945384653,0.01034490034970803,0.0014852954966741994,0.0064835533894895825,0.00420831141504463,0.013723150357995317,0.001899318317586829,0.0019323671497584183,0.0065132435953103585
2023-09-25,-0.02400893355667222,-0.003887576128697834,0.02831981470121847,-0.004570504163571409,-0.004365034169861337,-0.015547409458289252,0.0007583826233819035,-0.02447163011551512,-0.019113417561898327,0.00838135149292829,0.020600353148911177,0.0015798150082726448,0.0011571841851494291,0.016393442622950838
2023-09-26,0.0011441647597254523,0.007917028122843117,0.02036568124879823,-0.008452442543166794,-0.006713219319228858,0.013776901947003095,0.006441818999187721,-0.011022387459722616,-0.008425132467811625,-0.0031168831168830735,-0.0011534025374856371,0.02145111321166815,0.0038528221922558004,0.0
2023-09-27,-0.02400000000000002,0.03639784199295071,0.0024949106366720653,-0.01515472977169885,0.000551749920022937,-0.010606602842413437,0.0406626672307564,0.004227467373856708,-0.020610085593825378,0.007295466388744121,0.009815242494226384,-0.00092657791860562,0.0003838034926118006,-0.016129032258064502
2023-09-28,0.01258782201405162,-0.021029047974867265,0.003733052323059871,-0.005984158643926429,0.018610387174803122,-0.013735363830873148,0.06548480400681234,0.02296212785075813,0.0016906218812107188,0.010863942058975784,0.01658090337335616,-0.0027820759453787147,-0.002110109342029487,-0.0012942191544434989
2023-09-29,-0.01185313674472388,-0.01003160154977123,-0.021075202026755058,-0.006611507561121943,0.008526215008709315,-0.0071331730538487514,-0.0054329483149796465,-0.017209094364023736,-0.012391709357165492,-0.024053224155578312,-0.02699662542182224,-0.013639139789269339,-0.019607843137254943,-0.06436285097192229
2023-10-02,0.024575775307197123,-0.02169843816320749,0.006907649895291357,-0.009793829243571639,-0.025228153330402292,0.020184826070678508,-0.03038579367097549,0.003045295862658115,-0.04578159948972682,0.025170424750917686,0.0046242774566473965,-0.0018855897711445024,0.0015686274509802978,0.04293628808864258
2023-10-03,-0.021130782410051396,0.0046161187065763,-0.003658812007477308,-0.0029508330131489124,-0.004542950529719869,-0.0023474586799991926,0.038380271432844504,-0.025806462820925913,-0.0018852349302785898,-0.002557544757033292,0.004602991944764101,-0.007241799136612492,-0.0033281127642913466,0.006640106241699861
2023-10-04,0.0008751458576430338,-0.056147057578712634,-0.004819809179333112,-0.003343185173494634,-0.008712449980236792,-0.016134412749474802,0.004408278048625203,0.01012856361936465,-0.010482582271636232,-0.003076923076923088,-0.01718213058419249,-0.007611790862402823,0.00019642506383821257,-0.014951627088830244
2023-10-05,-0.009035266686097332,-0.02267874180034868,-0.005419755697500195,-0.0010448305823824722,-0.010323710420953813,-0.006491371147325342,0.06887238472034674,0.008870016950613735,-0.005153645965829234,0.02366255144032925,0.00874125874125875,0.0019175284176040641,0.006087981146897015,0.032589285714285765
2023-10-06,0.01558823529411768,0.0058316531547932815,0.006956504047780809,0.00748649992772954,0.02184948023807709,0.004470489563680458,0.05432728230071082,0.02217125103551676,0.03319269747481224,-0.011055276381909507,-0.020797227036395194,0.023604458121651684,-0.011516689439781347,-0.017293558149589328
2023-10-09,-0.005212858384013863,0.04336268025354406,-0.0020725424103422707,0.01054532255656948,0.004966171137110953,0.0,0.011384022684191697,0.01645476955212466,0.00933139729485899,-0.007621951219512146,-0.007669616519174083,-0.013711453161901366,-0.0013823064770932536,0.007919049714034232
2023-10-10,0.011353711790393017,-0.00474642331270303,-0.014076396059510499,0.00621789672884554,-0.002882623045589394,0.009928085709990153,0.0017772636523947227,-0.004782967868123156,0.0016098545910903095,-0.005632360471070186,-0.026753864447086828,0.0028436067511103946,0.005734625271900384,-0.024879965080750743
2023-10-11,-0.012089810017271163,-0.028847310942416993,-0.004681028797773434,0.00634070329292058,-0.004955916194293253,0.001355911513506447,-0.0014783784942209444,-0.024029561436723634,0.008311979745806441,0.005149330587023604,-0.03298717165546727,0.003780744804623204,-0.01494298073141953,-0.004476275738585445
2023-10-12,0.0168997668997668,-0.006946870481498002,-0.0015285699958574872,-0.0018688594130430447,-0.005534028907757227,0.010832810674168858,-0.009771984441017123,-0.0018939105220839858,-0.0075147292445867375,0.016393442622950838,-0.030953885028426997,0.0,0.029940119760478945,0.027877697841726556
2023-10-13,0.002578796561604646,0.05765285934345443,0.013424392536849128,0.03108113950051017,-0.003895430436737901,0.03750831031654567,-0.03229666171933876,0.025806462820925802,0.04290562930426933,-0.005544354838709631,-0.0006518904823989979,0.001569341999456908,-0.007558139534883712,0.014435695538057791
2023-10-16,0.02629322663618172,-0.01174590889064131,-0.010573972327796999,-0.003268677362417427,0.0019552987797764043,-0.004841833631712089,-0.039246010835814804,0.0007398649614138719,-0.005148003527843947,-0.006588950836289964,-0.003913894324853229,-0.009401417690225289,0.004686584651435233,-0.00431220353600692
2023-10-17,0.012252854358117515,0.0,-0.022548422014552538,0.0008328434783564376,-0.003205988872824417,0.018812904768720662,-0.009649395851608733,0.016266193954445063,0.011189750224225303,-0.0020408163265306367,-0.01964636542239684,0.0031635075036458016,0.008163265306122547,-0.011693373754872227
2023-10-18,0.0011004126547455861,0.019155273050613264,0.012134980969597642,0.016955374465152717,0.0018179291571085443,0.006367398793812429,-0.007469958407224531,-0.00036377697217526705,0.0035428146484837164,0.006134969325153339,-0.00868403473613899,0.0003153651583274186,0.01098901098901095,0.017090271691498682
2023-10-19,0.002473206924979321,0.01188862155101833,0.00035611087437814604,0.006699726517057414,0.002652157079104933,0.037329919535352696,-0.03239528052918317,-0.006914069500509212,-0.002484358145269705,0.026422764227642226,0.010107816711590223,-0.005359397224903861,0.003432494279176135,0.023696682464454888
2023-10-20,0.012609649122806932,-0.006937481565711834,-0.02219052084584794,0.007163165723966358,-0.013782538758535967,0.007929265483110681,-0.019614503686618767,-0.016123141051536893,0.020273549156168746,-0.01881188118811883,0.020680453635757212,0.003803513221402488,-0.010072215887495295,-0.013468013468013518
2023-10-23,0.01759610178668103,-0.03673241843639963,0.01614079862167217,-0.0031273398092686033,0.008752088770868749,0.0036308992648448335,0.00931362176088113,0.023463655561114516,-0.011948067775201299,-0.010595358224016138,0.007843137254901933,0.016419278470551024,-0.011902476483010127,0.00213310580204773
2023-10-24,-0.007980845969672745,-0.020470230947819967,-0.009554556547041737,-0.0006578195597859438,0.010355427188980082,0.013867878856351767,0.01537930145477695,0.0018195467700909962,-0.003987558915387268,-0.012748597654258065,0.011024643320363126,0.0012426504266500604,0.006605789780454563,-0.011494252873563204
2023-10-25,0.0016090104585679832,0.01970386395952839,0.010611325819120276,0.004607582575158142,-0.010526279639112235,-0.03479031256062903,0.01312690505154479,0.003632345500434342,-0.0044821033756419215,-0.008264462809917328,0.008980115458627314,0.00031033622005982586,-0.00540436209226014,-0.02067183462532296
2023-10-26,0.02008032128514059,-0.025529925292868128,0.009306751008452796,0.0015624089632992888,-0.000979838945981637,-0.006777609875736279,0.06777408532612861,-0.021353538297497643,-0.003934088796884727,-0.0015625000000000222,0.010171646535282797,0.0077543420280581365,-0.006792159906850337,0.019349164467898028
2023-10-27,0.011023622047244164,0.028001464447672042,-0.002482552235063662,0.0007045211596532486,0.018355056805555936,-0.0015508685157126223,-0.015556923622897179,0.011094645965351146,-0.0007460480921032131,0.003129890453834161,0.012586532410320928,-0.0018467642410366913,0.013872606486909023,-0.00690250215703192
2023-10-30,-0.00674974039460019,-0.037760151068075065,-0.017421114472115584,0.0038217719396773653,0.00426522564048093,-0.011494196208785779,0.059418445550065035,-0.02158010787472664,0.022485688184272767,-0.005200208008320328,0.003729024238657619,-0.008942365488694093,-0.011177490846020377,-0.01650738488271064
2023-10-31,-0.002352326189231535,-0.01567246936933797,-0.02038357697213078,-0.0055104700275854235,-0.0021920529489821705,0.051539890846433956,0.06652746113304153,0.012710286078051913,-0.018941671357483814,0.001045478306325176,-0.0359133126934984,0.0031114589520051528,0.003313194309101597,-0.017226148409894004
2023-11-01,-0.006025674613570842,-0.0071586549702701285,-0.02191576893061098,-0.0032238074255301896,0.0009611381971377231,-0.044829646522359656,-0.022657367430768738,0.015503878697978646,-0.006829829693913991,-0.007832898172323799,-0.025048169556840083,0.0077543420280581365,0.0033022533022533107,0.009887640449438129
2023-11-02,0.01871375856615698,0.025111842140206342,0.0045317295982851835,0.003436389018607322,0.006035685734353535,0.03473093207614153,-0.006296529665371975,-0.0010905374916722055,0.002909410901256404,-0.010526315789473717,-0.007905138339920903,-0.005232439977226888,0.00987415295256544,0.006675567423231055
2023-11-03,0.00853816300129373,-0.023647792504152165,-0.0022556428357406455,0.002971406369161267,0.0020452503762391494,0.03356508973754879,0.012384856766531671,0.010553163040691427,0.019779384370119724,0.015425531914893709,-0.01195219123505975,0.003403484263311274,0.01802147239263796,0.012378426171529622
2023-11-06,0.004104669061056887,0.0038504229334039852,-0.0203466803654635,-0.004971139550119297,0.009525128844657837,0.016383868646910438,-0.07140829543337202,0.006481825790732421,-0.0022412846557293697,0.0,-0.01008064516129037,0.0003083047005585371,0.009792843691148745,0.005676855895196509
2023-11-07,-0.007920286152273914,-0.042687416001848,-0.019487136449569342,-0.007468675282677251,-0.010648334627458733,-0.016983287277323345,-0.037990145949572174,-0.012880164598382038,-0.027690213099181515,-0.01833420639078054,-0.04412763068567549,0.006165251892914281,0.006154419992540072,-0.009552757273121992
2023-11-08,0.008498583569405138,-0.026366819737737024,-0.02078979991494745,-0.007779158251110085,-0.011444156523158222,0.021083491089403328,-0.010828075533129367,-0.013773144835578788,0.00617557946266456,0.016008537886873064,-0.029119318181818232,0.018995065670295075,0.0001853568118628246,0.038579570363875604
2023-11-09,0.008426966292134797,0.005442665906664423,0.021765219210874598,0.00650778948084807,0.00192942928388673,0.025523354129394882,-0.02092725638702353,0.02094824040248211,0.008124697331463704,-0.01680672268907568,-0.02560351133869787,0.002104735810409375,-0.015752409191994055,-0.01941747572815533
2023-11-10,0.010635603950367223,0.01888038480998988,0.010454823403737157,-0.016087962718400628,-0.014167835529877881,-0.024049233659761637,-0.0026306798073646442,-0.01763858023782261,-0.026980826012055648,-0.008547008547008517,0.04129129129129128,0.014101331538720396,0.00433063453210325,-0.00947051226861817
2023-11-13,0.015033826108744597,0.014124711586734229,0.002069369668143972,0.006674958386125196,0.022045485755163075,0.02378219997985309,0.054071887485925174,0.015390185227379227,0.003781212388570543,0.028556034482758674,0.027397260273972712,-0.0029585348040910286,0.025871766029246235,0.006518904823989535
2023-11-14,-0.025919526042952334,0.0,0.015487827778143837,0.008378334015998412,0.005460745787656318,-0.012314564922498383,-0.028464209993295686,-0.01912662565167178,0.03497917817471041,0.002095337873232017,0.0,-0.00712171136597517,0.0005482456140351033,-0.012089810017271163
2023-11-15,-0.001773948302077999,-0.020444651551834947,-0.0034315790800606427,-0.0008665884391241274,0.009504436366160274,0.02465291118589019,0.02704446621717671,-0.0011037780098844818,0.017591755665661735,-0.015682174594877196,-0.012631578947368438,0.012552360882684077,0.01187214611872145,-0.020104895104895104
2023-11-16,0.01650165016501659,-0.049047768805272285,0.0034433953635546466,0.012142262703212614,-0.0034969768780473975,-0.025995557903263466,-0.040125397706846755,0.0014733302427025752,0.01733019277986747,0.00849707912904929,-0.001421464108031234,0.01829984983289301,-0.017870036101083064,-0.012488849241748423
2023-11-17,0.0197302697302697,0.04101505900117308,0.003050303289764189,-0.0011593572255760298,0.00890808279859967,-0.02924479827812243,-0.03331156005403424,-0.0003677906835386491,-0.0034739738161877476,-0.016324381253291165,-0.017793594306049876,0.008985547051913567,-0.014703179562580382,-0.0049683830171635135
2023-11-20,-0.012000979671809908,0.022532601109836126,-0.01203746794581162,-0.0019681189251676834,0.02006690264630917,0.04065514520217506,-0.026351374209231615,0.01398083725165522,-0.009660193291987307,0.005353319057815886,0.006521739130434856,-0.0005745606714918639,0.020145495243424794,-0.013163867453472533
2023-11-21,0.04784333168071386,0.0021906980964954137,-0.00808009327881376,0.01092182747107362,0.0005246146780546468,-0.007588481680961046,-0.012491330233395437,0.006894068858470437,0.01119640076630457,0.0010649627263046302,0.030957523398128073,0.006036190829156629,0.007313951362223348,0.021159153633854677
2023-11-22,-0.012775017743080208,-0.008615124056393308,0.028963092826869374,-0.003951395098846233,-0.012583587914200334,0.011894595346514603,0.017919929389228706,-0.019099123843081323,-0.0071718963227281884,-0.0026595744680850686,0.032122905027933024,-0.01142861502511161,-0.015066255218732949,0.0013513513513514486
2023-11-23,,,0.0,,0.003318743580612127,0.0,0.012771812192661658,0.0,,,,,,
2023-11-24,,,0.010178405880328478,,0.004630834480789714,0.0,-0.02692569726463845,-0.00881703810331902,,,,,,
2023-11-27,0.009717942640436128,-0.009001857253565504,-0.022390882764325437,0.004794774693022585,-0.008955595991503196,0.005877431220995266,-0.021366062455813184,0.008154233670712996,0.014098417745013636,-0.016729627630868826,-0.020777479892761352,-0.018502747114028995,-0.0007514559458952075,-0.02642369020501134
2023-11-28,0.025821596244131495,0.02070535718835509,0.00012726983963018412,0.013868128872947194,0.010232576766504131,0.021981062967852294,-0.031495999832748645,-0.007720624482754457,0.010457174566768535,-0.008781558726673966,-0.01848049281314168,0.008120614356560196,0.012596352697875624,0.017781937295273664
2023-11-29,0.015560640732265485,0.018976532898155263,-0.00012725364407939477,0.00362799656381374,-0.003946357389501665,-0.008439901140657846,0.03621574572280517,-0.004816567686884987,0.005695956543360969,-0.003875968992248069,0.0034867503486750717,0.0017261615704349254,0.00037133308577796953,0.022528735632183938
2023-11-30,0.008337088778729074,-0.02440279361655051,0.010306721284293552,-0.004396463341964529,0.0113576288119972,0.07084016180181396,-0.0007132150899579193,-0.030528655107632363,0.008814564438401451,0.026681489716509077,0.03961084086170952,-0.003733517210069315,-0.0031551596139569593,0.025629496402877594
2023-12-01,-0.017206703910614518,-0.024881508852397816,-0.012342611311086493,0.016142497820600843,0.02089316369437344,-0.0056410569411057265,0.004282600038800544,-0.03648236288551665,0.008144596833256745,0.005955603681645938,0.05548128342245984,-0.009224551959994609,-0.013219139824986015,0.011836913634370783
2023-12-04,-0.028876762164620318,-0.013905748393959416,-0.009436341252843539,-0.022646076491580125,-0.022640067716001244,-0.025786488692048692,-0.04264388422007004,0.02869666436730678,-0.0370210684263832,-0.00914962325080737,0.027232425585813846,-0.016584222069772392,-0.014150943396226467,0.03249566724436748
2023-12-05,-0.015218918286115657,-0.009857628856492329,0.012873326416984687,-0.0027666496978818733,-0.012563763944569817,0.02620440638946664,0.005939136002577117,-0.03293298717775428,-0.014416619309840395,0.017925040738729026,-0.00801479654747228,-0.005325452936058572,-0.0005741626794257826,0.04196391103650865
2023-12-06,0.008321445553970408,-0.04065268879718564,0.0008896758331560228,0.005945008669804297,-0.01484426606009015,-0.04436422921195693,-0.052029531527733486,-0.07852560722616175,-0.012892040490234513,-0.008004268943436532,-0.04909881914232439,0.008328453387563606,-0.0076599004212944966,-0.00805477245267816
2023-12-07,0.023343551049280764,-0.0005765482431663305,0.04876185825892865,-0.0002954816970881513,0.018296741283480467,0.0013495276653170407,0.006228116928489458,0.001304377680239499,-0.006572045226414747,0.007530930607853703,-0.027450980392156876,0.007669566661662852,0.012543419529139399,0.016646366220056885
2023-12-08,0.00944700460829484,0.027257097185772183,-0.013924130614796804,-0.015567257109156851,0.009380380679734568,-0.0018868253558793624,-0.0015473688365800209,0.014329132169649261,-0.032066394248763674,-0.005339028296849957,-0.016129032258064502,-0.0023418623160058605,-0.005908137983609674,-0.01757188498402551
2023-12-11,-0.00684775165487328,0.0012634610929280754,0.006876197713729937,-0.010158659026220707,-0.01047119438535471,0.04779911636650436,-0.0581170438425056,-0.038099369595165244,-0.008619561553113608,-0.011272141706924366,-0.026639344262295084,0.002934227369376874,0.024539877300613577,-0.03861788617886175
2023-12-12,0.005515973339462299,-0.03799774391571298,-0.011585328637099823,-0.00010108754897619754,0.0015873127002865584,-0.014690753110905286,-0.04936235534411171,0.005340491450842144,-0.0019760275271949457,0.004343105320304019,-0.0056140350877192935,-0.011702794684245066,-0.00916916167664672,0.02663847780126849
2023-12-13,0.004571428571428671,0.012534624729646282,0.001603914232241932,0.0022752552780380686,0.0,0.01831022815462613,0.0103850836430317,-0.027445809430965085,-0.003915905464392577,-0.012432432432432416,0.029640084685956136,0.002960399420726123,-0.01227573182247399,-0.035831960461285006
2023-12-14,-0.029124004550625693,0.030372831053337546,-0.004557806666557029,0.02416380021383091,0.027073418249222936,0.027999036105439634,0.02441110101391719,0.009558534291516319,0.06435799886699844,0.0,0.0,0.009740200884113426,0.004971319311663391,0.01495087569414788
2023-12-15,-0.005390203890321077,-0.002095578681779675,-0.01088970770949349,-0.00448230509545855,-0.000900086090659391,0.008495736613634897,0.04138795099062831,-0.008566299884733564,-0.009379142839321397,0.05747126436781613,0.029472241261137677,0.0008770124173360649,0.0013318112633180501,0.059343434343434254
2023-12-18,0.006361922714420265,0.014559721560745809,-0.010384108943897297,0.002572892635199775,-0.00952379432767525,0.038404360172443974,0.004817376245105365,-0.030923161084744466,-0.00163391133106483,-0.012422360248447228,0.02130492676431417,0.015478935552453166,0.008550256507695142,-0.019467620182757273
2023-12-19,0.0042144696792321135,0.013384865521790745,0.004551208815374963,0.005971462909915681,0.012473975633472856,-0.034120778101384364,-0.004394693524492399,0.0056311986035093575,0.008770154279064801,-0.008909853249475908,0.0045632333767926525,-0.008628105640233308,-0.010926902788244153,0.009319286871961152
2023-12-20,0.004663091629750538,0.010620898057828843,-0.003146237136678387,-0.0019132772602784565,0.0014117244174900456,-0.05830033670358581,-0.018057814780918058,-0.023798423780640898,0.012770349203467646,-0.0063458487572712885,-0.01687216093445809,0.006962513932995851,-0.003238095238095262,-0.020473705339221215
2023-12-21,-0.004873520538407949,-0.004446265502925373,-0.0010099966163282792,0.002260985788123726,0.0017941739091058562,0.015739768646023444,0.051082958167526726,-0.032504794583932184,-0.001642950479598615,0.0058541777541245565,-0.04026402640264026,-0.0014404851160861876,-0.008408178864895866,0.004098360655737654
2023-12-22,0.0053638059701492935,-0.004466123071871553,0.00796164418905354,0.008827483833959704,-0.003326087140847922,-0.004132247037895498,0.014774443234224055,0.018774756542116355,-0.0006993167223640073,0.0010582010582009804,-0.011004126547455306,0.003462173468351093,0.0019271535941414175,0.00612244897959191
2023-12-26,-0.0064950127580607475,0.027324662900232166,0.003635919104315155,0.0005346621279529451,0.0,0.008039434788503108,-0.02298848474755899,-0.004364701693738482,-0.006010778521731819,0.015327695560253707,0.024339360222531248,-0.0034502281798870493,0.010386612810155738,0.032454361054766734
2023-12-27,-0.0007004436142890036,-0.019319823876784437,0.005996198741288206,0.01151489249544535,0.012321935042060028,0.017494179519981445,0.027058826279337866,0.003409629443887674,0.009567632077617239,-0.007808433107756363,0.01357773251866945,-0.00403922072316143,0.002665143727393904,-0.020825147347740658
2023-12-28,-0.005607476635513975,-0.0315747395495003,0.005215425000767437,-0.003842643919140354,-0.0077342297009269645,0.0012642225031604948,-0.023673171910267188,0.05631067116171318,-0.009887147561097764,-0.004721930745015701,0.037508372404554624,-0.006373152311289876,-0.008733624454148492,0.013643659711075395
2023-12-29,-0.014097744360902276,-0.0016719398467338609,0.0006177029480283203,-0.005545108511265995,-0.008305654925399919,-0.04898988357698075,-0.016816575732866768,-0.05422795463069796,-0.011643330084871284,-0.00632577754348973,-0.003873466752743693,0.00903794111330658,-0.009002106876077387,-0.005542359461599422
2024-01-02,0.01882745471877989,-0.01772511158987533,-0.01308638961226849,0.0009697440335054708,-0.002963566532974915,0.00982469896305882,0.02147976950973396,0.015549062002454761,-0.005030848782513031,-0.01591511936339518,-0.025923525599481523,0.018780632756973503,-0.015075376884422065,-0.0338375796178344
2024-01-03,-0.008654970760233915,0.03296390715206443,0.01238426111501778,-0.01462892491788459,-0.0055569585011168154,-0.02051009214655819,0.038940771646164274,-0.0023923080369923078,-0.0331606060213967,0.0032345013477088624,-0.021290751829673993,-0.04027221317472729,-0.003532182103610726,-0.010712814173877261
2024-01-04,0.0051911278905143465,-0.007015055409136051,-0.010008619245512884,0.003981957452896312,-0.004288497938198299,-0.0037583728764680746,0.05734637081434868,0.011031152903034913,0.0018740162349903944,0.002686727565824887,-0.007477906186267869,0.00029545867281677296,-0.005907837731390364,0.022074135776759762
2024-01-05,-0.013145539906103232,0.022440712874367774,0.0008736856268667381,4.895244750890981e-05,-0.00952753230428538,-0.014820802774295316,0.025522788285323283,0.0014231824835904128,0.005785350311548587,-0.012325830653804881,-0.0328767123287671,0.01920240931106232,-0.009706814580031642,0.004074979625101838
2024-01-08,-0.026165556612749774,-0.041186844818875024,0.0028681346868284496,-0.007736020681187505,0.0013176639541592206,-0.007658693281733964,0.03007263566928331,0.029843635364826815,-8.64501941706397e-05,-0.012479652740097658,0.022662889518413554,-0.006956570390341921,-0.008201640328065585,-0.03206168831168832
2024-01-09,0.01660967269174396,0.020771531587279624,0.0038548270958302933,-9.866336439545709e-05,-0.013422787206381792,0.014884301531851163,0.0704698110076738,-0.0018398808003600164,-0.009342625552745454,0.009340659340659307,0.05124653739612195,0.005545897569026792,0.0016135538523598392,0.023060796645702375
2024-01-10,0.01057184046131665,-0.012043122133366335,-0.006812870418524186,-0.0023194202455394386,0.008670078497812206,-0.01602396582959653,-0.047335429523394534,-0.01336409701987773,-0.0008731466556609613,0.0005443658138268859,0.015810276679841806,-0.0055153102234659634,-0.010269834877164707,0.0012295081967212962
2024-01-11,0.01616737993342854,0.009107382254031071,0.014716890754359557,-0.003660237682382439,-0.001190138159818388,0.01600888353841512,0.01908517560520573,0.016347519101548746,-0.015163437784921907,-0.003808487486398282,-0.005188067444876765,0.0017513536553008802,0.0020345879959309254,-0.011461318051575908
2024-01-12,0.01146467009826857,0.009164172353136602,-0.0006145901104067653,0.016084943433625654,-0.009665027734902298,-0.022004906191818385,0.06974494292003408,-0.006893364749655628,0.027732172951330902,-0.02348443473511741,-0.038461538461538436,0.004370673869834807,-0.0207106598984772,-0.012836438923395477
2024-01-16,0.024520009252833708,-0.0038524873159216932,0.0002460247578599528,-0.01011381817839141,0.007085557909354723,0.029166666666666563,-0.12466039025372477,0.042110125946789756,-0.009886887361439944,-0.007829977628635354,-0.04406779661016946,0.01856685137754055,0.01783122537839521,-0.023489932885906062
2024-01-17,0.0042899074283133665,0.0022098899080500445,0.0045493066378639035,-0.011549863975351626,-0.009026926835468574,-0.03265858597440119,-0.010344899593718315,-0.007548848705077993,-0.018183395396530688,-0.002818489289740711,0.0028368794326241176,0.005126753120098471,-0.01751884294153594,0.0008591065292096189
2024-01-18,0.0022482014388489624,0.02094824040248211,0.009914384556237277,0.007989613599849621,0.003348910652279935,0.004185267928417558,-0.06027869886918147,0.030872506589740167,0.006706300595118897,0.003957037874505298,0.03748231966053739,-0.002550301792378029,0.006427534729421591,0.0051502145922746045
2024-01-19,0.028039479587258942,-0.009044251517073332,0.017452366679547193,0.003913615629451028,0.011214968383594481,0.028896899341086524,-0.06599924788088585,0.023003418326241976,-0.004235261488605424,0.0033783783783782884,0.035446489434219464,0.0019886276507674605,-0.00020601565718991743,0.013236549957301502
2024-01-22,-0.003927558367881279,0.02424735990328819,0.01048248856226941,-0.0033061688486922813,-0.006073409629378412,0.038347320213713676,-0.03969834892061408,-0.00296986405305677,-0.018076250681950512,0.0005611672278338364,-0.003291639236339683,-0.004536428844216012,0.009066556769008915,0.0054782975136957734
2024-01-23,0.015115005476451282,-0.01090570113311573,-0.0027113444768239736,0.0019308358498222322,0.007040379138754105,0.003641076453795522,0.012815270143832658,0.010638297872340496,0.007715540592583503,0.0016825574873808868,-0.02179656538969621,-0.006835707043423844,0.012456606085358368,0.0
2024-01-24,0.03258523953387993,0.009681236583545472,0.009456301018758717,-0.004842578936733011,0.024271206815683177,-0.018139414642949436,0.07795917592809287,0.029894698293585487,0.018850162706218088,0.012877939529675198,-0.012153950033760963,0.01950101307729013,0.0006050826946348842,0.023889354568315202
2024-01-25,-0.03343782654127481,0.030230448570623958,0.004215463746127357,0.0014896469356133757,-0.004378611780549324,-0.013196094168758443,-0.026505086097452613,-0.01717081703457335,0.002329220204937421,-0.001105583195135429,-0.0034176349965823194,0.010689200457677739,-0.013908486192299896,0.0024559967253376946
2024-01-26,0.010162162162162147,0.008402294735658566,-0.016208014867355236,-4.9568934864074876e-05,-0.0038804466664635884,0.036908313816039984,0.054842391507959,-0.011231299812026196,-0.0023238075454502516,-0.01217487548422802,-0.002057613168724326,0.0011133012854882551,-0.011242845461978734,-0.01959983666802778
2024-01-29,0.012842465753424737,-0.01576725193245876,-0.0013037881565793885,0.004164965361157513,0.00584334478749704,-0.023729718641634867,-0.08185836740234154,-0.010096750799168608,0.016831524572191947,-0.013445378151260456,0.004123711340206171,0.00583817284809518,-0.01240438288195167,-0.011245314452311583
2024-01-30,0.015426880811496124,0.013545206200338944,0.006171334320947297,0.003110828056498649,0.008649676054211186,0.025099075297225992,-0.1658634960761951,0.01614956012229407,-0.0013397932697253312,0.017035775127768327,0.03216974674880224,0.004698677930110362,0.020514967552857533,0.020219039595619215
2024-01-31,0.0035379812695108814,-0.025314844878290943,0.0046001344098116626,0.008318928055008667,-0.0010239822901964013,0.0002577476894731756,0.01107366537531873,0.009201142398932438,-0.0024234974254054853,0.001116694584031297,0.01458885941644561,-0.017056367480349888,0.002871794871794897,-0.016928158546655636
2024-02-01,0.027789299046038884,-0.02676333315932078,0.015498411684896851,0.002245702926946258,-0.012812287870844763,0.000772965184877572,-0.023809502184254927,-0.023622035418508935,0.0034271208899558925,-0.002230897936419396,0.004575163398692794,0.01343407636120797,-0.015545101247698923,0.010499790004199872
2024-02-02,0.010694108151735326,-0.020861567622511346,0.007168490714482445,-0.008231867712646168,-0.008046696746912274,-0.011585994002871525,0.014146363191985145,0.014006788250699787,-0.018547296269306734,-0.010061486864169966,-0.03253090435914119,0.01822700536038191,-0.01225846665281527,-0.0029093931837074205
2024-02-05,0.035935316430425246,0.0069175430055929965,-0.0008035781693692678,-0.005107816187203462,-0.012953025707343246,-0.012763724861651338,0.0014430115374408636,-0.015069012649657765,-0.01612268735765887,0.0,-0.01143241425689312,-0.006780580614115572,0.0065208245687842226,-0.015839933305544007
2024-02-06,0.005974176141838594,0.007282203739850113,0.00574448523369453,0.004344201530455782,0.0027836569503090214,-0.006860174415608489,-0.03506241768575724,0.001274916210006749,0.0025968465167978128,-0.00903444381705254,0.02857142857142847,0.014473036850164211,0.002716823406478497,0.008047437526471857
2024-02-07,0.03639846743295028,0.007502429001149835,0.01062371824822339,0.0003440408807446893,-0.01189691366915313,0.013283740916784081,-0.020905950222616987,0.013582330308911983,-0.005135523284976906,-0.01025641025641022,0.011904761904761862,-0.0048452300883592425,-0.008753647353063831,0.0117647058823529
2024-02-08,0.07301293900184835,0.031952350268743546,0.007121026842153322,-0.0014740566391389098,-0.008561890370064607,-0.009963261284162694,-0.025419396096771574,0.004187620811730186,0.012882694034497044,-0.0023028209556706924,-0.009803921568627416,0.008926102392786017,0.003784693019343921,-0.022425249169435224
2024-02-09,0.014298018949181701,0.008134283747808446,0.030078567352099128,-0.00437944225843423,-0.005262388163474241,0.039724575629079606,-0.03651541493599697,0.0016680949245595489,-0.0016397365500649963,-0.009809578765147098,-0.009240924092409286,0.014477236637335134,-0.008378718056137435,0.014018691588784993
2024-02-12,-0.004755434782608647,0.0010411482934342686,-0.01361952513211373,-0.0025206828118271574,0.011530054096954068,-0.003565954851552533,-0.04277206067294581,-0.01915074867005717,0.008034435229054449,0.0034965034965035446,0.00799467021985345,-0.015591970142937228,0.008027038445289403,0.0012568077084205154
2024-02-13,0.02406143344709899,0.012350553825419386,0.010935578008600677,-0.012535887112236854,-0.0038889374159684076,-0.013292464327120945,-0.0446832555922001,-0.01103566361525965,-0.026993657681435357,0.0005807200929153211,0.009253139458030413,-0.013959743832581806,-0.005658005029337776,0.0
2024-02-14,-0.008665222462922895,-0.015795599249386005,0.021416158061186685,-0.0013046191751149294,-0.003634888328755692,-0.030828999731824847,-0.04736533002869281,0.0030043607066523315,0.010635350102393915,-0.015089959373186357,0.0006548788474132206,0.013885165874941263,-0.013277133825079002,-0.020083682008368187
2024-02-15,0.0020171457387796465,0.018136735395592574,0.012302030971194533,0.005928717514105619,0.015133088529866168,0.012028869090033645,-0.017402111686289135,-0.02353449399479013,0.02601770176056717,-0.015321154979375362,0.0006544502617800152,0.0005369667606103246,-0.00704826997009822,-0.03159692570452599
2024-02-16,-0.04277805737292406,0.014866124314449669,-0.008031221905255737,0.00469508242779515,0.02169574158967591,0.008188077267669236,0.01771030845196897,0.0113935246432455,0.023000982227910027,-0.0029922202274087484,0.002616088947024142,-0.016639800317072462,0.00860400086040003,-0.011463844797178102
2024-02-20,0.05134945671223279,-0.01275416220599035,-0.028550124925540876,0.007954262987819982,0.007425701211828617,0.003929787665782003,-0.020509628984231587,-0.014298090329155633,-0.014207017682625445,0.005402160864345751,-0.008480104370515384,-0.00791487228051857,0.0057581573896352545,0.03969669937555764
2024-02-21,0.03317219536589433,-0.003453525735641727,0.015462177815170453,-0.0025647108122688334,0.002069089778085953,0.035229643971687485,0.12500001891010326,0.0008791410006010469,-0.011036140317655319,-0.01850746268656711,-0.025657894736842102,0.003851532605850805,-0.015479219677692946,0.0008580008580008069
2024-02-22,-0.004678928686673078,0.008984686373241901,0.017278601517129122,-0.0012857130957182328,0.005936250275447419,-0.022687168447333095,-0.02312465230623917,0.002635022605892212,-0.003763530836137563,-0.012165450121654486,-0.019581363943281582,0.015072601034850308,-0.01119965539521861,0.0
2024-02-23,0.06370562489868692,-0.02696861379114235,0.007749505101732446,0.009357837733815932,-0.003976925853198976,-0.014702120267118923,-0.07448034006858939,-0.009198383056260973,0.00896114555202776,-0.015394088669950734,0.004132231404958775,0.004319650201332292,-0.012851230668699642,-0.016716673810544314
2024-02-26,0.04907040536421814,0.014250281052778702,0.01738124429131549,-0.004954368540613041,-0.014940774908293042,-0.004712009929237593,0.0349344932701785,0.023430537561148768,-0.01967868287731711,0.01813633520950586,0.028806584362139898,-0.017204284315123886,0.0026478375992939895,0.006538796861377483
2024-02-27,-0.018739105171411974,0.016628008315036746,0.043176621349001465,0.002711363076164597,0.0018305983570814366,0.0207785208912159,-0.026522018400768954,0.02980563911134193,0.00026648837527054603,0.0030712530712531105,-0.005333333333333301,-0.016137859147317135,-0.004181338028169002,0.015158077089649113
2024-02-28,-0.05551443375277576,-0.0041841234888125856,0.02302729225631972,-0.000491642084562427,-0.0009135955779983052,-0.0036073019182353283,0.16718264974126051,0.007130875637829659,-0.005017132093987242,0.012247397428046591,0.00536193029490617,-0.0025020892280673834,0.0024309392265193797,-0.025597269624573427
2024-02-29,0.020376175548589393,-0.003565046804596128,-0.014650258471925581,0.0062469017077595446,0.0018288619962290031,0.012929919426335923,-0.013262586888394656,-0.05955852942706852,0.01142349489254424,0.006049606775559546,0.006666666666666599,-0.0039018780791745256,-0.0050705467372134105,0.01138353765323985
2024-03-01,0.048540706605222805,0.02185023048550372,-0.039385585822727553,0.020139782057614797,0.005346184454089187,-0.01046720953725322,-0.013440847293478053,-0.06598758973217966,0.02135353589073663,-0.008418520745640423,0.001986754966887494,0.01958581184577657,0.013073343673831062,-0.030303030303030276
2024-03-04,0.033841195429241244,-0.01538080953055132,0.009020140475956673,0.014758757137097955,-0.0007782155553804904,0.018575803859843587,0.0441416723445367,-0.023233749055143416,0.027170614274201865,0.01273499090357788,-0.008592200925313986,-0.015093283693414339,0.0034995625546807574,0.006250000000000089
2024-03-05,-0.012328184781068452,-0.007492968680433476,-0.0034539207522625848,0.00746094781717388,-0.002076816460834685,-0.012158024167634562,0.021398751774218017,0.013106818095330874,-0.000672813860286392,-0.009580838323353325,-0.01733333333333331,-0.012538332978329403,-0.005448997384481236,-0.03149955634427681
2024-03-06,0.02869440459110484,0.012539932289246991,0.010601436612679427,0.007874407700082076,0.0068938569073004885,-0.0028205284705529188,-0.014307612106985501,0.027791082912450804,0.021419806438190525,0.010882708585247869,-0.013568521031207648,-0.009875803828539698,-0.00043830813061584983,-0.04489234997709579
2024-03-07,-0.01617852161785216,-0.002527447936105487,0.0014121382944354277,0.003580872900073251,0.012659869186094852,0.020056617209983862,-0.05754279931712669,-0.00792541120034207,0.004037635245967897,0.019138755980861344,0.0061898211829436445,-0.00598458488342779,0.014689761017320668,-0.0009592326139088447
2024-03-08,-0.00808052168982143,-0.011655874387282661,-0.04029008913358423,0.009545921064064045,-0.008802174022138676,-0.03503913281154203,-0.007150721527683479,-0.006109072552653583,-0.0012720613976834327,0.0005868544600939885,0.010936431989063466,0.004013743846367435,0.01166810717372524,0.011521843494959105
2024-03-11,0.047448906674288915,-0.0010255329940253022,-0.0023089968883472922,0.0017900955517011763,0.009652485128602839,0.015412812440457557,-0.02548476739691219,0.03782511389306453,0.007107868990331667,0.004692082111436902,0.021636240703177823,-0.0037121949290670475,-0.004698846646732147,0.020408163265306145
2024-03-12,0.09810342475098932,-0.0047478858608122065,0.0017884052462242561,-0.010126047036082442,0.0006373632344987001,0.0054025611525296835,-0.025582693873855478,-0.0027335476631200617,-0.012973192615528983,0.0017513134851139256,0.005294506949040434,0.003152783384232416,0.014592274678111528,-0.0037209302325581506
2024-03-13,-0.0017395626242544537,0.027849455003883472,-0.0034653136555902186,0.006943158988170106,0.03248403066263417,-0.01919140285125398,-0.03267210893475714,0.0018273602851839321,0.031619384224554015,-0.005827505827505797,0.0006583278472680476,0.006571415492466537,-0.0002115059221657889,-0.0060690943043884005
2024-03-14,-0.07829225790390837,0.019317622829230663,-0.014963099537549374,-0.005700056495539285,-0.003824699001306997,-0.0015652898644535895,0.050060352399342145,-0.007295934572985274,-0.00340554852837871,-0.009378663540445475,0.013157894736842035,-0.004541579605196744,-0.0008462026655383648,-0.0239549084077032
2024-03-15,0.08278190411883868,-0.002707374045281208,0.004920828711529213,-0.0026352062745608196,0.018702008444635654,-0.044421216247057305,-0.04939694548972251,0.016077187602672183,0.013106062813527108,0.03372781065088759,-0.050000000000000044,0.016253199309503863,0.014821088291340212,0.017324350336862304
2024-03-18,0.01920678473434778,0.02073050698662926,0.006706378933840407,0.0015759988257531,0.0004862869176296414,-0.005468963448838404,0.029003008395935614,0.0018082733571946896,-0.004325442713012606,-0.0017172295363480083,-0.01982228298017774,-0.0028057933735582408,-0.00876277905278533,0.02696310312204342
2024-03-19,-0.01774351443954969,0.009066731007401074,-0.013006274303719922,-0.002036331949451742,-0.013610458639809364,0.006598828198878914,0.024075167234258288,-0.023465724789903275,-0.005061532157954685,0.008027522935779796,-0.00557880055788007,-0.002251036268818285,-0.0018943380340981086,0.017964071856287456
2024-03-20,0.037000124579543936,-0.021444841132737036,-0.012427641720872407,0.0007419438294287151,-0.004927924565145236,-0.0035509923214240846,-0.025802728306984712,0.006007443243155608,-0.001241793641142519,-0.0011376564277588708,-0.009116409537166859,-0.001974046718316802,0.020244622522142652,-0.013574660633484115
2024-03-21,0.028231619413743303,-0.007468175906861663,0.0003254369624383635,0.011353631358614003,0.001981026166358868,0.01809212259968951,-0.009417323376071596,0.013321038221443482,-0.003369014233626122,0.003986332574031914,0.0007077140835103357,-0.01017238249675878,0.0020669698222406385,0.0032110091743118296
2024-03-22,0.044397710012851865,-0.005427438547706553,-0.007374474698268241,-0.0111344417956597,-0.0124799584639681,-0.004577225948816044,-0.014260207888821874,-0.00951945102251095,-0.006318221637909627,-0.003403289846852009,0.013437057991513512,-0.009705971008735381,-0.016089108910891103,0.014631915866483824
2024-03-25,0.0794272289965321,0.01637107453539266,0.005353412764169674,0.007738265333480765,0.0027527321927545145,0.00432776719802086,-0.026522018400768954,0.004576676417568093,0.002146501094300035,-0.0034149117814455954,0.008374040474528943,-0.017296007433656557,0.014046121593291439,0.00045065344749883884
2024-03-26,-0.002798217431858263,-0.004026775032933472,0.015105488695404068,0.0003678723607516421,-0.0027451754598913913,0.01292760158457984,-0.02476777809091235,0.02004549482530682,-0.01058803914778017,-0.011993146773272456,-0.01038062283737029,-0.01437376580444516,-0.00847632830266698,-0.02072072072072073
2024-03-27,0.0229681978798586,-0.003308064976415892,-0.02826257269609611,0.006894649442312106,-0.0008758720460723124,0.013826061167417025,0.09079365228339142,-0.008932508309191234,0.00579995096657937,-0.013294797687861237,-0.006993006993006978,-0.012797628711411102,-0.005421184320266836,0.007359705611775569
2024-03-28,-0.007822818246469576,0.022372461327128335,0.006720289004198854,0.012234001411838502,0.002755145347547394,-0.00944132101019668,0.026193222154136775,0.014871559971328718,0.006984807513086944,0.03573520796719398,0.005633802816901401,-0.013566384476423887,-0.0008385744234801207,0.023287671232876672
2024-04-01,0.03624820806881024,0.006492736893301654,0.015101826704868815,0.008613736131250604,0.01061571605731726,0.015620846454329484,0.04197390837964887,0.008880943673421182,0.0063313942174194615,-0.014705882352941124,-0.003501400560224077,-0.003973137630354895,-0.004825849769198531,-0.0058009817045961976
2024-04-02,-0.016897233201580986,0.017202275201952055,-0.02102204110315642,0.010954616588419341,0.005931825957501635,0.031021881405479235,0.013609132275133051,-0.017605617544854346,0.03406268996382589,-0.02066590126291623,-0.008432888264230498,-0.01319424066162933,-0.009909340080118123,-0.02109515260323158
2024-04-03,-0.042717861091566944,0.0032883003438559655,-0.020151902332993465,0.014772181487726632,0.030221047403820922,0.02958283743876433,-0.011278210411183709,-0.004480303890546877,0.044217904299650446,0.01230949589683461,-0.02409638554216864,0.026741312637809767,0.007027257240204365,0.01971572673085742
2024-04-04,-0.006509869802603929,0.013578321767190316,-0.02067884803177833,-0.0024406615036484114,0.012759403176806794,0.015471482328359265,-0.03639321764528036,0.006300688628416262,0.0072369529423923495,0.00810654313839021,-0.023238925199709493,-0.018776466483633625,-0.0019031507718333396,0.0004496402877698369
2024-04-05,0.03519340519974645,0.003695661597790334,-0.010213442688572716,0.016121942308871873,-0.0016484091504225251,0.027811366384522307,0.006200630035189558,-0.016547443163400732,0.00957996443363962,-0.0022975301550832716,-0.014869888475836479,-0.0024691922002160194,0.004237288135593209,0.01977528089887648
2024-04-08,0.010209290454313402,-0.005522993173487367,0.004637698850769922,0.0025798684808746586,0.008845360119745127,-0.006588206571691124,0.033053230454935356,-0.018190069244822693,0.011386871496421591,0.0028785261945882823,-0.00452830188679243,-0.002784658212800162,-0.002953586497890348,-0.002644336712207984
2024-04-09,0.031227892875189456,-0.01388403267389926,-0.007039822269009233,0.005060706383852809,0.0021042376965809684,0.011605859201353041,0.015184380376418227,-0.004631791605510527,0.006459326471641047,-0.009758897818599288,0.0,0.03102699392500874,-0.0059246720270842435,-0.014140521431727837
2024-04-10,0.02028616228929825,0.011498248139624634,-0.008484464774126343,-0.00593125766748448,-0.0009332035214748569,0.0051509755514260736,0.0069444506355726965,-0.0013960301053994595,0.002509759167750092,0.006956521739130528,0.02426080363912053,0.032199810700094034,-0.008301404853129024,0.0013446884805019543
2024-04-11,-0.0036499855921621194,-0.013803531539772207,-0.022740532968357763,0.010817286278974603,-0.007006120820645445,0.026554914368085658,-0.0641909458362313,-0.02842491747561593,0.007689286834710707,-0.012665515256188864,0.02960769800148033,-0.016326459797371684,-0.004722043356943595,-0.012085944494180878
2024-04-12,0.05919213342331053,0.007527723409939346,-0.00899604144526367,0.000594488837575291,0.0012935834448233319,0.019514352956036207,0.0034013166408797257,-0.01918463363126699,0.002803753691273947,0.01574344023323615,0.01078360891444996,0.02133957825098065,0.012723743799870624,0.0077027639329405595
2024-04-15,0.0012742331846729016,-0.0029185149347662476,0.003752088456648872,0.00407439854647107,0.028537876772739335,0.030714486279723063,-0.044632766687347614,-0.021026909004084215,0.0140152157214406,-0.009184845005740572,0.017780938833570348,0.06384215964563822,-0.013415672913117516,-0.007643884892086339
2024-04-16,-0.06890282701572581,-0.0005854472498986185,-0.019775707025363243,0.010567249760766284,-0.01678468903064423,0.022457339147950117,0.024246013573645087,-0.01948058382015816,-0.011622571169416895,-0.0011587485515642815,-0.0328441649196366,0.0019094297631090384,-0.011439671918843097,-0.0036248300860897142
2024-04-17,0.009469881870545649,-0.03127926604796116,-0.021281871539543085,-0.007988998354593546,0.008593700854375275,0.0473072732766302,-0.011547333142956417,-0.015792128333961486,0.0009887660549878774,-0.0017401392111369152,0.009393063583815087,0.025319910611661278,0.003930131004366899,-0.023192360163710735
2024-04-18,0.09390715667311422,0.00048374548731788813,-0.018350919171376434,0.004469409231556698,0.02256754588809362,-0.032667840066226694,0.026285021471250225,0.0139751791940248,-0.0005997388683270932,-0.00813480534572919,0.015748031496062964,0.009824719420708838,-0.013266637668551517,-0.0004655493482309536
2024-04-19,0.05012819379365219,0.004955832419659689,0.007554468358673017,0.006758113245871167,0.013849808690624688,0.006462321257143522,-0.002845757153371653,0.007146472106073221,0.016908471303422212,0.01581722319859402,0.01127554615926707,-0.0007888188340727798,0.014326647564469885,0.02515137401024692
2024-04-22,-0.05994275130493354,-0.003488103411791066,0.01715590840305703,-0.027601715254901182,-0.00033310815433929,-0.0403893962158961,0.022260293895810745,0.0035478812188702857,-0.05536660613178679,0.014417531718569743,0.010452961672473782,-0.0018420972322162887,0.009126466753585305,0.036347114947751
2024-04-23,-0.05212251477700158,0.00615572897553851,0.0022488793492863035,-0.0019295086588689836,-0.0022220260932316327,-0.030865504359475326,0.011725308518099498,0.005555586595461515,0.004336164089319583,0.007390562819783897,0.013103448275862073,0.012127579245231113,0.005598621877691556,0.02586584831214389
2024-04-24,0.04336734693877542,-0.006597925236693336,-0.008850649135734745,-0.0013747266567858407,-0.005233262622752033,0.017594641194842664,-0.08774836419463539,0.004520349235441534,-0.0002561183140994405,-0.011851015801354392,-0.000680735194009574,0.0002605401508073424,-0.0012847965738758127,0.01623931623931618
2024-04-25,-0.004980530652902271,0.009177661618607225,0.000880388541611099,0.0022800812338674703,0.02316988788829355,0.015320639294177596,-0.009074401525013487,-0.026000022888183594,0.0006587486985751845,0.007424328954882986,0.0,-0.005989670515470835,-0.002787307032590003,0.013036164844407061
2024-04-26,-0.023571168547506405,0.00335047002895017,-0.0022618786257119217,0.002146106916992796,-0.000328220048903316,-0.0058201804806568,-0.014652044242802642,-0.0041067723606769135,-0.0036939446875853266,-0.0022675736961451642,0.018392370572207106,-0.014409202605307425,-0.00279509782842402,0.0016604400166044808
2024-04-29,-0.0695311771833349,-0.014549806116927466,0.007808502585298083,0.004539940591891556,0.019697998943214445,0.01279270108482966,0.25774474483856635,0.041237173203088284,0.004845636109294338,-0.0017045454545454586,-0.006688963210702337,0.015417380316911977,0.0010780508840018133,-0.02154993783671777
2024-04-30,0.015025543423820453,-0.008471462804184426,-0.026243421172438386,-0.02302379220960915,-0.020283336869440727,-0.055234463655368105,-0.019211781119526705,-0.024257507918801324,-0.03587471130734532,0.0005691519635742104,-0.0006734006734007147,-0.010994816106130845,-0.013138057290544958,-0.008894536213468918
2024-05-01,-0.09375308398302573,-0.035762239646796146,-0.027079063910867673,0.0037095227207202264,-0.002629003024304133,-0.007251261676794685,-0.029633356901765606,-0.02486046645756468,0.003713370845268793,0.008532423208191142,0.02156334231805923,0.004235041095337122,0.008948057616761318,-0.005982905982905962
2024-05-02,-0.0762278122617881,-0.0006329500222508333,-0.011739868332808712,-0.00030433984155642246,-0.012850041959577174,-0.04747778594103047,0.05331265146814079,0.0015609098708271318,0.003548637605564231,0.01974055273547659,0.0237467018469657,-0.04217181159818828,0.029634436513086726,0.008598452278589797
2024-05-03,0.00259342213839453,-0.01063959937124892,0.032568105993596275,-8.696554285025915e-05,0.017690297976540315,-0.013179966836540324,0.05257978850222633,0.0015584772283381287,-0.0051913059974680875,-0.011061946902654829,0.020618556701030855,0.03137037382668395,0.009873949579831898,0.03324808184143224
2024-05-06,0.007760141093474449,0.004736944612608207,-0.010341301001111525,0.009830403504240914,0.013337677536732429,-0.025254964071812824,0.02474321862193829,0.01037338425663803,0.034940434752880556,0.02237136465324374,-0.0018939393939394478,-0.017876152004492107,0.027459954233409523,0.043316831683168244
2024-05-07,0.11923929529809829,-0.0012742877069052971,0.005747158508847994,-0.002756782484130804,-0.0019419191869826102,-0.008470338685060308,0.005467008787381378,0.02412737329300607,-0.002411486937494489,-0.007111597374179435,0.0044275774826059155,-0.005976669722776884,-0.002024701356549863,-0.011862396204033177
2024-05-08,0.00250182424684664,0.007782605661228903,0.039740228033685154,-0.0006910217473075075,-0.01372833241429694,0.00628140703517599,-0.009062066502470767,-0.017543878099489207,0.00212432940134355,-0.018181818181818188,-0.0018891687657430767,0.0010932198786699487,-0.01582471089470483,-0.014005602240896309
2024-05-09,0.006342934387022936,0.0034182083778075967,-0.018236311878527367,0.007996196066356154,0.009973757231342528,0.017228449179736316,0.05212623691218843,-0.0010204314986942409,0.0281787912257363,-0.006172839506172867,-0.003154574132492094,0.020201961293789372,-0.01649144506287359,0.006087662337662447
2024-05-10,0.020252118206240954,-0.01261670417673244,-0.016412225707002737,0.01509367081080737,0.018665211989947306,0.0034364111866926894,-0.021295098773258192,-0.014300341559578045,0.005083166827917651,0.02936194240542056,0.0113924050632912,0.030505737817288825,0.010270383567386299,0.041952400161355374
2024-05-13,-0.17470123556815875,0.010989018488071656,0.004139176108260534,-0.013179550765995973,0.023649741140465252,-0.01956947220862315,0.05728239038542182,-0.03471503123209385,-0.0019097771130708319,0.0060340098738342896,0.03566958698372957,-0.028563970970261532,0.0004149377593360981,0.03794037940379402
2024-05-14,0.0738740949809793,-0.013903008914684878,-0.038644855160907654,0.007405420985537647,0.03101252738377136,0.012225610187876601,-0.015539664099169292,0.012882538340217575,0.00935473344970772,-0.01035986913849507,-0.007250755287009025,0.0005346286513030485,-0.005391953546246331,-0.019768743006340905
2024-05-15,0.035995886184436054,0.007818516234270767,0.010451647291943145,0.014999596453186603,0.0032300941776288727,-0.007887631527598415,0.030716631902377722,-0.01165878171270196,0.03612425159082977,0.019283746556473913,-0.03164942178940966,0.021106088941658552,0.012093411175980062,0.013318112633181167
2024-05-16,-0.1845356276196779,0.00763075320455453,0.011006420386599158,-0.0036421280821004043,-0.015595103224520734,-0.008447189804930089,0.03269867541499738,-0.01715816093134248,0.005116249131760231,-0.011891891891891881,-0.029541169076052753,-0.0005232981979298446,0.002266172229089314,-0.0037551633496056835
2024-05-17,-0.006086838901663727,0.01047575623493291,-0.004590746116579059,0.013529391248686906,0.0337285272204606,0.043096921639715235,0.05250502924665068,-0.010911116408723665,0.04658688443724435,-0.009846827133479175,-0.05440414507772018,-0.018062890775532914,0.009660842754367849,-0.018092725216735772
2024-05-20,-0.017964071856287456,-0.0032474958126954556,0.0018447673049728497,0.008995917258572517,0.006031230805584098,0.005524906024476417,0.047600915251362785,0.030336523434561613,0.03729831909799808,0.017679558011049812,0.00205479452054802,0.005065381229227617,0.016286644951140072,0.05758157389635321
2024-05-21,0.024667405764966732,-0.0067669285072220475,0.004603426012633305,-0.005012511467758718,0.006191619082146271,0.03774483411990581,-0.029080307456842425,-0.006424027691270928,-0.010464268945084898,-0.005428881650380024,-0.01025290498974707,-0.01379311531141536,-0.009415064102564097,0.012704174228675091
2024-05-22,0.019204760616716277,-0.021322260861178277,0.03927729913430644,-0.013420324835978548,-0.04913071532746904,0.014963167797716226,0.0640209672671197,-0.0177801688147462,-0.017980417775665725,0.007096069868995691,0.011740331491712608,0.008606769558839211,0.008088978766430666,-0.006451612903225823
2024-05-23,0.07603503184713367,-0.009024067951477588,0.029478509048252777,-0.022685397739645285,-0.010477584636271908,-0.021773658962149,-0.06509498321003016,0.0016456767635129044,-0.03230546979072435,0.005962059620596261,0.00887372013651877,-0.014133300781249969,-0.0056168505516549505,0.00721500721500723
2024-05-24,0.022814157109384725,0.01105760951932444,-0.01468434360880444,-0.0010706638115631772,-0.007889568221074228,0.012056601795053412,-0.05156194225801858,0.008214655895404599,0.0015189382636022764,0.001616379310344751,0.01691474966170503,-0.007844222503431864,0.007060722211014836,-0.0010744985673352137
2024-05-28,0.05859657583795519,0.027148746490105458,0.023720861174102437,0.009732026225884205,0.020299282294478305,0.05819013492894465,0.02777775149707007,0.017381841253475194,0.05410487147406973,-0.00484131253362019,0.003326679973386648,-0.013631406647765076,-0.014823717948717952,0.004302617425600674
2024-05-29,0.06025056947608198,-0.007515952152811867,-0.016134924495095238,-0.006326385297492965,-0.0143575364082833,-0.006494912404507058,-0.03745169377074831,-0.020288263216969082,0.007256527438352922,-0.015675675675675627,0.019893899204244114,-0.013819789822623996,-0.012606750711671388,-0.010710460549803624
2024-05-30,-0.005585992050703648,-0.016660351368124715,-0.041183679417163166,0.0011109060639156176,-0.027780688447472612,0.015471793850398763,0.03168872652155619,-0.008719337552367645,-0.02530815914998452,-0.014277869302581014,0.0032509752925877766,-0.0005605509414967624,-0.0035008237232290185,-0.01696138578130635
2024-05-31,0.007993950523927928,-0.011808570852208544,-0.02070473979065668,-0.008536429567474357,-0.013270504865637411,-0.04570812831109172,0.00583198535375784,0.006047207244275654,-0.03475849325537028,-0.005571030640668551,0.004536616979909258,-0.00897363141316565,-0.003926431080801818,-0.0036710719530103075
2024-06-03,0.047583324402529215,-0.035978655928368686,-0.03939592829791971,0.010202848296901212,0.014533603106619886,0.018889124501695997,0.06532669337102326,0.026229588502543644,0.01135425463320705,-0.006162464985994376,-0.032903225806451664,-0.009620830535366998,-0.017012448132780134,-0.008474576271186418
2024-06-04,-0.022301790281329947,-0.013069269802606143,0.004511303132891165,-0.00899177396153883,-0.027581822890222485,0.032443128429565204,-0.06168362616313405,0.004259846686956781,-0.03762931528980695,-0.0022547914317925244,-0.024683122081387565,0.004285757882254382,-0.004643309413254526,-0.021553325901152
2024-06-05,-0.015590666527152908,0.011194535082924562,0.013064766475436862,0.012298472438722952,0.015721262880396436,-0.008336883279719931,0.06612529237622922,0.01431593540176479,0.015599534417557903,-0.007344632768361614,-0.035567715458276306,-0.009103831605487223,-0.001484308736217188,-0.01747056589441698
2024-06-06,0.04931972789115657,0.019981144363863335,0.01343363738854153,0.006881589779467623,0.015477827047106985,0.009700366585915887,0.023213685313069554,0.004704660561223095,0.0433751765848307,0.02902675014228806,0.018439716312056653,0.0485213476274402,0.019324697387980372,-0.01120989563200614
2024-06-07,0.006179092382496032,-0.0002647818881917896,-0.02120898796044368,-0.027464918497738466,-0.04188868581605121,-0.04013660981627487,0.03438492741629329,-0.011446374672949733,-0.061189895734008126,-0.007190265486725633,-0.03064066852367686,-0.004928814428246109,-0.017291666666666705,-0.018764659890539437
2024-06-10,-0.02476593174267594,0.029259885081295955,-0.027491859154591958,0.0010845046212710763,0.013794592415377283,-0.015124595681124675,-0.004112434542129728,-0.019473728380705158,0.014794614924277028,0.006685236768802172,-0.04166666666666663,-0.024766139848648727,0.00763196947212208,-0.031872509960159334
2024-06-11,0.0230205429957675,0.0020581896900713215,0.012811667311214636,-8.664522082846293e-05,-0.0073521770784747975,-0.003839163812822788,0.07673780362988603,0.008588393020311669,-0.021364496583668013,-0.004980630879911407,0.0014992503748125774,-0.009875803828539698,-0.008626130864716974,0.031275720164609
2024-06-12,0.06347124117053471,0.007702162546450841,-0.01361206445028551,0.012351029252437806,0.012933958208273033,0.0172296667385039,-0.02684559718445101,0.016498108080783114,0.03580136600026118,0.010567296996663034,-0.009730538922155696,0.03875749798910344,-0.0006366723259761953,-0.015163607342378316
2024-06-13,0.025714014612391978,0.0015286974086883287,-0.005436289395896354,-0.015325363368204226,-0.0161518893117496,0.007577432146169905,-0.02824300936386015,0.025654437766061466,-0.039302783688554,0.00935608145294431,-0.006802721088435382,0.017558281927367192,0.010405606285835534,0.004862236628849326
2024-06-14,-0.047733580018501365,-0.0021623733452137417,-0.0053258200636934205,0.013564016969907167,0.009650570147001325,-0.008405260471677112,-0.02636027906333649,-0.008167424510763577,0.014211819916549073,-0.018538713195201728,-0.0015220700152207556,-0.019412273328148988,-0.008196721311475419,-0.011693548387096797
2024-06-17,-0.06168641927336316,0.02396437165004417,-0.01451315713090906,-0.008149610017955,-0.006482093355932861,0.013383895077799801,-0.03228043519458712,-0.02316010066245766,-0.002618858009242331,-0.01388888888888884,-0.03201219512195119,-0.02749518914951965,-0.018648018648018683,-0.03467972256221952
2024-06-18,0.02888497774096699,0.015436298213678867,0.015584734055504201,0.0077841207231310605,0.008957135066665955,-0.0037419804867523387,0.04340021823679718,-0.0031611942776323954,0.006138052622137735,0.014084507042253502,0.03385826771653533,0.026858942370028283,0.014035845389764656,-0.01606086221470837
2024-06-20,-0.03421211511370492,0.007355626779034674,-0.002534144843998609,0.010041257923518065,0.012275369394641578,0.017454692421452478,-0.05775180043323502,-0.0015856599642987135,0.0430774426232603,-0.022777777777777786,-0.027418126428027434,-0.009085848544333808,-0.01597103918228282,-0.01589347079037806
2024-06-21,-0.0628255886643051,-0.017524581283925866,-0.037544052081898704,-0.015889262345370136,-0.026851466362019516,-0.016069476431019303,-0.01313389791248476,0.004235041095337122,-0.039088872867611646,-0.010801591813530464,-0.03837118245888804,0.011392048577130609,0.004544470893745878,-0.01964207769532955
2024-06-24,-0.11306281267370766,0.011148195950211992,0.045461187316789387,0.005871221822488115,0.00734312253643421,0.05054070533658872,0.03918676081424399,0.023194546651768455,-0.0028404163905957347,-0.0034482758620689724,0.004885993485342022,0.017307616126611025,0.012710038776389432,-0.016028495102404228
2024-06-25,-0.001378791677112079,-0.009800262762226009,0.01837561427648149,-0.005751031048819688,-0.03225091894115817,-0.02857144139394041,-0.019566013742442934,-0.01597112150331703,-0.022109953547468586,-0.018454440599769306,-0.012155591572123203,0.005131040984869717,-0.0102105934907466,-0.019457013574660675
2024-06-26,-0.021338019329735114,0.000866011298261915,0.0013773894796531572,-0.007511070426863498,-0.0030815369764300993,-0.020977469328480658,-0.046444128821466535,0.007329810829965311,0.0024968097862720917,-0.01292596944770863,-0.033634126333059844,-0.04352505893204883,-0.00042983021706421987,-0.0009229349330872605
2024-06-27,-0.051301782736950075,0.010383143659421501,-0.009353512155714339,0.011003848888927692,-0.00892960180083413,0.008394052773364802,0.021689467786774275,0.0457381017974976,0.00031128267066016235,-0.014880952380952328,0.032258064516129004,-0.058707871971039105,-0.009030316061062083,0.03418013856812929
2024-06-28,0.04488306070028392,-0.0024467452100440656,-0.030685909295795843,0.0013766191318025367,0.014323732842509207,0.003066799335124548,-0.03128486927291474,0.00944327131132594,0.011031200367249472,-0.039879154078549806,0.01891447368421062,0.012533631891371577,-0.0015187676285528529,-0.011165698972755655
2024-07-01,-0.048777332125760076,0.02256556680440558,0.0037244255167354634,-4.289793260281449e-05,0.00819947030403112,-0.009827473378427931,-0.04728955848565253,-0.00393894267896,0.0021547944862312374,0.0025173064820642743,0.020177562550443895,-0.0005894623514229869,0.007822685788787531,0.028455284552845628
2024-07-02,0.057263329706202404,-0.00683616830895073,-0.010560837262629463,-0.0019763264578318562,0.0006777949859759769,0.010586718957130703,-0.017352697386872618,0.018784037405530585,0.0018089216787948725,0.009416195856873921,-0.004746835443038,-0.002064278830409938,0.004743423889607579,-0.013614404918752765
2024-07-03,0.004888717354946559,0.01292114148496526,-0.009375472504138282,0.015841605177841167,0.02517209251254271,-0.013749493982336047,-0.0069815032218331075,-0.0038816070517666557,0.040711329974230326,0.003731343283582156,-0.010333863275039712,0.0005910300730935791,0.009871244635193177,-0.012466607301869992
2024-07-05,-0.011522212264754805,-0.00858361486509529,-0.019947622895959527,0.012162026687865923,0.025875425685593978,0.019252074185741597,-0.04094291886461876,-0.018996652895913457,0.027497713217136566,0.019206939281288804,0.01927710843373487,0.0002952841510033277,0.010199745006374883,0.032010820559062125
2024-07-08,-0.0036264732547597323,-0.009980781559691843,0.00014859807745137843,-0.013941824922807156,-0.00783513482612308,0.02561873129961878,0.020267326959671594,-0.0004965357092798772,-0.024531682355846574,-0.03768996960486326,-0.014972419227738398,0.007676473115731497,-0.01198990323937732,-0.033639143730886834
2024-07-09,0.04289613934745873,-0.011174518990454962,-0.005347602673552054,0.002080564956676856,-0.009519720186769165,0.06689247779804175,-0.009298324832323512,-0.025335238092169976,0.0050296991462468466,0.01137081490840175,-0.013599999999999945,0.0023439207106312754,-0.010857994464551823,0.0022603978300181904
2024-07-10,0.021687648011965655,0.008475553138107328,0.03539430673516253,0.005126839123324123,0.006443863518333259,-0.025000012110150016,-0.0063993618844994105,0.009683925513858771,-0.0014623708966311488,0.007495315427857641,0.005677210056772131,0.005846266246473775,-0.017434352130865305,-0.019395579612088376
2024-07-11,0.029766987922410726,0.006333791499701924,-0.0038944795230049234,0.01804234453633713,-0.0214867011334805,0.0042735167472509605,-0.026191545220603185,-0.019182189349368772,0.02170728780753728,0.008679479231246123,0.048387096774193505,0.020052270554162144,0.00131434830230015,0.019779208831646633
2024-07-12,0.009714488804644095,-0.004962522978448347,-0.002027213938570638,-0.00041407867494824835,0.019962221087021614,0.014994921776057435,0.026895992833145588,-0.011837341154084302,-0.016181417937619846,-0.01659496004917027,0.006153846153846176,0.1139601189142263,-0.00721942682126453,-0.02931889941362198
2024-07-15,-0.007039774727208736,-0.003649135454374952,0.028148614233138414,0.003686786389291541,-0.015113618111123328,-0.025154733992908684,-0.07342207131592104,0.029166637692187747,-0.006928666605447442,-0.02375000000000005,-0.02828746177370034,-0.24808182184485006,-0.04980167474658437,-0.010223048327137496
2024-07-16,-0.016897081413210446,-0.014039817781266728,-0.006915013541475279,0.016302778320222977,-0.01876794917162039,0.0051198035275397125,0.013901747681108523,-0.007084989272611919,0.017051343072634673,0.013444302176696565,-0.01809598741148699,-0.02006803266133461,0.011595547309833032,-0.00328638497652578
2024-07-17,-0.0669471153846154,0.025879102062987824,0.010657950415334128,-0.0030863603870319167,-0.010125923000237291,0.007946260209989342,-0.06992681922477562,-0.013251794992889199,-0.033915710047297654,0.005685407454200986,0.04086538461538458,0.0017355482588012894,0.0061898211829436445,0.01601507300989158
2024-07-18,0.03928893469019701,-0.0003620854538246565,0.0035151854660468995,-0.001222095462085404,-0.03023422795308417,-0.01596932326485645,0.04422600018347089,-0.02169421813289496,-0.004711759468881471,-0.016959798994974906,0.01770592763664358,-0.009702033289114897,0.0011392116655275508,-0.007417709782104764
2024-07-19,-0.04697570649479421,-0.03248010687416558,-0.01947596099420079,-0.02296274072391602,-0.01101733089661261,-0.021363997858002026,0.0014117745792163738,-0.014783562764003833,-0.030238422069819415,-0.00191693290734829,0.018910741301058964,-0.0034989636716821204,-0.001137915339098794,0.014012143858010306
2024-07-22,0.09220965014956439,-0.004367883266165551,0.002143382241914571,-0.001461072844917588,-0.009125345675870089,0.020361067026249735,0.057800707390606165,-0.019292637368455767,0.0012376652315870817,0.024967989756722098,0.025241276911655453,0.02528094214451615,0.01868307131465019,0.009672961768770083
2024-07-23,-0.013336508692545879,-0.035347201528862615,-0.029944368406755406,0.005267599354619623,-0.008252630503160385,-0.0162517872809943,-0.028431760702727904,-0.007650240190443025,0.00027466762859273963,0.0056214865708932304,-0.012309920347574277,0.008904051874655927,-0.0002236636099306466,-0.009580291970802901
2024-07-24,-0.007120444122616476,0.00818603509501692,-0.014993336195337603,0.0036180449216294264,-0.011336211378029537,-0.03324973652902952,-0.0320072849030022,-0.013766519939460542,-0.0005492498866341844,0.0031055900621117516,-0.024193548387096753,0.00407334836940465,-0.005816554809843444,0.007830492860432914
2024-07-25,-0.051294518050322147,0.00889293045460926,0.00298458352285369,-0.02544240054782676,0.003293538350434222,0.015358006253496148,-0.03589995745180219,0.04187604725794403,-0.0449581003656101,0.005572755417956765,-0.01126972201352372,0.01487493357648706,0.004500450045004545,-0.016910420475319876
2024-07-26,0.029852658552210087,-0.014307551541297592,-0.01696175279240275,0.011947828914082192,-0.001945379566998251,-0.018960362190475588,-0.017148382807040785,-0.012861724173671374,0.001906045431760317,-0.02832512315270941,-0.020516717325227973,0.01498996831209043,-0.034498207885304666,-0.02649930264993028
2024-07-29,-0.04005971634735006,-0.017496190246794496,0.02179510289174491,-0.0011344332654936728,-0.010354494084407584,0.0006514392898344656,-0.04935199115165201,0.03203040988839101,-0.005635373005088651,0.004435994930291454,0.003103180760279267,-0.0016409333176005125,-0.021113689095127564,0.014326647564469885
2024-07-30,0.05443234836702948,-0.014246065643590433,0.009480067684740412,0.011651853196036122,0.0002462837045060784,0.0017361508935331837,0.11484005669786512,0.005786460232885204,0.023896353365210787,-0.018927444794952675,0.008507347254447017,0.001643630405494756,-0.026072529035316427,-0.013182674199623379
2024-07-31,-0.005408062930186808,0.04255319366154864,-0.0024944705082766694,0.008939708939708968,0.02387389623587377,-0.0069324353655091375,-0.04233298082670467,-0.00941424148928005,0.014560201309504306,-0.015434083601286175,0.0007668711656441118,0.000984597549116506,0.0012168410805548646,0.006202290076335881
2024-08-01,-0.0654967869500741,-0.02053659386867379,-0.016181318758399676,0.0035029878425716365,-0.022475880750358335,-0.008507840201597117,-0.03339880085760427,-0.02323128414206821,-0.015532716152481862,-0.0019595035924232507,-0.011494252873563204,-0.011803298700051257,-0.006319883325230924,0.009009009009008917
2024-08-02,-0.005554086220576515,-0.03656140747986625,0.004485691747579734,-0.0038193219006673607,0.004303436100247415,0.014301430143014215,-0.0005081538122045925,-0.021621601001636348,-0.0030002148300314335,0.011780104712041828,0.010077519379845024,-0.008294625250916954,0.007093933463796498,0.013157894736842035
2024-08-05,0.05066489361702131,-0.007888931285946366,-0.009377750082704805,-0.00989405140087729,-0.0244858326009727,-0.02082430825057624,-0.012709698048385731,-0.0011049976432125908,-0.04142179651225175,0.010996119016817518,-0.007674597083653145,0.02208095887886441,0.014573718727228568,0.0009276437847867136
2024-08-06,0.040754334894317124,0.0035644981921243435,-0.005259295078370085,-0.005246222996955541,0.006902588954098343,0.04541426733980214,0.035015426307942965,-0.011614993659226247,0.0007386784460730045,-0.0051183621241203126,0.021655065738592327,-0.004909971269272839,-0.015082595163993351,0.006950880444856367
2024-08-07,0.04414447282013856,0.02773232914376722,0.004078614575647732,0.0005859538263479624,-0.018446936040343642,0.043865252118591824,0.050746267948559964,0.015109039604646268,-0.009816974501390519,-0.014147909967845651,-0.004542013626040897,-0.002960531372277808,-0.008021390374331583,-0.009203865623561902
2024-08-08,-0.0475192173305381,0.012760853936399252,-0.010230183431439221,0.01326080366947302,0.0019047449505518177,-0.0040600892716589065,0.007102322436294717,0.02370453801785466,0.024972049131537943,-0.010437051532941943,0.003041825095057016,-0.010557561876033184,-0.010291595197255532,-0.0013934045517881577
2024-08-09,0.11249694301785285,0.008531222938130911,0.019759772066767933,0.004087254018639186,0.008872011767543597,-0.04586220896877147,0.00752223474533098,-0.0048465349524466905,-0.00047274502840910504,-0.0065919578114700395,-0.023502653525398043,-0.010670213313318966,0.018073780638772075,0.009302325581395321
2024-08-12,-0.04033853594196524,0.0419052755617495,0.017886490432836633,0.012458288504120008,0.018844173091887573,0.02905363368123548,0.021465238558216138,-0.010281311223776846,0.015643770248275235,0.01725282017252816,-0.005434782608695676,-0.02022245972116199,-0.015564202334630295,-0.010599078341013812
2024-08-13,0.015004008704615712,-0.021358969980247,-0.01742572009741583,0.0017462837064086134,-0.004685586734918812,-0.03383852584072855,-0.018729964097798035,0.005467384861429947,-0.007952148279771976,-0.014350945857795172,0.007025761124121788,0.017543867706769856,-0.022727272727272707,-0.014904517931998096
2024-08-14,-0.003272399006996163,-0.017485579372921167,-0.013710852307994181,-0.011067438021862053,-0.002725391521017251,0.018478741332834003,0.03305404986921934,-0.022838504090998524,-0.015923451511127062,0.008603573792190566,-0.005426356589147252,0.012846489578996367,-0.009352881698685533,0.01134751773049647
2024-08-15,-0.039397713121249844,0.01532866008987388,0.002417588878468546,0.005616215405820579,0.028322941837596538,0.012236261166600704,-0.009914408915887463,-0.005008355928038721,0.03992072192873586,-0.015748031496062964,-0.0077942322681215925,-0.018357785509599545,-0.028833886195458014,-0.012155212716222552
2024-08-16,0.017913965822038858,-0.01931937135978523,0.00180890493226471,0.018547958986048663,-0.002778420370612711,0.023134652742645034,-0.03368234832205197,0.008389347478720666,0.015383559329904317,-0.01200000000000001,0.003927729772191579,-0.008840538260142639,-0.013399894902785037,0.003312825366777128
2024-08-19,0.06205858515688312,-0.029745580351059675,0.02287096439060976,0.001280697609383985,0.009448827084581168,0.0018333548740563366,0.052755531552729495,-0.0005546438436490053,0.016053926442010757,0.020242914979757165,0.00391236306729259,0.021612386839098052,0.018641810918774926,-0.0033018867924528017
2024-08-20,0.03412187942875833,-0.004437297550992092,0.012062366200818797,0.0037972658943907778,-0.004080210726197908,0.014436775680654268,-0.016554784165037306,-0.024972294756273272,0.0073529464524912935,-0.007936507936507908,0.030397505845674244,0.004701121102096417,0.0010457516339870132,0.008991954566966331
2024-08-21,0.010120177103099204,-0.028498117021350078,0.013226685935322724,-0.0011548387002693339,0.007711788329572533,0.0,-0.009554098673620337,0.004553211445394778,0.0007129488542407802,0.0013333333333334085,-0.010590015128593033,-0.011363641434522509,0.006006790284669661,-0.024859287054408985
2024-08-22,0.011166771029012645,0.0150146229177337,-0.0017214567229676403,-0.011760485229024398,-0.009685558875619948,-0.010623347079191214,-0.056959150147848026,0.011331488230145847,-0.015945152531918638,-0.010652463382157085,-0.01758409785932724,0.008451656546477615,-0.02258566978193144,-0.01683501683501687
2024-08-23,0.013623696975952004,0.024928087132886967,0.024428864306623055,0.011900440179980043,0.012919627659366162,0.01782817602138209,-0.015099804828899499,0.03025204462960618,0.026890945505960273,-0.010094212651413192,0.011673151750972721,0.0060342040105985095,0.011420982735723673,-0.017123287671232834
2024-08-26,0.006007534874248988,0.03461173693057118,-0.009959308112703513,0.003707562266860087,0.004052973772307622,0.009753172683147016,-0.03264099976382173,0.03534538050310032,0.006412408152894233,-0.015635622025832796,-0.012307692307692353,0.005664780906277311,0.00814075630252109,-0.008461921353907442
2024-08-27,-0.009615384615384581,-0.0244122892579266,-0.007934332296119062,-0.0006752000654739465,0.004511469226766485,0.022669032676368106,-0.026584829935086374,0.02941173524239149,-0.0008673005916490784,0.014502762430939287,0.009345794392523255,0.015241851551398788,0.008075019536337491,0.02058232931726911
2024-08-28,-0.005620848237097631,-0.013372198498000198,-0.018280474730979934,-0.0059618441971383,-0.020210432774924958,0.004047873304753757,0.013655411281430885,-0.003061197182379072,-0.02587558388710398,-0.005445881552076259,0.050154320987654266,-0.012402061629772199,-0.009302325581395321,0.011805213969503292
2024-08-29,-0.01336073997944498,0.018652805712012777,0.020221114821725283,0.009876030056727325,0.0006031501162757635,-0.033211782491288866,0.10725395958607331,0.017911896505745206,0.013058630507235325,0.017796030116358663,0.02571638501102136,-0.005948456834576565,0.015910276473656726,0.020904229460379176
2024-08-30,0.0068749999999999645,-0.03108945457118406,-0.004848087141113511,-0.012630123514453473,-0.000602786545500833,-0.014297085225911,-0.004679452536519246,-0.025641037935237976,-0.02794594608547285,0.0168123739071957,-0.0580229226361032,-0.001662208683090527,0.008472400513478862,0.014761904761904754
2024-09-03,-0.0003103662321539691,-0.043643869213822795,0.013898856684028349,-0.0015639371272799796,-0.027261741036582965,-0.005842050628810269,0.03573106340622445,0.005675986332045468,-0.027148399366699993,0.022486772486772555,0.028136882129277563,0.006992976346019253,0.015274949083503131,0.03613327076489914
2024-09-04,-0.039428748835765304,-0.016206986764290554,-0.01229512041148706,0.0014056789980614326,-0.0031002693207448084,-0.004863209516685618,-0.026327773912960706,-0.012827090966438637,0.007727795127925541,0.010349288486416475,0.028846153846153744,0.015542305453434047,0.009027081243731194,0.024003623188405765
2024-09-05,0.027687998276233472,-0.0007224772336431595,-0.005723301321678864,0.007219058596689809,0.014429678052155337,0.004276127219336567,0.050815836151192784,-0.0010395248441580351,0.01963288600329638,-0.001280409731113985,0.005032350826743359,0.008140671033963098,0.0022365805168986785,-0.007518796992481258
2024-09-06,-0.008386623335779442,-0.021402795723434842,-0.03410555749093147,-0.007127459998324093,-0.015450576923279336,-0.02656124448353947,0.009316835557074965,-0.016129005047725853,-0.03175483184483319,-0.01602564102564108,-0.01859799713876964,-0.011627865427925044,-0.018844532606000497,-0.013814616755793208
2024-09-09,0.040173379849878454,0.015368714994359323,0.0062574218080868604,0.003328674083868055,0.017436714998912528,0.03915848272019229,-0.04615385260303817,-0.004230561837735958,0.017369094930580475,0.0013029315960912946,0.02696793002915454,-0.02352945136363893,0.01086681829668934,0.004066877541798464
2024-09-10,-0.01880272385405024,-0.0430795972043837,0.007995275513879907,0.004196978093800263,-0.010772352479629155,-0.005812775971061779,0.02857144426718694,-0.019118460531608372,-0.0012018096316284144,-0.01236174365647369,0.017033356990773685,0.012048213536239194,-0.022499999999999964,0.005850585058505775
2024-09-11,0.04775222705614257,0.02372619860979097,0.018066916781103837,-7.95888898574848e-05,0.010518504479177126,0.005846761888073315,0.017025029783627632,0.014076894344757562,0.010829166443353966,0.0026350461133068936,0.0013956734124214165,0.015542305453434047,0.0023017902813298186,0.008948545861297452
2024-09-12,-0.01453287197231834,0.02466206688931072,0.010676749664267016,0.015564608095077315,0.012245827003533494,0.010222501835856601,0.03832604948813523,0.01815270479965503,0.04131219817675014,0.015111695137976389,0.020905923344947785,0.009117573917059474,0.011992855320234863,-0.001330376940133049
2024-09-13,0.011135634028892394,-0.004639693912723342,-0.008137040256844252,0.011798407899162866,0.010162181170665807,0.039880903940352264,-0.022061961516188333,-0.003146275139095378,0.03214199554210251,0.011650485436893288,0.0,0.0,-0.0047907211296016605,0.014653641207815316
2024-09-16,-0.2293878360948507,0.020975889002258663,0.0326712224149579,-0.00034871826883653423,0.009101707362479505,-0.01144819744227632,0.029501014235709278,0.008942665662658111,0.0023453697167905574,0.0511836212412029,-0.008191126279863514,-0.012584685141298624,0.017988345578920706,0.01269146608315097
2024-09-17,-0.01892622634221708,0.015694195477093498,-0.013101079322735187,-0.006239286205599992,0.00011872826969905326,0.022968587096736215,-0.020648978813901153,0.04171007426129525,-0.00493972986572877,0.004260499087035852,-0.03303509979353059,0.0029411814204549636,0.0014932802389249211,-0.004753673292999139
2024-09-18,0.025459317585301733,-0.003933119394501139,-0.01595815975679027,0.0024957696922693895,0.0058146180266738234,-0.006981155107606107,-0.017211688420140314,0.05905907568623037,-0.00907932599497141,0.0006060606060604989,0.011387900355871894,0.007820129258447883,0.007952286282306265,0.0
2024-09-19,-0.008190427437931969,0.014666383195923283,0.027267530389746275,0.006729703643647111,0.011326064135611658,-0.005700171137340226,0.02802107353083949,0.03638943588451138,0.02481791204131012,-0.01695941853422167,0.026038001407459488,0.003556437415655589,-0.0007396449704142327,-0.017802865827181935
2024-09-20,-0.011870967741935523,-0.0004169392712893849,0.008801302560803359,0.012326082822160078,-0.0010499095889554555,-0.04165868202082479,0.0366269011291982,0.03328771236104533,0.002637188293048043,-0.009858287122612497,0.006858710562414272,0.0022551447409655534,-0.0012336540833950416,0.0053050397877985045
2024-09-23,0.016714546879080805,-0.021551661037618852,-0.007062763366522895,0.002519217490082548,0.0017517626770862105,0.051445638669927796,0.07354145427104264,-0.004854395899924313,-0.013119078423192376,0.029247044181704984,0.004768392370572139,-0.0006428948046055538,0.026926877470355715,0.024626209322779147
2024-09-24,0.010403287952735596,0.016910540934567786,0.019525824065090625,0.009404131418951023,0.03275823444623138,0.015740542357508103,-0.023727439652633353,0.025277233767532215,0.04368316228445157,-0.004232164449818665,-0.01016949152542368,-0.018333859505522465,0.0028866971373586736,-0.007725321888412018
2024-09-25,0.011185966696326322,-0.026131849929932338,0.012585474530085072,0.003017501564325231,-0.0003386679455525954,0.004854437527278321,0.03371225467701344,0.012975745076594603,-0.012861639501308364,0.00850030358227083,0.017123287671232834,-0.015399777642649659,0.01055408970976246,0.019463667820069253
2024-09-26,0.020993086109365233,-0.02898556753760073,-0.0021615244524579857,0.004023748258253246,0.03455281816900335,0.017837189461535452,-0.019719394812836466,-0.004696866353254503,0.010316157868872189,-0.004816375677302864,0.023569023569023573,-0.006655536128738482,-0.011630666983147409,-0.008485362749257486
2024-09-27,0.019576459000246293,0.007536606325260875,-0.0043325168180322615,-0.009588319582000904,-0.008731709921866782,-0.017342096041795374,0.12263052517755502,-0.02230796063186513,-0.015800231133121678,0.011494252873563315,0.012499999999999956,0.010385241607394624,0.023775216138328448,-0.007274283269148474
2024-09-30,-0.06750392464678179,-0.00014670190944121586,0.00027191518653069124,-0.0031009911963315595,-0.009909728559837294,0.00408696313750867,0.007236439429602948,-0.005265503923329806,-0.011263033483806084,0.01614832535885169,0.020142949967511425,0.014257304620400202,-0.008210180623973717,0.006896551724137945
2024-10-01,-0.0884485884485885,0.024350941861482678,-0.007612800124791819,0.011835647363927837,0.008785640158684105,-0.022571715461667474,-0.009237149479634943,0.013233314338373381,0.009016818807569216,0.010005885815185467,-0.01146496815286624,0.00032691169767740114,0.00023651844843897152,0.02568493150684925
2024-10-02,0.003551640858076466,0.0038664848344072134,0.0021918309877997366,-0.007573182919840549,0.013339244691211283,-0.028960795280132623,-0.0034530354901214366,-0.012625120454840766,0.005819703175424573,0.008158508158508049,0.0045103092783504994,-0.008823544261364558,-0.0011823126034523623,0.027128547579298834
2024-10-03,-0.004813137032842585,0.051497870027547465,-0.00915808863862655,0.003777718873892999,-0.02045264045452666,-0.017348915977552393,0.029106068265205787,0.024691334144937738,0.017737413431924365,-0.009826589595375745,-0.015394483643361156,0.000329714108374235,-0.009469696969697017,-0.019097927671678172
2024-10-04,0.005547652916074064,0.009089651027908596,0.007449316201418199,-0.004252774985064489,0.004553572582307375,0.021027585747219746,-0.03905721748823543,-0.009896710176484746,-0.0018950829642458977,-0.008172796263864579,0.011726384364820763,-0.0049439557605762685,-0.007887189292543062,-0.022783761391880653
2024-10-07,-0.022775498656104065,0.03710677921682293,0.0035602100585572227,-0.00037795751059988003,-0.0007739048560948536,-0.049349181681864196,-0.037841638608905326,-0.01999135103197014,-0.011920988933720289,0.00294290759270166,0.01931745009658714,0.001324909157705667,-0.003613587087448855,0.004662992793556642
2024-10-08,0.020555877243775278,-0.04627948824307726,-0.017192006010243066,-0.011267410873396222,-0.023677776687422103,0.01451053807612146,-0.004734162855167479,-0.002660730287022517,-0.04378646275791487,-0.01232394366197187,-0.017056222362602624,0.001323219190640712,-0.017166344294003877,0.0037974683544304
2024-10-09,0.04269503546099296,-0.004485548897968816,-0.0002776154852879298,-0.0034416826003823564,-0.01291934675905837,0.007453691080831826,-0.026710557319341244,-0.020008842159647933,0.002306035113814442,0.0005941770647652778,-0.004498714652956259,0.001982142881897353,0.003936039360393551,0.007145859604875904
2024-10-10,0.024214392599646306,0.035636273709432675,0.009026545015916154,0.005602493344685433,0.006888681900564464,0.0187962283178591,0.005639047369019767,0.005444597409259844,0.01906326830731886,-0.005938242280285055,-0.008392511297611316,-0.0065941563944130754,-0.005390835579514808,0.007929883138564353
2024-10-11,0.027892150351972456,-0.0038233476778023467,-0.006193291425216185,0.014118903541632033,0.015165269466808073,-0.01059861412460128,-0.016074760224436102,0.0036101048852397177,0.01661026643886343,-0.00657108721624855,-0.01106770833333337,-0.004646511568136225,-0.009115545700911554,-0.007867494824016608
2024-10-14,-0.016022741956325137,-0.02289565621276679,-0.016341231410284207,-0.003687555865447112,-0.019768577314569602,0.03967460670554912,-0.052431615898243855,0.006744587233542543,-0.013864221710395475,-0.018039687312086605,-0.018433179723502335,0.0073357557530346895,-0.009448035803083066,-0.022954924874791338
2024-10-15,0.04294156270518723,-0.044020044960001226,-0.005772153171349159,0.005136284184919404,-0.014437997128814217,-0.02041585893972342,0.001603828616233427,0.01920501638667238,0.01428434325917971,-0.017146356399265206,0.011401743796110031,-0.004303183207755135,-0.005020080321285092,-0.009824861170440014
2024-10-16,-0.022286577688239717,-0.002692015251870572,0.009062579506617485,0.004734387209210489,0.0072084962060370295,0.0050642295720668695,-0.05244187687922863,-0.03593337886898407,0.0073904842984802155,0.008722741433021763,0.0053050397877985045,0.0019946631015479444,-0.011099899091826404,0.009490940465918918
2024-10-17,0.0007726980038635922,0.003977820453541003,-0.007016558869085254,0.006357516828721099,-0.010389028220965324,-0.011046535284944259,-0.008449606453236225,0.0072727203369140625,-0.005887917925395669,0.004941321803582532,0.024406332453825952,-0.00497676249395651,0.008928571428571397,0.007692307692307665
2024-10-18,-0.041307425041822166,-0.020517857447453047,0.003250363490609587,0.00843550768185608,0.013880839322396143,0.008426392114109227,-0.03792074608460705,0.0009025477392323733,0.04621041849849683,-0.0049170251997541214,-0.01481004507405026,0.00033345211597723967,-0.01896333754740831,-0.02841391009329941
2024-10-21,-0.007516778523489975,0.01935851364142782,0.01704464179298415,0.003463959410956896,-0.005292277794826883,-0.02176444271436373,0.023915031753597216,-0.01577999894743254,0.025339003025819817,0.011735639283508403,-0.007843137254901933,0.006000010172525938,0.01134020618556697,-0.0008729812309035134
2024-10-22,-0.034352177441168474,0.02168365691943719,-0.00166198230276271,0.007748467834063577,0.00578304317190792,-0.007349983580281827,-0.0004324945956222237,-0.004580869529052678,0.02840360847007206,0.017094017094017033,0.00922266139657446,0.0023194066970309013,0.010958205912334318,0.006553079947575258
2024-10-23,-0.01946778711484598,-0.018310441973630964,0.005965597866987249,-0.010859284803718228,-0.010004587419066291,0.010006003357727389,0.013414062073630717,0.028071818831192807,-0.03419373110913926,0.006002400960384069,-0.00652741514360311,-0.001322344314953483,0.005797832114948331,0.004340277777777679
2024-10-24,-0.03499500071418371,-0.00819548154828098,-0.013515423087319456,0.007552313858506743,0.0034846941867077152,-0.02734301164408537,0.0768574151028294,-0.0062667586701972144,-0.0008620490231698863,0.005966587112171906,-0.009855453350854138,-0.004303183207755135,-0.0012531328320801727,0.005185825410544576
2024-10-25,0.002072232089994186,0.022652746581935723,-0.01216266087004747,0.0021938645706405246,0.004630161145460221,0.01201872880391286,0.01506735419196481,-0.0027027644697734665,-0.00023800006401142326,-0.014827995255041526,0.00928998009289983,0.0026595719384630012,-0.008531994981179403,-0.021496130696474602
2024-10-28,0.0217134416543574,-0.06129843411404423,-0.0042457265243348585,0.0007296873549778038,-0.0017283492907218534,0.015901820869920646,-0.09804684887931159,-0.00813009530885267,0.006755384514960827,-0.010836845273931361,-0.0013149243918474385,-0.00033157257733518186,-0.013920526449000215,-0.018014059753954315
2024-10-29,0.05059997108573078,-0.0025229767865074804,0.0028424807633211646,0.009296730069591863,0.00011546680621021821,-0.016841687724218346,0.016024227209910036,0.005464519318593597,0.012976622886919476,0.0073037127206330155,0.011191573403555033,-0.008955239176776986,-0.008983572895277181,0.021029082774049135
2024-10-30,0.017063437456997343,0.020830256583091344,-0.009070286448309095,0.007260547018237196,-0.0011540945096204513,0.0060459490652899905,0.2127025071655151,0.006340552089319829,-0.010359203122465854,-0.005438066465256797,0.017578125,-0.02443104292970799,0.011655011655011593,0.004820333041192004
2024-10-31,-0.007712082262210762,0.009473859788609929,-0.005005699131676256,-0.018002492799668257,-0.0032351102014506194,-0.01482376649260475,-0.04850615467708952,0.023402361558631846,-0.037182329788516766,-0.0018226002430133947,0.009596928982725572,0.008233268413684547,0.006144393241167334,-0.004797208896641925
2024-11-01,0.0009544586855740889,0.003320758308477556,0.008624385176844163,0.0001095748540242969,0.007882211768321268,-0.011996734532185638,-0.016254122672919702,-0.029463504091363557,-0.0033993832557535075,0.00912964090079127,0.012040557667934104,0.008846554415833374,0.0,-0.004382120946538115
2024-11-04,-0.0017708759024656073,0.02849335757378002,-0.00342023471614894,-0.0009128751591513939,0.013686076946767933,0.012348219953421502,0.04431084767784066,-0.006343425083112697,-0.0019052386149303047,0.004825090470446325,-0.023168440826549785,-0.0077571516086154535,0.0048346055979644476,0.001320422535211252
2024-11-05,-0.010507641921397415,0.007275732953475611,0.0002859522805540582,0.0015350137136695974,0.00987064804949589,0.017076629397665855,-0.0399136377746947,-0.0013680203478350084,0.005387907620903132,0.004801920768307433,0.0032051282051281937,-0.01631541607721143,0.006583945302608196,0.00659340659340657
2024-11-06,-0.045097227968556086,-0.00416718198729471,-0.0037168623042015403,-0.026529923685898793,-0.051230235579305394,-0.00559661775192255,0.0288389140543015,0.0059361219351454775,-0.043913586327227305,0.0185185185185186,0.0012779552715656006,-0.0006911008083823056,0.0007547169811321641,0.0013100436681223737
2024-11-07,0.0629693818601964,0.009345768532968313,0.019515003052195556,0.01154588527514333,0.044404974961672394,0.04683414631752503,-0.019657772562907794,0.00771675310918174,0.017424128200999034,0.0029325513196480912,-0.02169751116783658,-0.004149406601549943,0.02111613876319751,-0.0030527692978630228
2024-11-08,-0.0330163043478261,-0.02736323024091214,-0.0009852173373339213,-0.004039394729551615,-0.028004506705995857,-0.027073686475473924,-0.00891205612690138,-0.017117164642156513,-0.01278136770439886,0.008187134502924076,-0.05675146771037187,-0.0027777752022684066,0.0012309207287051205,0.0017497812773403787
2024-11-11,0.02543206407194032,-0.03324803110555652,-0.01817414559760422,-0.028390715843023218,-0.017613440300298988,0.011249283737341464,0.09404277795797378,-0.021081534871962848,-0.026116851823051013,-0.002320185614849146,-0.04356846473029041,0.013231235278565512,-0.004917629702483439,-0.012227074235807822
2024-11-12,0.07796656618251574,0.0011758058491799783,-0.01320140287142857,-0.004289197066983941,-0.02172875948621167,0.02868842793027704,-0.004452058597406383,-0.00046817549607136577,0.004780612445006049,-0.0034883720930232176,-0.002169197396963085,0.01786943130402152,-0.00815418828762049,-0.023430592396109673
2024-11-13,0.0376255243421888,0.004550756695459901,0.001890430262593501,-0.007384596604567362,-0.012987055078364729,0.03073423061540259,0.026143781736858385,-0.008430927492254714,-0.0031284842862845386,-0.004667444574095736,-0.008695652173912993,0.0087777958867854,0.0007473841554559435,-0.020371208691715714
2024-11-14,0.06406958226142345,0.003945588804067146,-0.008418023486354231,-0.00488224481473154,0.0017215862047936792,0.026872882291794298,-0.0663761151743153,0.018422266804106302,-0.0026806385097365437,-0.017584994138335253,0.01900584795321647,-0.01773757677988097,-0.01842170774209606,-0.019870609981515686
2024-11-15,-0.009095095556067245,-0.02445415400005735,-0.022248194523653675,-0.0009734444542992549,-0.005401383799477855,0.010216796777991588,0.013644476560800589,0.00092766503984687,-0.00449059698612897,0.01193317422434359,0.023672883787661414,0.025212939063038897,0.012934313974131362,0.011786892975011787
2024-11-18,-0.023585453700476378,0.0319308732651864,-0.0026946152238392918,0.017500154865679907,0.014070521282697701,-0.0037260036850681466,0.053134997449436394,0.02873034482971959,0.026077501871331954,0.012382075471698117,0.01962158374211631,0.007976064137624306,0.011266900350525688,0.020037278657968338
2024-11-19,0.02022846263683964,0.0033255597941077575,0.004052786429527,0.006320385881703361,0.005355480493552056,-0.003561887800534236,0.008408966206472579,-0.008108121576115956,0.0014440225953762376,-0.004659289458357585,-0.052233676975945054,-0.0046158717441675545,-0.011141371626640306,0.004568296025582397
2024-11-20,-0.02729181245626311,-0.007493826886298849,0.023471366559276508,0.008031613844653007,0.0032687013103669393,0.05558530042169352,0.06504342152779863,-0.016802944211699367,-0.008074878468253832,0.00702165008777067,0.0,0.0016561522416715935,-0.008012018027040546,0.005002273760800424
2024-11-21,0.013069544364508356,0.01785967298513147,0.010663210147473734,0.009025053593026078,-0.007360911366055989,0.011344416667786295,0.045724993696057536,-0.012471153003281277,-0.0014213308938789693,-0.00813480534572919,0.00435097897026826,0.0033068909466473784,-0.012872286723876858,-0.006787330316742057
2024-11-22,0.05302402651201321,0.01626247381544932,0.03555425636176146,0.01414610355377599,-0.009482138372975513,0.022099468402478006,-0.06289309343716265,-0.0009353859307785761,0.012842887898042221,-0.0029291154071470205,0.008664259927797735,-0.0016479642982559772,0.005880848887752421,-0.008200455580865573
2024-11-25,-0.0038215128695066047,-0.03228516972672435,0.021632873542974718,-0.034355458456271526,0.004295514043697324,0.010155630150747275,0.07670182597851238,-0.009831506826807779,-0.03510175764957435,-0.001762632197414793,-0.012168933428775897,-0.013865964463495417,0.0022877478393492634,-0.015617822691777694
2024-11-26,0.019180864267178244,-0.002465996407301163,0.0023224836807036464,0.0013375114394267307,-0.012831424566665528,0.012323618348472065,0.01840309795543149,0.019858159993817015,0.005892135359252038,-0.011183048852266064,0.007971014492753614,0.01272176598895447,-0.002282525995434992,0.006999533364442367
2024-11-27,-0.020923281301893026,-0.0007269946895994694,0.0027258680762622944,0.007480003492115639,0.0069323787303003925,0.044850233137094575,-0.06616146851391147,0.005563321322725523,-0.009115454218612262,-0.010119047619047583,-0.03882099209202017,0.002975211655797949,0.005338078291814874,-0.0032437442075996525
2024-11-29,0.04251469923111717,-0.01047731676241892,-0.002990365931979211,0.00647755531983174,0.003319452646739496,-0.013797332773914595,0.0496254432211809,-0.028123586691191638,0.019062781167803244,0.01743836440168378,0.00972326103216159,0.002966386029507495,0.0007585335018962525,-0.010227801022780092
2024-12-02,-0.00249457700650757,0.0014705657958984375,-0.012542579251312524,-0.008317688240967236,-0.0012253680398633948,-0.06979630690332961,-0.044602991582540774,-0.00047439416119687827,-0.007691056383986372,0.0035460992907800915,0.032592592592592506,0.004929333454681606,-0.004295098534613406,0.009863785814936632
2024-12-03,-0.03957812330107646,0.02701914843631581,0.003589702266118655,0.003719324904679633,0.01729846566193327,-0.005013368779417271,-0.053221288723261484,0.01423830796176384,0.020624659978094595,-0.002944640753828054,0.023672883787661414,0.0003270186038843992,0.006597310327328021,-0.0013953488372092648
2024-12-04,0.041095890410958846,-0.020017178681853598,-0.001238189080509433,0.0034408809408483787,-0.0009647154296502647,0.027712461073943873,0.00032870726580225273,-0.0051474312602557415,0.01377222708379855,-0.002953337271116352,-0.0021023125437982237,-0.010134013219877613,-0.00806654902949333,0.0023288309268747476
2024-12-05,0.04915180513266648,-0.003501573687828219,-0.002892549433696101,-0.010249435025779796,-0.001689997379813346,0.03203133649930123,0.011830434950549806,-0.002822176166342283,-0.011775857560738068,0.010663507109004655,-0.0407303370786517,0.0009907126359514073,0.010165184243964509,0.016263940520446107
2024-12-06,0.012334162520729608,-0.01610550592043225,-0.013675892693971958,0.004568643704349062,0.0008464291529572954,0.053048297703879754,-0.0009743491343137123,0.02877352269106015,0.00167020121014394,0.009964830011723436,-0.013909224011713017,-0.004618917588756322,0.0,-0.007773205304069553
2024-12-09,0.021500972663049067,0.017410801361211092,-0.02030818692785552,0.009967332568076914,0.020538735513414785,-0.0006015404722744533,0.03446032101713281,-0.014213639318353288,0.03302760059266885,0.007544979686593178,-0.01410541945063104,0.0016572501469707124,-0.0037735849056603765,-0.0023041474654378336
2024-12-10,0.04109451738999703,0.003217691713777171,-0.00671899373571605,0.012270703032313035,0.0,0.010081270618651939,-0.0059710293696181305,-0.021395306254542112,0.004562930250220587,0.01497695852534564,-0.0022590361445783413,-0.0013235939473047464,0.004797979797979801,0.001385681293302632
2024-12-11,0.006835467411187013,0.02478502213736955,0.009643035932272337,0.013419317119437668,-0.0022492128263161826,-0.041561096210701365,0.06797341350267705,0.011406832731696515,0.006149038056919576,-0.005675368898978461,0.010566037735848965,-0.003644818066244282,0.00075395828097502,0.002767527675276771
2024-12-12,0.02333142092178231,-0.003841289926648672,-0.0008553839869289703,-0.016936150413770057,-0.004508792688889596,0.0027976184716622665,0.022794524051797493,-0.018327128026918715,-0.0409679879164937,-0.014269406392694028,0.01344286781179993,-0.001995326456644797,0.00025113008538424353,-0.00873965041398339
2024-12-13,0.044757989160904454,0.01813773683730524,-0.01169924008657608,-0.011720930232558158,-0.010965435502349297,-0.005424674416895314,-0.05065121741842704,-0.008137868897123313,-0.01834891579558018,-0.004053271569195105,0.003684598378776771,-0.0016661494177883096,-0.0075320110469495605,-0.022737819025522077
2024-12-16,0.05723996064752712,-0.008135808999945704,-0.003031602348051776,-0.0017319644790098065,-0.0013256968901805832,0.024622078062032537,-0.02012194674295864,-0.0019304541266529363,0.0013700804421390433,0.03488372093023262,0.0807635829662261,-0.002002652462478882,-0.006324310650139164,0.04463437796771119
2024-12-17,-0.004737331867016303,-0.00890959215917042,-0.005357589491276515,-0.002640114753648559,-0.012549788257135042,-0.010037985682034178,0.029247075756057228,-0.04061896229168116,-0.004039500514133487,-0.003370786516853963,-0.010869565217391353,0.002006671127353421,-0.005346232179226029,-0.009090909090909038
2024-12-18,0.06799830004249885,0.0071347030099311315,-0.008880486077605054,-0.0029874083480143643,0.002077502037469481,0.02365949116804722,0.019951627264417793,-0.00957663974779932,-0.005331505153422289,-0.014092446448703444,-0.012362637362637319,-0.011014684038394451,-0.025595085743537194,-0.006880733944954143
2024-12-19,-0.03645045762037402,-0.009492747967746795,-0.0024970353168787263,-0.016802597696994104,-0.0193901764332417,-0.0282155007314967,0.062240673869536245,-0.012722646557420059,-0.04327523812379108,0.008004574042309809,-0.010431154381084884,-0.02733714103559315,0.011820330969267046,-0.015242494226327952
2024-12-20,-0.012637317254480918,-0.006436912517008175,0.002208715776701675,0.014080703914641779,0.005098795009250923,0.0038610038610038533,0.04575887021528047,0.005670134665698212,0.01945418256041931,0.012478729438457181,-0.012649332396345803,-0.02324774751521841,0.011941848390446541,0.0
2024-12-23,-0.017400033461602793,-0.0031673081428574834,0.01998237818302484,-0.006238788240719106,-0.004454374258297533,0.006923076923077032,-0.024546427407552196,0.001537708164713214,0.007687142348014264,0.003361344537815114,-0.02918149466192166,-0.004618087478801547,-0.005130836326321164,0.014071294559099501
2024-12-24,0.009024348714455899,0.01242057534495622,-0.009219236625314986,0.002947575327470142,0.006587180369147516,0.004125305129153878,0.07932171999184834,0.0,0.002877423752003949,0.0016750418760469454,-0.024926686217008776,0.0028551007280190888,0.005930892212480554,-0.010638297872340385
2024-12-26,-0.06960850489368886,-0.006847300113940302,-0.0004361555659972982,0.007175591155772931,0.005556250947168495,-0.012020730778035671,-0.05854033938334058,-0.014329614817111258,0.002435442448680769,0.0117056856187292,-0.006015037593984918,-0.00960855708534869,0.013073570879261753,0.011687704534829368
2024-12-27,-0.08188990659290829,0.014076352899701217,0.002036354758522707,-0.008185575737669981,-0.0023330124362923588,-0.006160480633299215,-0.05410497438716955,0.00571135041767068,-0.013046233794329343,0.000550964187327807,-0.03782148260211804,-0.011139039410428486,-0.0080971659919028,0.010166358595194103
2024-12-30,0.13660608455156065,0.005524070794298952,-0.005951459375051926,-0.0042411178827413964,-0.00418466421274033,-0.0051138816912971174,0.1200911147079704,-0.01239038038556406,-0.018512890698538564,-0.0038546255506607396,0.018867924528301883,-0.010901204194004532,0.0020408163265306367,0.003202195791399909
2024-12-31,0.014599808812027382,0.010283186067063577,-0.001168250980329244,0.008863762959987476,-0.014707636514165179,-0.003894080996884708,-0.07698175898026627,0.006795665123804584,-0.005703303823144101,0.013819789939192972,0.020061728395061706,0.03049228305082452,0.016547861507128392,0.005927952576379347
2025-01-02,-0.04608137044967875,0.01965973241377794,0.0024853532917099574,0.011296193413755873,0.0006272095288955004,0.022204866625537445,0.007431926670239397,0.024402871639102708,0.023565970765631716,0.0021810250817884125,-0.00302571860816947,0.0014260576333453567,0.0012521913348360059,-0.010426110607434258
2025-01-03,0.00906886953398578,0.011349676770511463,-0.013271052016404328,-0.005227689215189235,0.012786791210606774,-0.02508799771732073,-0.08360655385299076,-0.004054735203353532,0.0062116000563794405,-0.0190424374319913,-0.02200303490136568,-0.014595936104839669,-0.018509254627313676,-0.03023362345396241
2025-01-06,0.012368748887702452,-0.005408349524478107,0.015075326453723115,-0.002495311023156921,0.021661000967249322,-0.00015687366680128267,0.09481211422254221,-0.016284972062923342,0.017982933049925043,0.015529672767609526,0.027152831652443865,0.0007225598823397128,0.011722731906218087,0.021256495040151258
2025-01-07,-0.014678737804342146,0.009380131379920664,-0.0024752208530858244,0.006936040594857751,0.008117323897803619,0.005963571437807902,-0.06072986213536302,0.00620801033145546,0.003460597615807748,0.0005461496450027692,-0.015105740181268867,-0.0007220381665270503,-0.00025188916876572875,0.0037002775208141436
2025-01-08,-0.06752899197145401,-0.01252525663536408,-0.0040869766540089225,0.002935991633034929,0.01610381239354819,-0.012636467372757365,0.05856774371405149,-0.010796965736959319,0.00016419222530705824,-0.008733624454148492,-0.006134969325153339,0.014089573170109837,-0.004787100025195223,-0.011520737327188946
2025-01-09,0.04534583373194301,0.008183285278483776,0.0039571541811886934,0.007243403575952323,0.01230042489546812,0.0064780777812945,0.013694864969277853,-0.007276475640015101,0.011132296914532214,0.004405286343612369,-0.00462962962962965,0.016743898318951178,0.004810126582278418,-0.004195804195804231
2025-01-10,-0.03267136450992958,0.03584958862988996,-0.021751793631672012,0.009203349997202626,-0.0011683875293851953,0.016797507389374022,0.07781683565010367,0.006282666465346587,0.009743081858092362,0.0317982456140351,0.018604651162790642,0.007007668156100433,0.02141597379692617,-0.006086142322097365
2025-01-13,0.03386944181646179,0.029384876700634166,0.009401540566096322,-0.012922281705741168,0.0049128340091268985,0.006484502281727256,-0.013787933222955906,-0.0166493083380016,-0.032163649054718024,0.012752391073326264,0.04718417047184165,0.0,0.027627035027133706,0.026848798869524293
2025-01-14,0.0021046852122987847,-0.016747014716252284,-0.002069772189706165,0.0014961660744343686,0.0034921066268100986,-0.012271820371828501,0.00864258255197825,-0.030687827270504342,0.0013625458360140286,-0.0041972717733472775,0.029796511627907085,0.011482252134103366,0.001440230436869916,0.002293577981651307
2025-01-15,-0.01187106200346999,0.032774205361643105,0.003999950267650432,0.013071895424836555,0.011367540825688804,0.026401614156591702,0.028981917801107704,-0.01692136851017334,0.03939334514338211,0.008956796628029506,-0.012702893436838392,0.02029584309534549,-0.00023969319271333056,0.0013729977116705427
2025-01-16,-0.029479715368265436,-0.01699151167910251,-0.015345925005873728,0.012497659850230436,0.011698616597980438,-0.009986437248122648,0.04286056969133001,0.02220986193486052,0.006513632984201934,-0.008877284595300239,0.0,-0.012811839606255315,-0.022776312634859797,-0.017367458866544783
2025-01-17,0.06389259188725949,-0.010167806922405265,0.013037540437904171,-0.0007645840337501264,-0.01655140083954909,0.0036680795641736985,-0.07280412171867878,-0.010320507095730624,-0.018145496638224734,0.020547945205479534,0.036454610436025714,0.011270488933306844,0.014720314033366044,0.0023255813953488857
2025-01-21,0.034547570034905606,-0.025552104955707255,0.0008876507299220293,0.0038989727732010593,-0.006109561840803579,-0.0016750976102417603,-0.048632197185452974,-0.0236003520325041,0.011631307804815583,0.011874032008260205,0.028275862068965596,0.012495742122862863,0.03215667311411985,0.037122969837587005
2025-01-22,0.010035470196383844,-0.0059295948328017545,-0.007685548984859847,0.0045735381692377786,-0.009162551812213482,0.04286155837022343,0.05431309741912527,0.020798140126110143,-0.002299527375212773,-0.011734693877550995,-0.016767270288397085,-0.011340899192106124,-0.01054111033028815,-0.008501118568232657
2025-01-23,-0.010535331905781598,-0.010869560820350066,0.00491513008720057,-0.0016259574509376318,0.0065550455822376286,0.006143062939948374,-0.0037879052423428483,0.029185060082532743,-0.018118376994636698,0.01135776974703151,0.0020463847203273655,0.0020243378720166127,0.008996212121212155,0.0
2025-01-24,0.0035491689750692945,0.0005360615660010559,0.002074987210841872,0.005139137443453512,-0.0022095654676513865,0.010466566239778485,0.02078580951932585,0.01765649621596932,0.011410699235132826,-0.0066360387953037225,-0.019060585432266852,-0.011784524325887169,-0.009150633505396577,-0.018050541516245522
2025-01-27,-0.01906322780988523,-0.01995721162709041,-0.005028900520866131,-0.014330482169155112,-0.020163209467563004,0.00474758875562209,-0.0819468407672922,0.007886415085181842,-0.02478809236060253,-0.009249743062692661,-0.027758501040943795,-0.01362860692781509,-0.010182334833057083,-0.015625
2025-01-28,0.00017587055926848727,0.008200061352136911,-0.004310885990845392,0.010703214183789944,0.0040442962287039474,0.023768578186784017,-0.061130665117537064,0.0031298625823470427,0.015634282319248793,0.006742738589211594,-0.0035688793718772205,-0.018998311914149135,0.0,0.0182072829131652
2025-01-29,0.032618252154035465,-0.015588910787790566,-0.004777540740315445,0.0008313028724642457,0.008766776296092127,0.025314651169143332,0.0184385279483108,0.011440521369744161,0.016630377154969844,0.024214322514167996,0.002865329512893977,-0.004929556039750538,0.01483253588516753,0.031636863823933936
2025-01-30,-0.0458067262664964,0.0015147425804351577,-0.005850690033259887,0.019464772107505413,0.007163813017121878,0.01868778156223705,-0.13804813087594714,0.0010282030658397279,0.03604576195608322,-0.01358148893360156,-0.002142857142857113,-0.013800402918958787,-0.01555869872701554,0.007111111111111068
2025-01-31,-0.019630588025341345,-0.0027499596920842473,-0.005885006932307424,-0.0037194473963868546,-0.006063438022513634,0.011917547615881707,-0.0009845818997180622,-0.0061632735550462,-0.0072920551417322566,-0.01682814890362061,-0.005010737294201872,-0.006458568344296145,-0.0019157088122605526,-0.012356575463371544
2025-02-03,0.001365249840720839,0.00868612840777172,0.002428713855191722,0.007608854166666568,0.007508227174973792,0.008071953800983023,0.10118268620518989,-0.004651170584682673,0.008217129995837125,0.014004149377593311,0.015827338129496438,-0.008306299933149797,0.015595009596929055,0.012957998212689947
2025-02-04,-0.00808943828394837,-0.006287680301271359,0.013628127095729692,0.006845741611526401,0.011294843818068445,0.006432166569414699,-0.02953459939383929,0.02076841193025758,0.015312491461917599,0.0117647058823529,0.01770538243626052,-0.013109931354895465,0.01582801795416966,0.018085575650639507
2025-02-05,-0.03656189865298265,-0.022971089945632905,-0.013444898312734543,0.006413643330515084,0.021185953525481693,0.03756356767239999,0.03289267550718544,0.005086489432648111,-0.0009426551999955901,-0.0025278058645096246,0.023660403618650072,-0.0036900509248001256,-0.016744186046511622,-0.008232235701906454
2025-02-06,-0.039946737683089206,-0.005912968832370691,-0.00015145572519392747,-0.005432545314712378,0.00428449106708606,0.015587711394170256,0.014285743682563856,-0.009615411531215812,-0.010317341913896771,0.0040547389761784736,-0.010197144799456104,0.011111082854094345,0.0033112582781456013,0.027086063783311465
2025-02-07,-0.007529225282345897,0.0055232882917048975,-0.0060578757121577675,0.003956599729735721,0.02874149889300104,0.0009902064225693064,-0.029049289123663447,-0.010730663655973194,-0.005627728124880105,-0.015648662291771864,-0.03777472527472525,0.004761944020084563,-0.010372465818010324,-0.008507018290089374
2025-02-10,-0.03034537831902573,0.018591544997524245,0.013865666618811057,0.016391727129920985,0.025974016512314346,0.06108564688170137,0.040797821045854166,0.007231373204274583,0.0017627712434462595,0.00820512820512831,-0.025695931477516032,0.01567627781231362,0.0,-0.005577005577005578
2025-02-11,0.04292773316862264,0.0138274336866675,0.012924565652521425,-0.0006176607754746488,-0.022550781052263602,-0.036359342803349626,0.021777017293584944,0.018974402011969094,-0.004970341645774812,-0.015259409969481164,-0.00659340659340657,0.0032304433099850094,-0.005717008099094811,-0.004314063848144922
2025-02-12,-0.012338367387227267,-0.02659570316910187,0.0010385711163127809,-0.001201716738197467,0.02252690998213347,0.04438257357397024,0.013071896310481002,-0.005536014378739518,0.014396100536822498,0.012913223140495811,-0.017699115044247815,-0.01180679480136615,-0.015093435553426016,-0.004766031195840514
2025-02-13,0.03747751349190476,-0.0011209447663713679,-0.009485688129083014,0.005809522978257098,0.015112835222209409,0.016442812191370004,0.01767179880762626,0.020748979891854535,-0.0013763012498952953,0.006629270780214247,-0.0037537537537537524,0.016654564463996824,0.002189248358063667,0.006094906399651823
2025-02-14,-0.021385223003564158,-0.007715009744627688,0.004189716768296714,-0.014457023855674711,-0.02358989085238561,-0.04363179349006996,0.026736461711901915,0.012394645466254905,0.004624721433643675,0.005572441742654588,0.017332328560663246,-0.0017805996152562287,0.005825242718446644,0.03851146689744689
2025-02-18,0.013977753715916919,0.015691272884813978,0.005960386264952655,0.01664585877875835,-0.015354843043614896,-0.0017867778439547566,0.07570471733412565,0.004897178310288908,0.015731309279375605,0.011586901763224189,0.01925925925925931,-0.0003567687704909561,0.0024131274131273805,0.007916666666666572
2025-02-19,-0.008057470148529311,0.005567175147860093,-0.018812090538793957,-0.004161616491367259,-0.006106843554357644,-0.002625312896218701,0.06813083164589862,0.008284603923077727,-0.009724804129953246,-0.008964143426294813,-0.007994186046511587,-0.001070688299621203,-0.006499759268175254,-0.021083092186854113
2025-02-20,-0.013994910941475869,0.004429061520058397,-0.004076036409628059,0.007056278120620485,0.011191494322007056,-0.05300309696097061,-0.02990660119737365,0.017399646868560437,0.013669572733788549,0.0010050251256281673,0.04395604395604402,-0.002858160927482478,0.013326871819723696,-0.010979729729729715
2025-02-21,-0.11325062034739453,-0.02990213832259503,0.0016674338080358009,-0.0008162933142006334,-0.01041663648491531,0.01073910296904601,0.0197495800973313,0.012351555263910852,-0.0139934966278642,-0.013554216867469826,0.008421052631578885,-0.025438878120900066,-0.0057388809182209455,0.0076857386848847575
2025-02-24,-0.0651443922095366,0.004261298520753742,0.006507268360481433,0.0035061970129008913,-0.00942976863045153,-0.01550003051757809,-0.05668404257883075,-0.010323759684090827,-0.01216038802187902,-0.01781170483460559,-0.014613778705636737,-0.011397108992489358,-0.010101010101010055,-0.01864406779661021
2025-02-25,0.03867337164750961,-0.02503531427819128,-0.008269478786532836,-0.014722312080286182,-0.006862992244350052,-0.03377345912961505,0.04506755889577696,0.01754380887661422,-0.023760557167116336,-0.0056994818652850165,0.05649717514124286,0.0007437879590050933,0.0021865889212828726,-0.010794473229706392
2025-02-26,0.04899135446685876,-0.004497280679258475,-0.008944759643417233,0.004234824867662246,0.012483226727030505,-0.0027594948566852517,-0.06420697201306169,-0.03821061182698404,0.014213318716385093,-0.0031266284523189247,-0.0314171122994652,-0.017465600743943988,-0.006545454545454521,-0.011785246617197709
2025-02-27,0.003296703296703285,0.025211245384644476,-0.002600669897458885,-0.011519506683274172,0.008366382286097318,-0.0018448074436990813,0.007168488753949154,-0.046027077697844865,-0.014014131400259977,-0.028227914270778864,-0.00552104899930983,0.004538537422879241,-0.00170815031722793,-0.0340106007067138
2025-02-28,-0.01270536692223434,-0.008386586363717696,-0.02024533653237448,-0.016093196146486743,-0.014301262806409532,0.0007920469781352857,-0.025419396096771574,-0.00914171154360488,-0.018301333968456457,-0.024206562668101173,0.0,0.0003765146492062943,-0.010999755560987534,-0.017832647462277085
2025-03-03,-0.10339471932549371,-0.01992544935612217,0.0040701051531912835,0.018823992323959926,0.01373348009362041,0.03601114590067711,0.07511739658361227,-0.06611998464344848,0.026041885911359808,-0.029217199558985718,-0.018736988202637028,0.0045164034855738056,-0.013099357390014776,-0.009310986964618295
2025-03-04,0.01769364018807229,-0.0016089016517856214,-0.03274085584821529,0.006712389043017186,-0.01070682552833957,0.02813849617896924,0.05531287607174118,-0.006586110669982936,0.002372633930916024,-0.009653605905735385,0.060113154172560135,-0.004870778026000666,-0.01427498121713,-0.025375939849624052
2025-03-05,-0.03768996960486326,-0.02856730906256022,0.005157957609638331,0.0019590153218878026,0.052788478308675835,0.029102167182662564,0.02298848432756806,0.005524882837687928,0.023358663263996826,0.009747706422018387,-0.012675116744496284,-0.016566213688113618,0.013973577235772305,0.023625843780135103
2025-03-06,0.015287428932406755,0.0007540801326924029,0.02469533195084206,0.0004459399740508463,0.002622429303501539,-0.054151624548736454,-0.033258375243213734,-0.003846241716395693,0.0062389069844550615,0.021010789324247492,-0.010135135135135087,-0.013016850752822107,0.016286644951140072,0.011775788977861579
2025-03-07,0.013066202090592283,0.010247141333957543,0.013458538181775559,-0.00408014334702167,-0.02008782624408456,-0.007124650872693983,0.02254768039008881,0.009928312934801564,-0.015576305656673561,0.012791991101223532,-0.01569965870307166,0.027540693000851935,-0.0036982248520710526,-0.006052141527001842
2025-03-10,0.01695123449207725,-0.015065664117503652,0.019147588370380886,-0.0047164772273115,-0.009288905782457335,-0.0021783856405023228,0.020913844991833352,0.029492131691853718,-0.008387575488472354,0.007688083470620555,0.015256588072122046,0.03284261407136557,-0.010393466963622866,0.021545667447306682
2025-03-11,-0.015460804444981324,0.0033318374189050814,0.0,0.007575199703822255,0.02166173659164672,0.025940685617532377,-0.008461390631652632,-0.009549087614487695,0.018992995613364316,-0.004904632152588517,-0.020491803278688492,0.005116936642006742,-0.0020005001250312793,-0.007794589637780791
2025-03-12,0.006502269660164428,0.021584910266804203,0.014848535711114996,0.008994540214519287,0.01708867763190991,-0.018149955635105575,-0.08286547324240057,0.010176782714579113,0.01812213155369813,-0.016976998904709717,-0.0034867503486750717,-0.01527273004705254,-0.010273114507642234,-0.004158964879852123
2025-03-13,-0.021087274500243836,-0.016696176836919374,-0.006718491416589867,0.015378840349098422,0.016075474982616855,-0.004079566684641045,0.006611153202147113,0.020678652016287824,0.016933386346884127,0.010584958217270124,0.006298110566830051,-0.0011078540151414629,0.009367088607594942,0.015777262180974416
2025-03-14,-0.03772880089652597,0.009466524786302388,0.012625942923458311,0.003417870524071498,-0.005920139972173333,-0.02176139238909114,-0.0017027412742629533,-0.0031168553736302673,0.003994055744479974,-0.01764057331863289,0.0,-0.007393673243317744,0.0025081514923501746,-0.002740977615349527
2025-03-17,0.012810559006211086,0.005954175707976184,-0.005788917526327708,0.0018367006177992806,0.013142961445080426,0.018974090249126885,-0.020955156858972424,0.040646105137546185,-0.003305319609632651,0.03479236812570141,0.026425591098748313,0.004096785900935984,0.016262196647485627,0.04168575355016024
2025-03-18,0.024785997189216813,-0.010062152807804536,-0.0076142447099127875,0.011700032552083295,0.012060447895426263,-0.005650474309858766,0.008461901151351592,0.00100152521038388,0.014820603215635053,-0.0048806941431670525,-0.008130081300813052,0.00370921308848704,-0.0027080256031511984,-0.006156552330694787
2025-03-19,0.012467273407305912,0.003886429451423812,-0.0018053669983182363,0.000263518388773365,0.016623309152446586,0.019243219228936015,0.04812442484166235,-0.015007465757652994,-0.017467252280472856,0.00708446866485013,0.015027322404371546,-0.01884701548215917,-0.004443347321648972,-0.0026548672566372167
2025-03-20,-0.006156877231867974,0.01637877328975934,-0.004069278813498611,0.0013505378267197887,0.00177301500101823,-0.006208849896440549,-0.06404527875660815,0.015744004953487822,-0.005562889904744295,0.015151515151515138,0.018842530282638048,0.0026365952611833166,0.00471113315150018,-0.011091393078970668
2025-03-21,-0.037913517531904306,0.000292948175221186,-0.01225794742044961,-0.007171068693462179,0.000491653333668518,-0.0019125334991028087,0.0012578904555671233,-0.014000034332275368,-0.014680589382369269,-0.01012793176972282,0.005944517833553542,0.008264436755022642,-0.003208292201382079,0.0017945266935845972
2025-03-24,0.040437862202189256,0.012155855973833951,0.0022981696582458078,-0.0016897003505831343,-0.00461915778421762,0.005109862113408692,-0.016582910659526884,-0.023326526394001568,-0.0007510220844495485,0.000538502961766385,-0.019041365725541715,-0.004098383372809211,-0.0024758603614756236,-0.017913121361397222
2025-03-25,-0.01039732640178237,-0.0015916742783979032,-0.0042800181463439335,0.003517922794489925,0.02349920122245064,0.013090986213486033,-0.018906520059749576,0.012980269835360936,0.02215540433612917,-0.014531754574811595,-0.016064257028112428,-0.013467965176508612,-0.005460412012906479,-0.00911992704058373
2025-03-26,0.006128830519074313,0.00942031196925952,0.008289851406003468,-0.000926033956193284,0.006366967357125164,-0.016434545210351925,0.005468788368550692,-0.008200914686574579,0.0009117712393222899,-0.014199890770071,-0.017006802721088454,-0.0003792274768136261,-0.000748689792862467,-0.014726184997699066
2025-03-27,-0.008080556936847394,0.0038764772024604266,0.021163206199603213,0.013009384653107636,-0.02271860254535596,-0.033673500528141,0.02305101922860331,-0.013436704070084793,0.025387076927353425,-0.0027700831024930483,-0.0117647058823529,0.021623660152738422,0.01573426573426584,-0.006071929005137755
2025-03-28,0.007895726281488935,-0.008009118610681987,-0.002534637985967203,0.008594225621777918,0.0029426863701367267,0.0030359674000068892,0.029113926113540023,-0.006809903985129706,-0.007249859778691414,0.007222222222222241,-0.018907563025210128,0.0037133449809321206,0.006147037128104271,-0.007048872180451138
2025-03-31,-0.017408604824670437,0.030565206573334835,-0.0010463332321022367,0.011760910036651584,-0.01809294989875665,-0.0005264171617456181,0.013284108255288585,-0.005274181379206322,-0.005397767845001122,0.008825151682294585,-0.01142041399000715,0.004069504262250279,-0.008064516129032251,0.016564126833885418
2025-04-01,0.0348013161225007,-0.003917269103824728,0.02124791455991648,-0.0012489260994595908,-0.00019918874991053936,0.02448976377345291,-0.040786594936959464,0.025980899006398772,-0.008677475694964132,0.009841443411700457,0.025270758122743597,-0.01989679514822218,0.01921655580192172,0.0065176908752326845
2025-04-02,0.09673474379356728,0.007162951658568284,-0.0065933618790063875,0.006733143306144385,0.0008965754560830153,-0.0005140256926561282,0.02632241300603222,0.012403088702158227,0.009983008192139708,-0.008662696264212233,0.030985915492957705,-0.00563908332252383,-0.004592700024172114,-0.0023126734505087843
2025-04-03,0.03601694915254239,-0.06637849947011298,-0.04424778561897458,-0.013662824828182485,-0.042301203706525015,-0.009258084215015505,0.020468603358603454,-0.02450227353229084,-0.07695877110556226,-0.0005461496450027692,-0.03825136612021862,-0.011342197949178456,-0.01748421563865954,-0.006026889197960128
2025-04-04,-0.08384458077709611,-0.0740850708867078,-0.022222258851686716,-0.02744591540200192,-0.08865097798699184,-0.05074623697071712,-0.07274048270255351,-0.01412875191732943,-0.08566765018948008,0.006010928961748707,-0.02627840909090906,0.0,-0.03410776075135935,-0.013059701492537323
2025-04-07,-0.05392387218045114,-0.02080982223905059,0.04150879463514845,-0.020152706232362205,-0.04915038809835337,-0.057150734800168745,-0.047432871218421546,-0.008492560834195695,0.013532113532447543,0.009234111895708885,-0.017505470459518557,0.01873804123388756,0.0061412487205732,0.01417769376181477
2025-04-08,-0.03700484291568362,-0.01845138250094691,-0.006667598518794504,0.00579400712659317,-0.009954447126836019,-0.005510423328742076,-0.05198360019363113,-0.019807325117167207,0.002778679242197768,0.009687836383207804,-0.020044543429844075,0.014264304685490892,0.00991861648016279,0.006523765144454741
2025-04-09,0.0892327530625403,0.04649205367467135,0.01647588331624328,0.029679322380616213,0.011629281209150522,-0.0034995092178840004,0.10129872417501828,-0.02184596560334673,0.02470265354279455,0.010660980810234477,0.0007575757575757347,0.0029607669263775893,0.020146058927222432,0.004166666666666652
2025-04-10,-0.04250029596306382,-0.03656774394698992,-0.002401261283357381,0.0322918210933667,0.03484617076514818,0.003365507332167228,-0.06787213416618221,0.011725348610297948,0.011476422955487786,0.018987341772152,0.028009084027251996,-0.022509247297600177,0.016045420883732397,-0.007837713231904075
2025-04-11,0.052299703264095054,0.023805565381066485,-0.008725768322598415,0.02123478734687345,0.043161321036430556,0.04331341939376254,-0.008434065799641677,-0.006622562564874368,0.03759251070104619,0.015010351966873614,0.018409425625920406,0.019630066525354373,0.013362487852283778,0.03299256505576209
2025-04-14,-0.031018681706027507,0.00048778502921753564,-0.027318304271233607,-0.005400007016144959,0.02285073394836079,0.007548173322092122,-0.05727244274607912,-0.007222175598144531,0.00842130637441274,-0.010708822029576792,0.002892263195950928,0.015179557346826522,-0.0009590026372572336,-0.014844804318488558
2025-04-15,-0.02970777252334178,-0.003250397403054772,0.015447114210221269,0.004337213595847489,0.00010849196275208861,0.024972253475079143,0.0012029920133003191,-0.019585918580446005,0.004206722554225939,-0.0077319587628865705,-0.011535688536409516,0.0014587530294463136,-0.005519558435325145,-0.010045662100456654
2025-04-16,0.01174706323419139,0.01858795623043985,0.010909635287285058,0.03352289685936416,0.013662920084120289,0.018002149448729687,-0.02463202681288723,0.019406400896366804,0.021689808910035024,0.006233766233766147,0.013858497447118978,-0.02403495518633536,0.002654440154440163,0.01060885608856088
2025-04-17,0.033226284584980226,0.03537696560409609,0.00805591688587115,-0.005380913232397977,0.012302174801940069,-0.001462539052844103,-0.0006159819750559681,0.003919355679285141,-0.015367810817145333,-0.00413009808982967,0.025899280575539585,0.005223929141142225,-0.0021660649819494893,0.0018256503879507946
2025-04-21,0.05319784817692774,-0.024737143886393254,-0.00829317029988974,0.029467767231497577,-0.0022191596520091394,-0.02316914036493012,-0.07057006508790697,-0.006692740501446526,0.002344238677220112,-0.0010368066355624928,-0.0021037868162693263,0.005567914460159029,-0.006753497346840276,-0.01867881548974948
2025-04-22,0.05675368898978439,0.01949898053004695,0.019309781622055544,-0.0015853157246075167,0.03166699576947174,0.029580170296078734,-0.0029841057180853836,0.010106699077672143,0.011816922226118187,-0.012454592631032657,0.005621925509486925,-0.017718698395447374,0.005342399222923788,-0.005571030640668551
2025-04-23,-0.022126745435016137,-0.03172130583540156,0.025507145899763772,-0.03660903264303972,-0.007186186966177122,0.03905732884519275,0.004988395429467385,-0.002779279471743945,0.01940390716410101,-0.00788229111928529,-0.005590496156533842,-0.0075159999380702835,0.005072463768115876,-0.013538748832866432
2025-04-24,0.03152460456941997,0.008350737978818135,-0.021090864701704515,0.017000869988021305,0.0029986851107479673,0.03975536785464606,-0.030443416732234385,-0.0011148526849652507,-0.0010741425837215157,0.011122881355932313,0.007730147575544688,-0.007194264867677935,0.012256669069935056,0.0018930430667296605
2025-04-25,0.027792567351719644,0.0036629963192029713,-0.006686546169851426,-0.014885983690351101,-0.002989719882251718,0.0006127450980393245,0.0023890680283051857,0.014508941282080912,-0.014724331086388931,0.0031430068098481367,0.017433751743375137,-0.013348531017803311,-0.0030864197530864335,0.0014170996693434468
2025-04-28,-0.04506837961044341,-0.015391958325249866,-0.007030684090218342,0.015263252238240987,0.0005170214750780389,0.03257804725773128,0.07933266502530989,-0.0187018782662558,3.0412120074041482e-05,-0.006788511749347248,0.012337217272104128,-0.03285660432529447,0.00214336746844479,-0.027358490566037785
2025-04-29,-0.007703157209504208,-0.02626915532888008,-0.0004519249855094998,-0.0041110131048387455,-0.0031004272512347164,-0.02111254692018949,0.06813874968185796,-0.012331799970448976,0.00863897644473699,-0.03154574132492116,0.032498307379823954,-0.0027977495421067644,-0.010456273764258506,-0.01891367604267702
2025-04-30,-0.00207741089000657,-0.03657727824309254,-0.00874155002853405,-0.004158144095784855,-0.05453037817547057,0.002302222757985861,-0.017720007156782347,-0.009080689395001396,-0.022359226499803597,0.014657980456026065,-0.06557377049180324,0.03767529450761575,-0.006003842459173847,0.01433514582303519
2025-05-01,-0.01687301413388842,0.01769459904129933,-0.002432659888720101,-0.02874432677760963,0.004605243138328996,-0.04327851458494503,0.04600123797020195,-0.01718208778872954,-0.01051302058231629,-0.006420545746388395,0.024561403508772006,-0.010814939586627714,0.005315293549166489,0.004385964912280604
2025-05-02,0.01716259890783456,-0.01603647427452337,0.06965401085674117,0.006822399484034181,0.010150667431521487,-0.0007581963641434264,0.0434032822404411,0.0023310557041396063,-0.00621326728728433,-0.00646203554119551,-0.010273972602739767,-0.014837995277580673,0.008171112713290185,0.02183406113537112
2025-05-05,-0.04042949490522629,-0.019900494582135275,0.0024223164463677005,0.024567637885936522,0.005942766558150847,0.008978296321057178,-0.022038611460747926,0.015697589444112037,0.006752368265854569,-0.03197831978319787,-0.0006920415224913601,-0.013476026902763616,-0.0102502979737783,-0.0232668566001899
2025-05-06,0.04761361041333645,0.03430770257006954,0.022601336201450772,0.03022977442079,0.01718580453283125,0.00538913104574279,-0.024507012494947022,-0.0017171597295909669,0.028194289076925116,0.002239641657334923,0.021468144044321402,0.0124548566047753,-0.003131021194604955,0.00923675255226053
2025-05-07,0.024305177111716647,-0.017261811730068133,-0.02043371102051894,-0.008794043752944014,-0.025026447593482937,-0.012216389483723389,0.0456251774972245,-0.017775307557223452,-0.017576201209763553,-0.01452513966480451,0.003389830508474523,0.009126965685436694,-0.004107272287992236,-0.0019267822736031004
2025-05-08,-0.01383273036816346,0.03168589912618658,-0.05363982849182014,-0.025078312869389552,-0.01202210152928751,0.004038302717420006,-0.008008849339015578,0.02159958303330356,-0.004703202676045848,-0.0045351473922902175,0.0,-0.018875325854346703,0.006065016982047533,-0.009652509652509633
2025-05-09,0.01283987915407847,0.018527801922528564,-0.0011996075592436428,0.011769642522029056,0.010962550352269895,-0.0016339716350686206,0.056514495610628934,0.0160000392368862,0.009203791181071619,0.005694760820045497,0.013513513513513598,-0.005611274257154575,0.006993006993007089,-0.014619883040935644
2025-05-12,-0.00500692447001172,0.015240909508342337,0.0003002048173423866,-0.03459852063396052,-0.007048420429105917,-0.037013677238742715,-0.03926223052732791,-0.004499433105542128,-0.008813753550887204,-0.0028312570781426905,0.016666666666666607,-0.007255151513520741,0.021072796934865856,-0.01285855588526208
2025-05-13,0.08897216274089925,0.027764283855099103,-0.0052528664047504225,0.0063043629901009535,0.02249648764139267,0.006275313949225758,0.00027431869567906553,0.029378447909664596,0.014820289459054559,-0.009653605905735385,-0.010491803278688483,-0.023548515772178424,0.001172607879925014,0.005010020040080221
2025-05-14,-0.004129387474191337,-0.008167059180473335,-0.012069937192170976,-0.01817737419276233,-0.015059254007280809,-0.028322706830235966,-0.04250067678318892,-0.008781550682871675,-0.019532624145659483,0.005733944954128489,0.0,0.03659048216347438,-0.00023424689622864037,0.01445663010967091
2025-05-15,0.012636982920327666,-0.02422806899485419,-0.0007636385032732118,0.012353067842610033,0.007265173990234519,0.02941569632550256,-0.03722798127335458,-0.02159465122819637,0.007912779732317743,0.022805017103762815,-0.09874088800530156,0.03569993496805779,-0.014761012183692634,0.047174447174447076
2025-05-16,0.062493906600370464,0.014118837417438801,-0.008253108864568204,-0.012016006383268829,-0.019162396914567226,-0.0226003687002152,-0.00832833968619806,-0.0084889427211442,-0.009944215291697311,-0.01114827201783719,0.007352941176470562,-0.007358657486572495,-0.0011890606420927874,-0.014547160957297023
2025-05-19,0.0069737566525966965,0.003200463160030642,0.011558021375473126,0.01473912707220304,0.017122174984529392,-0.00026579695286543803,-0.06628679880518973,-0.003995416266852847,0.004819913388177666,0.00901916572717032,0.043065693430657026,-0.00975419462294369,0.0007142857142856673,0.007619047619047636
2025-05-20,-0.009112447603426332,-0.002073652197570497,0.007312665469178636,0.015918779782261305,-0.0030214608104389695,-0.01821083667331047,0.10086737493248754,-0.006303759629924133,0.020641841443505227,0.015642458100558754,-0.0020993701889433503,0.0007880401270694559,0.0021413276231263545,0.032136105860113506
2025-05-21,-0.014254184292808558,-0.01582483466647533,-0.0007562469703678021,0.008840654686561367,0.004004730075804597,0.002707825705536182,-0.017216228325267813,0.020761280691098172,0.014645291561202534,0.014301430143014215,0.008415147265077083,0.03622047598862044,0.0092592592592593,0.005952380952380931
2025-05-22,-0.04114189756507136,-0.006009402853966006,-0.006659640433458569,-0.0051370379685032885,0.002263896980966962,-0.025789867965936963,-0.03414489563382528,-0.016949216467680994,-0.012431651395756416,0.00433839479392617,-0.0006954102920723182,-0.018617012796338317,0.0044695365796283415,-0.008648156577150679
2025-05-23,-0.05000972951936178,0.005392124383064578,0.0073137799332849696,0.021656607165408293,0.03398945757503302,0.0006930006930006005,0.024900119619723382,-0.006321764678993813,0.011952686996865802,-0.0075593952483801186,-0.012526096033402934,0.019744492078521914,-0.006791569086651017,-0.0036730945821854544
2025-05-27,-0.0025604260548954816,-0.010401420483430623,-0.0081682182807723,-0.0191758824257805,-0.020076962599359316,0.0019390919862360967,0.01919612752175559,-0.004048675446279848,-0.008851187800999694,0.0,0.014799154334038,0.01176915201771278,0.0021221410044800493,-0.02580645161290318
2025-05-28,-0.01078139439367487,0.015601917760914796,-0.0036601778997488177,-0.0016671212867737095,-0.014012735500353979,-0.026956040008146998,-0.057092408950309204,-0.018583025992112034,-0.004404751971596399,-0.018498367791077275,0.02777777777777768,0.012757979641826456,-0.013176470588235345,0.0033112582781456013
2025-05-29,-0.05439069960556364,-0.014553711572739103,-0.007500466545695694,0.007135049581982633,0.0020456560279136227,-0.010086711713078733,0.09925096085515173,0.005917182469050486,0.00857578624378541,-0.008869179600886956,0.014864864864864824,-0.010374238200073438,0.0030996661897948474,0.007072135785006983
2025-05-30,0.0747530186608123,-0.0024613999764007133,0.003392986322156233,-0.008501460457109866,-0.00021487643785078614,-0.01707801892562877,-0.02129473199877152,0.002941131591796875,-0.01174781852343032,-0.006711409395973145,0.008655126498002597,0.010482991248332851,-0.009507962918944624,0.0
2025-06-02,-0.032376672454294764,0.028458620104979238,0.01644635313520526,0.024841192416430236,0.03911868402172791,0.005840268444174734,0.07165650626798081,-0.009970679407681482,0.05080267302526886,-0.012950450450450401,0.0033003300330032292,-0.008892173884898935,-0.007919366450683918,0.009363295880149725
2025-06-03,0.031771163183449413,0.014235434790978552,-0.0012096507633836406,-0.006052378179944973,-0.0051710868504493135,-0.010451461680749952,0.007579826173880644,0.001184861300832063,-0.0017360001668784708,0.0005704506560182399,0.012499999999999956,-0.014953256767486822,0.007014997581035409,-0.005565862708719838
2025-06-04,0.017698209718669977,-0.008831436281952154,-0.01604852595022055,0.006954823344193173,0.011435663967580334,0.015549325797457048,-0.0016119838072655712,-0.008875717273141515,0.00046380476461815867,0.0005701254275940482,0.007797270955165692,0.024288401532567283,0.004083593562334897,0.013526119402984982
2025-06-05,0.012866907921190274,0.00827367494651221,0.005693226015449637,-0.0067585738337409,0.010072933686062546,0.03928934376229587,-0.010495165094596914,-0.010746286876166078,0.033894322976071534,0.0017094017094017033,-0.024500322372662753,0.008892173884898824,0.00645933014354072,0.004141739530602928
2025-06-06,0.018161969035331404,0.019094254687782586,0.003978000823171568,-0.008356462950437349,-0.016993978080726224,-0.004725537754082687,0.029099775029346908,-0.004827997898578351,0.009414731643111685,0.006825938566553003,0.012557832121612655,0.0025706829232825523,0.005229379605419471,0.016956920256645303
2025-06-09,-0.008285407934496503,0.010994101336975204,0.005638450193554245,0.002829068715957783,0.016459668658391546,0.009775171398759497,-0.039376303536596935,0.01091572514700978,0.01840383543041968,-0.02033898305084747,-0.007180156657963455,-0.002197782696672479,-0.0011823126034523623,-0.022983325822442557
2025-06-10,-0.05622174169451544,-0.004748009714302559,-0.00863766802964494,-0.0033613021770798612,-0.005194072087248092,-0.01797815024051952,-0.028060522244912622,-0.011397752440794107,-0.0039795003690653585,0.01211072664359869,-0.0269559500328731,0.006975056374966204,0.0016571969696970168,-0.013837638376383743
2025-06-11,-0.005519683399291764,0.048784210606031886,0.000764338935453468,0.0001204933891842952,-0.01699420746322422,-0.012392603993131357,-0.0073591913230482975,-0.0036407443937489514,-0.010289514875148065,-0.0039886039886040114,0.016891891891891886,-0.003281084636769349,-0.006854171590640501,-0.000467726847521055
2025-06-12,0.0323594093622368,-0.0016140954935971452,-0.00504050442800863,0.01794473628983151,0.0042698824751870035,-0.00812778027412997,-0.00427712193217078,-0.009135177699958308,0.0012995875831953718,0.003432494279176135,0.009302325581395321,0.004754907097332062,-0.007853403141361293,-0.014506317267196978
2025-06-13,-0.00912964090079127,0.07260438528710988,0.003377359882783315,0.014877710160320134,-0.003836949476324736,0.005462980105662041,0.025486822458046232,-0.008604873574558858,0.0018776952036658745,0.0136830102622576,0.0177748518762344,0.0025482928257234416,0.02638522427440626,0.03276353276353272
2025-06-16,0.027334152334152373,-0.016579976133314744,0.0012240182115605958,-0.010142238669664128,0.004892768227852562,-0.016442664567583254,0.046634965851416244,0.024178630954035052,0.002701231835737783,-0.021934758155230605,-0.018111254851228997,-0.02541760129516868,0.0,-0.013333333333333308
2025-06-17,-0.009167912306925707,0.042775530701112396,-0.005959648152483399,-0.002885350656363417,-0.005386931154454766,-0.02354995149306771,0.027481367822943747,-0.026634414156498143,0.019544201422382113,-0.0074755606670500185,-0.022397891963109373,0.008196695681958799,0.003972890862351086,0.02329916123019582
2025-06-18,-0.026450769385497286,0.00400859254994268,-0.0032283889933116816,0.0009448860448830754,0.009269841660857425,-0.032603876754601746,0.035834850406428975,-0.01243779914266574,-0.006039337355512764,0.004634994206257348,-0.02088948787061995,0.002217345693836137,0.0006983240223463749,0.04599271402550098
2025-06-20,-0.1261363636363636,-0.0027947709100140106,-0.012337993021998117,-0.006401543117381503,-0.003921481401726101,-0.01800555929028269,-0.035597943204978,0.013853920997692226,-0.02414146808411788,-0.010957324106113053,-0.006882312456985562,-0.002212439949640932,-0.006280530355896707,-0.011319111885067512
2025-06-23,0.08629861685778462,-0.08567994318427696,-0.0012492478124760398,0.00285022809218316,0.0035225281339839043,0.035260932237678455,-0.038731461901335806,-0.003726674814954589,0.00491989464836462,-0.02215743440233231,0.016632016632016633,-0.00886917131762055,-0.008661048689138529,-0.026420079260237816
2025-06-24,0.02687996517575364,-0.060429123639729965,0.032051330223603625,-0.017852399472962133,0.004955640753262935,-0.04526182937319312,-0.04353705120184115,-0.016832945283831058,-0.012502411026272031,-0.007155635062611854,-0.008861622358554921,0.011185725123892265,-0.01133412042502957,-0.03075531433740386
2025-06-25,-0.03762187367528613,0.008544281480436622,0.006514168932889142,0.0029240355694371,0.009451408021621477,-0.021246272641047392,-0.03703704951981612,0.013316365147552744,0.010755969540121812,-0.014414414414414378,-0.011691884456671242,-0.02212390718667423,-0.020539765942202082,-0.013999066728884735
2025-06-26,0.030833608633410448,0.004929138999533844,0.009482197926972802,0.0019235677184039623,0.03104003102692854,0.0027539482271972116,-0.04257192754846961,-0.020650809334120446,0.013883870400295262,-0.001828153564899404,0.016701461377870652,-0.016591271736905555,-0.0024384296513045856,-0.013724562233790816
2025-06-27,-0.013887405191753022,0.004291826923133124,0.006709362610552105,-0.017939117692552853,0.0005922928690555995,0.0012923873876715675,0.1465808574222498,0.010223693609358264,-0.015005734662384751,0.019536019536019467,0.05475701574264202,0.00498463041207442,0.004888780249327818,0.007197696737044179
2025-06-30,0.013541328133463315,-0.00625757102748925,-0.018364898184527134,0.006323105807074736,-0.007595902502630647,-0.010164549720954708,-0.07568868311391364,-0.02087292021642917,-0.005133545106888682,0.007185628742514938,0.0038935756002596023,-0.011445984263245279,-0.003405497445876926,0.0076226774654597484
2025-07-01,-0.03805044890979048,0.005221875820971444,0.0,0.012839986061810915,0.0035784589059764116,-0.02575385133328245,-0.011863462595154473,0.014211903975096973,0.006415249765731046,-0.0011890606420927874,0.003232062055591456,-0.022771136860767704,0.00048816206980717425,0.016075650118203333
2025-07-02,-0.010666666666666713,0.030557679041323782,0.007392846602202852,0.00338659423786547,0.020007985700174702,-0.003011523768122748,0.021376267947019745,-0.007643304905536774,0.009533782726553808,0.022023809523809446,0.03221649484536093,-0.0035545084388878267,0.02512808001951705,0.034899953466728695
2025-07-03,-0.01392632524707993,-0.006671563656073909,-0.016624128152810003,-0.0048984176653972256,-0.010099056920037652,-0.01778828022622847,-0.022649082020094413,0.05134783318216152,0.009828192002456326,0.005241700640652214,0.0074906367041198685,-0.00039636262636844055,0.00547358400761544,-0.014838129496402841
2025-07-04,0.0,-0.007462686567164201,0.0,0.0002701111530112321,-0.01540126917078044,0.0,-0.006453457461130907,0.0,-0.00024464089692677327,,,,,
2025-07-07,0.011275626423690177,0.021503763987605673,-0.004112157438345476,-9.003715772692988e-05,-0.00677491698700472,-0.04305486542389092,0.007381120853086509,-0.0061049132627925,-0.0043507774513487085,,,,,
2025-07-08,-0.013402410181326707,0.005888436980449052,-0.010857915447313071,-0.007562556731630865,0.13251079520310127,0.026245336275283915,-0.021102001157853434,-0.009213852552349855,-0.003905545537106536,-0.01674641148325362,-0.019218846869187844,0.021345174719050064,-0.0072692028107583795,0.006021306160259421
2025-07-09,0.0326484018264841,0.0007316759991737865,0.0043289854356181046,0.0013910183417751298,-0.03569529488851686,-0.005393137877125476,-0.037724530167267734,0.026658420802753824,-0.003317569153415856,0.0036496350364962904,-0.013274336283185861,0.009069382362019596,-0.011715889675372182,-0.0004604051565377798
2025-07-10,-0.0336060137077161,-0.02646969335032079,0.019858388757823864,0.0017513602235985637,0.019197173893448216,0.014168227064868866,0.03827003953045338,-0.018115896541997523,0.018898969136643906,-0.012727272727272698,0.005124919923126248,-0.016803450668690045,0.0002469745616202612,0.01381851681252888
2025-07-11,0.011210249370853242,0.028240908247505025,-0.0007547630454008969,0.011635648035372315,0.0025234209302467114,-0.004484262919415394,-0.006892419132016325,0.019065157538666222,0.04422486548706095,-0.010435850214855713,-0.055449330783938766,-0.010731337814035902,-0.008395061728395103,-0.01726487960018175
2025-07-14,0.012443438914027105,-0.021475436915214363,0.003172307002240249,-0.001340882002383803,-0.008450185732452153,0.05925157914716794,0.04586608141642223,-0.016294536073407917,-0.005533066875267112,0.024193548387096753,-0.0587044534412956,-0.005624724511108736,-0.006972111553784854,-0.012482662968099856
2025-07-15,-0.042793296089385424,-0.006867821600662349,0.01204630896323411,-0.0064746982461211244,0.005621058581975369,-0.013411861104993816,0.016445447340243335,0.01595093503383027,-0.016327859636761755,-0.02786190187764992,0.04946236559139794,0.02343434035175984,-0.0020060180541624506,0.0074906367041198685
2025-07-16,-0.0285981090229952,-0.0021046211171603657,-0.0038685037906887043,0.006817211495886655,-0.008925349535135352,0.04293760420219761,0.007947804806445413,0.0,0.0005022204171907241,0.009968847352024968,0.017076502732240373,-0.00039479782518581086,0.01859296482412054,0.006040892193308611
2025-07-17,-0.12172554674357128,0.01747519900732808,0.004481001724163436,-0.003698703159955241,-0.0019102982251403278,-0.006517208305593769,-0.002534514965582768,0.010869583996423016,0.005362827558010208,-0.008019740900678585,-0.013431833445265329,-0.011058403739006017,0.007893438579181122,-0.014318706697459604
2025-07-18,0.06717745245587636,-0.0029612759094698182,-0.0019330446604902685,0.0038621304651325072,0.016769961102048425,-0.011520019531250036,0.006493506930596471,0.004778968028666286,0.004388265134693148,0.016169154228855787,-0.002722940776038074,-0.012380246084527258,0.006118453255017142,0.02389878163074033
2025-07-21,0.04564102564102557,-0.002078993128332929,-0.008641266497627198,0.014583925542424714,0.005826423411900539,-0.03771445168881549,-0.0673211797151737,-0.026753796893902004,0.022970519754130114,-0.011627906976744207,-0.01979522184300342,-0.003639310725994105,-0.012405740695694445,-0.0073226544622425616
2025-07-22,-0.0008582638548307875,-0.014732111737029263,0.0007513589070542448,0.010964475704422494,0.015417551024466958,-0.0030277338822014555,-0.02195487313586253,-0.005497870981911679,0.005600827231518668,-0.011145510835913308,-0.018802228412256317,0.004870164050564618,-0.004679802955665058,0.013370216689718717
2025-07-23,0.03570990305558963,-0.01449930671722044,0.0004506143616400671,-0.013113472364483347,0.017202044783521275,0.016871941613031405,-0.053813095235389574,-0.0024570585896938058,-0.0010681540493516772,-0.0018785222291797243,0.0,0.01252017217595891,-0.0044543429844098315,-0.016378525932666088
2025-07-24,-0.03744075829383886,0.011954004280411823,0.01080746865243154,-0.006805956510299027,-0.0031061476528092546,0.011614401623067261,0.005524926519887563,0.020320192632818923,-0.006543102252689503,0.008155583437892133,0.013484740951029028,0.0007977845236193382,-0.001491424310216205,0.0018501387604070718
2025-07-25,0.02523387493845397,-0.013175755463746608,-0.004900419061568573,-0.010975971521803629,-0.0023368074955467666,-0.023946262635363258,0.005171232541561155,-0.016897935090749328,-0.02188565371354978,-0.005600497822028649,0.014005602240896309,0.00557988795524178,-0.005476723923325877,-0.0060018467220683824
2025-07-28,0.02269179973586266,0.023787528165297056,0.005820017567759184,-0.007468477007723462,-0.0292357798535543,0.013947318381172469,-0.03922829039690556,0.008594191637828041,-0.0036942605132305184,-0.014392991239048802,0.02140883977900554,-0.011494213770921302,-0.010012515644555742,0.0004644681839294229
2025-07-29,-0.034984738201455756,0.03747564134777348,-0.016320451768813915,0.00432135754902907,0.0015192313674488034,-0.017235704330906376,0.031124556954753135,0.009738274159478033,0.0015252368310385567,-0.011428571428571455,-0.0020283975659228792,-0.00681636217536552,-0.0070796460176991705,-0.01624883936861654
2025-07-30,-0.0034063260340632118,0.011414548850999573,-0.006033205240829953,-0.008304704316853595,-0.005978356094184956,-0.0104553325582315,-0.011684522007133102,-0.008438781697455155,-0.013601453279073139,0.006422607578676853,-0.03252032520325199,-0.0024223404191423548,-0.014260249554367221,-0.011326097215667796
2025-07-31,0.038330078125,-0.010571398053850434,-0.004400620771055075,-0.0007889124393861691,-0.22253141967258838,0.008179938467657744,0.020032797626243548,-0.006079050263329999,-0.026992591774202768,0.00574345883854499,-0.010504201680672232,-0.006070401622334742,-0.006199948333763916,-0.0009546539379474694
2025-08-01,-0.032212555842934365,-0.02786601567495739,-0.018137516084986927,0.01654925325156964,0.018935406157227774,-0.03921560535714541,-0.007405023278435174,-0.010397557940525437,0.006429213786386834,-0.011421319796954266,-0.00849256900212314,-0.002442975050776508,0.0,-0.012422360248447228
2025-08-04,-0.015792031098153525,-0.01544632240077648,0.002173228712010866,0.007975610586763882,0.0005665852180154474,0.01530603588703805,-0.04897827622358886,0.004326309858092348,0.01100939483429797,-0.006418485237484006,-0.03140613847251961,0.002448957793566686,0.007538341564855777,0.0
2025-08-05,0.032214268081955044,-0.017046269992633034,0.015954132872481264,0.00222261741851959,-0.011551555763595012,0.035175965494564476,0.02660302549281779,-0.009846144456129857,0.013309284631463969,-0.014211886304909549,-0.03095062638172441,0.01995113117969116,0.0,-0.01644895984518624
2025-08-06,0.012794451751763747,-0.012431018147092243,0.0016770943206778632,-0.0005617855047789222,0.006186973276029795,-0.0177436159824238,0.022259107134299683,-0.00497202752935888,0.0020961754742510053,-0.004587155963302725,0.012167300380228063,-0.0007983453502645732,-0.007739938080495334,0.0004918839153960075
2025-08-07,0.020543093270366075,-0.007303767166286335,-0.011263286120888116,0.006005931605954196,-0.0028466886475828623,0.014996571192965824,-0.00324991575540845,0.0,0.010379762689984862,0.012508229098090906,-0.002253944402704766,0.01518174791618554,0.010660426417056668,0.019174041297935096
2025-08-08,-0.013651087459509492,0.0,0.005541881395094039,0.011410772070393316,0.017585963551933093,0.038784482149060606,-0.02510593574436426,0.014990616345226915,0.00678753772284435,-0.004551365409622865,0.003012048192771122,0.0011806645740126687,-0.005145356315924832,-0.00723589001447178
2025-08-11,0.029556650246305383,0.0012523170792080318,-0.00045925871765206683,-0.025006541699268636,-0.007182148792667209,0.03668985252813495,-0.012040138206226292,0.01476921668419462,-0.019652785790503335,0.005878510777269863,0.0015015015015014122,0.019654087637719586,0.023532454098784683,0.0009718172983479434
2025-08-12,0.0017088174982911042,-0.012351484159403792,0.02726296146939644,-0.0012526304584333792,0.019215561653475266,-0.017305949795112574,-0.04942447821117302,0.027289312867524673,0.006292802283267784,-0.03506493506493502,0.002248875562218977,-0.014649231314252109,0.022486104092976245,-0.01941747572815533
2025-08-13,-0.025815989992039157,-0.008231702677522601,-0.009840406078990616,0.002926348685807545,-0.005877836194779329,0.014120299201062059,0.007122500107407337,-0.00531287778928613,0.015831613402925715,0.006729475100942128,-0.007479431563201189,0.000391245269592444,0.011613540894489738,0.004455445544554459
2025-08-14,-0.03980854541209433,0.0209097769622979,-0.0036139960838610374,-0.006996754798475169,-0.0039044900039204578,0.021589467348913427,0.004596892195349422,-0.01602376567662256,-0.013428974735347321,0.002673796791443861,0.0007535795026374359,-0.0003910922565970587,-0.014655593551538892,-0.007392804337111869
2025-08-15,0.0012158054711246535,-0.018136333083433653,-0.0010578766323295907,0.00023988031897270723,0.0030239027378218264,0.04640120642108547,0.026399087346125283,-0.008443871549617232,-0.0023168195495057997,0.023333333333333428,0.0075301204819278045,-0.006259775068669371,0.013634110064452143,0.005958291956305928
2025-08-18,-0.022829386763812964,0.009872594576703086,0.004841145267945768,-0.0012889834616681695,-0.0046896794361693805,0.005707631324068041,-0.008916250156370209,-0.011557209725389428,0.0015041749360886758,-0.001954397394136831,0.007473841554558991,-0.009055100224038326,-0.0014673514306676738,-0.007403751233958533
2025-08-19,-0.004349446998881623,-0.016871644997116464,-0.0025594425418817845,-0.00549270615491293,-0.010769544814671184,0.03667056425988435,-0.04290659791632068,0.003692274827223452,-0.018181302806909994,-0.009138381201044377,-0.017804154302670572,-0.005959460392356064,-0.007592456527063418,-0.008453505718547971
2025-08-20,-0.04206190713929103,0.013793113574950722,0.00588678323997649,0.009054144046657164,0.0038557946639010687,0.011369982184657568,-0.005061438467363288,0.015941154959860926,0.011915950329594915,0.0013175230566535578,-0.0166163141993958,-0.03637089651330272,0.001974333662388972,0.014042126379137487
2025-08-21,-0.03127035830618896,0.004904309093197945,-0.011254501903799508,-0.0019441287880170854,0.0012426207943443401,0.04163775156141569,0.02688949099974236,-0.01327696544395296,0.008539943788736348,0.019078947368420973,-0.00691244239631339,-0.026545055196816825,0.019211822660098576,0.0029673590504450953
2025-08-22,0.019771351714862107,0.002204020602007528,0.008195491281369982,0.011237975695243652,0.0036105767787457665,0.04103929086338276,-0.04529370916628328,0.007951018821622524,0.02566591931624962,0.002582311168495721,-0.015467904098994567,-0.017895189117238863,0.0019333011116482446,-0.004437869822485174
2025-08-25,0.04945924558164072,0.017907684685488423,-0.006623550193962102,-0.00017776598298513413,0.0042719675302591575,-0.0017918384753350391,-0.0007412361287749691,-0.004854364437391179,-0.00835833724065227,0.0025756600128783447,-0.01963864886095834,0.012581385038012094,-0.010612638687891973,0.003962357602773636
2025-08-26,-0.0534120899836622,-0.023919799054944124,-0.007879931200178159,0.00438675932596122,-0.0035821772536120955,-0.015130207024920073,0.0077892832621320185,0.0006097700679539297,-0.0024561731928072206,-0.004495825305073864,-0.012019230769230727,0.01670948530843064,0.0031691857630424813,0.005426739023187022
2025-08-27,0.026420605416887843,0.014229273136425302,-0.0009164129750279804,0.004721713846100206,-0.008088928174427745,0.025387320166394556,0.0552079848900362,0.003656274619152189,0.0027732735880023895,-0.012903225806451646,-0.005677210056772131,-0.028655723484758977,-0.001458080194410738,-0.014229636898920539
2025-08-28,0.0009054456085888507,0.007014761302237105,0.009631512278647225,0.007989176523433672,0.01109973581418977,-0.01536309796979829,0.026857307275550246,0.000607178463797986,0.012949403224522982,0.007843137254901933,-0.0171288743882545,-0.0004337666752338709,0.0009734728644439361,0.015928322548531604
2025-08-29,-0.013310933057637642,-0.009133070461711856,-0.012568168073110009,0.012209307578411543,0.012322130179588164,0.02346874559256129,0.01800270828604167,-0.006674678765676845,0.025771935994458817,0.03242542153048,0.02406639004149369,0.0234374560208801,0.008266472161439387,0.015188633023027975
2025-09-02,-0.028159790438768817,0.024683551772073153,-0.009814436415178984,0.02179231143620708,0.011286958046876627,-0.036915695278238236,0.004004032034483851,-0.013439291962396016,0.02166662602084668,0.012562814070351758,-0.015397082658022643,-0.008905813619682568,-0.010610079575596787,-0.009652509652509633
2025-09-03,0.0074123989218328745,-0.024698813960013055,0.0024779876547249557,0.012340127918300414,-0.002407299808743324,0.00798008292924024,0.018278440408152852,-0.007430274595615516,0.01146796233804892,-0.013027295285359841,-0.010699588477366295,0.005562651095346149,-0.009505240068242715,-0.01754385964912286
2025-09-04,-0.036120401337792596,-0.007659866642432012,-0.0006179656025471214,-0.007625487786955487,-0.015465591728420436,0.0012978585334197934,0.0032637045750925076,-0.021210298920664394,-0.015189459380388515,0.005028284098051561,-0.010815307820299491,-0.011489381181432834,-0.003937007874015741,-0.00347222222222221
2025-09-05,0.024566273421235296,-0.025362328638335097,-0.004637548932380109,0.01329292211977151,-0.0012254545199552602,-0.0003888370615278136,-0.008457965344764617,-0.008922842153767485,0.003984307813467369,-0.0018761726078799779,0.001682085786375076,-0.003013331734981195,-0.005434782608695676,-0.002488800398208091
2025-09-08,-0.034001625575724725,0.00630352992373262,0.0027954699003260863,0.0068914388411576155,0.0017846953412186117,0.03163895616271861,0.013779467045320404,0.005144689564294813,0.008569834061510129,0.010025062656641603,-0.0008396305625524292,-0.020293580157644486,0.00695479384003983,0.008982035928143617
2025-09-09,0.019492357313139808,0.005942864705379636,0.0012389938273624779,0.0014293040412012292,0.002338259500294093,-0.012066334691460234,0.008737925429610716,0.013435702918066506,-0.013228415802935989,-0.004342431761786614,-0.005042016806722671,0.0,-0.0019733596447952806,-0.009396636993076135
2025-09-10,0.011829436038514496,0.016605414068235458,0.014075731032281213,8.235633192543723e-05,0.010886528327740175,0.020356234096692072,-0.028232292659599367,0.005681827760158686,0.006238100650602041,-0.009968847352024968,-0.008445945945945943,-0.0017629314493537995,-0.005931784478497293,-0.011482775836245684
2025-09-11,0.01291462751495387,-0.02041776777833515,-0.0028980295772877973,-0.001838894261971813,0.008901029779579739,-0.002369107748207644,-0.03136349529030824,-0.006905248477353965,0.01371159856990345,0.004405286343612369,0.0017035775127767216,0.004415027953815764,0.009696668324216784,0.016161616161616266
2025-09-12,-0.018252583545832812,0.0051306669922135395,-0.0027535612301192725,0.00343699313581447,-0.000435650821192457,0.026496703979406844,0.0023858109904626446,-0.0018963169121303247,0.016548012198395412,0.0,0.0008503401360544505,-0.013186779651013003,0.010342280226545153,0.0
2025-09-15,0.030622009569377884,0.00973042947382785,0.003528082818309297,0.008987792433232666,0.014601702501418012,0.05284308420689121,0.03468208045625909,0.013299559129468674,0.003066913210082012,0.06077694235588971,0.08156329651656757,0.02717143350880935,0.016573239093346404,0.04373757455268379
2025-09-16,-0.02228412256267409,0.019273260990682273,0.014827289022511403,0.0018195511543968035,-0.004833001495090139,-0.023360716921321023,0.019717365467634584,-0.00625002384185791,-0.0010818642302560244,0.01476668635558176,0.002356637863315081,0.018213360191714267,0.006713018460800857,0.017142857142857126
2025-09-17,0.0018993352326686086,-0.00728446397647331,-0.00798311167599608,-0.0019246533393638687,-0.01338221437499898,-0.0798105676898313,-0.0009668131011127956,-0.022641488384546493,-0.01763557574524066,-0.006402793946449381,0.006269592476489061,-0.012776799101758995,-0.005715646582519662,-0.010767790262172339
2025-09-18,-0.020582261340555186,-0.007494197253132273,-0.010173066546252163,-0.010348225637178965,-0.00656316104952992,-0.006948865716839947,-0.05193548977561124,-0.010296000502243885,-0.000359507923986202,-0.007029876977152849,0.0015576323987538387,-0.006039662976931814,-0.005988023952095856,-0.007572172266919086
2025-09-19,0.0013825521913453098,-0.014000305079770237,-0.0038349438661964275,0.007629620770278844,0.0061660159902687806,-0.05014903666562187,-0.017352800858663864,0.005201555468841601,0.019876724557404746,0.0005899705014749124,-0.0007776049766718973,-0.0017361507785524921,-0.011566265060240943,-0.0033381020505484083
2025-09-22,-0.03921027198674587,-0.0006381766964356217,-0.009547316342364498,0.01884786903768898,0.0008755060459384456,0.002319252669892524,-0.02839335763199502,-0.013583443572367737,0.02969250773750587,-0.005306603773584939,-0.035019455252918275,-0.003043464992357303,-0.014139444173573823,-0.022488038277512
2025-09-23,0.0047420606408967725,0.012292472306296265,0.0032649111546800835,0.010666492101799152,0.0025147347167067124,-0.04682186449231873,0.016749797373945885,0.026885235895875992,0.008972843177088352,0.010669828097213951,-0.004838709677419395,0.001308276445600498,0.0009891196834816984,0.019089574155653377
2025-09-24,0.008009153318077722,0.024917174265249642,-0.007593334465190393,-0.012828651205417652,0.036645267153111005,0.05026419080480915,0.0017525813428975745,-0.0012771075532711507,-0.009390860402732293,-0.004692082111436902,0.0008103727714747766,-0.004355334412391998,-0.0029644268774703386,-0.0019212295869356355
2025-09-25,-0.01745175936435872,-0.00015378530796217316,-0.0032791861566282554,0.0012860868041868478,-0.011046869505147883,0.009789275604393355,0.01609517255773829,0.007672626785479197,0.02101555976806302,0.003535651149086716,0.013765182186234792,-0.005249380403737125,0.0032210109018830924,0.014436958614052031
2025-09-26,-0.0024548736462093323,0.011388085957840577,0.0018799769456747661,0.010275936601965352,0.003297887083738793,0.018042228569630003,-0.023760332189980526,0.006979673545667975,0.03409629556927718,-0.008807985907222537,-0.012779552715655007,-0.010993843558324112,0.0014818473697209011,-0.01375711574952565
2025-09-29,0.013028372900984353,-0.03454048106512475,-0.014073518610502989,0.012078471360118748,0.02661440047243846,-0.01547407955251967,0.15238092274632642,0.009451831965108237,0.00845933308782909,-0.0011848341232227888,-0.0024271844660194164,0.010226747202180642,-0.00320591861898889,-0.0004810004810005264
2025-09-30,-0.035581594741354694,-0.017021305249305896,0.004282322934668015,0.005208235492420998,-0.00743653195089633,0.007119811417443778,0.01101928796841456,0.004993752897634041,-0.007701904304227791,-0.014234875444839812,-0.0024330900243308973,-0.017165466612457214,-0.008659079663532854,-0.022136669874879722
2025-10-01,-0.01096458734627348,-0.009459678734839105,-0.0026847468377232397,0.006951663932628138,0.005307034018189327,0.024142957571326784,0.05237665718237605,0.0018632781730492098,0.022420223562232833,0.002406738868832692,-0.012195121951219523,-0.008060918306797116,0.011230346892937337,0.002460629921259949
2025-10-02,-0.029063670411984988,-0.021042396612934056,-0.007917656182400923,-0.007188118636877849,0.013973633339134484,-0.015108069510760824,-0.009781403227745789,0.016739024910825906,-0.027278513228021106,0.012605042016806678,-0.013168724279835398,-0.005869036704535535,0.010612043435340501,0.010800196367206638
2025-10-03,-0.04490047832124677,0.006613781893294535,0.0033519406122586304,0.010703986816393396,0.032666462224428816,0.03345674078889349,-0.03428240369710889,0.004268274173929054,0.03471739395805029,-0.00652045050385297,-0.0016680567139282232,0.009082599974256755,-0.005616605616605597,0.0009713453132589311
2025-10-06,0.015024232633279455,0.013304821688282953,-0.0025453363960954434,0.01744484392910639,-0.014037188206906581,-0.024056286363363766,0.00992786761829434,0.020643604539327898,0.010189730636546379,0.0065632458233890745,-0.03508771929824561,-0.006750658108262031,-0.00024557956777992995,-0.004852013585638026
2025-10-07,-0.01655260226006683,0.0006484181620654006,-0.010845299791092056,0.007116651299544197,0.012231776707494424,-0.015602496687560419,0.04200172453969131,-0.010707930451780645,-0.01878041396311514,-0.004742145820983978,-0.0034632034632035014,-0.013139964303974128,0.0041758781626135555,-0.011701608971233513
2025-10-08,-0.02896908884932836,0.013283649779766593,0.007255736207965935,0.016773110077421993,-0.000396167808522252,0.025839137892223807,-0.04716980167567775,-0.02044487446766563,0.03130624533663995,0.005360333531864159,-0.0017376194613379914,-0.015151511170906184,0.007338551859099818,0.0009866798223976403
2025-10-09,-0.009166666666666656,-0.01662671348061584,-0.0070434197664210885,-0.02399030465921359,0.005846216331171883,-0.02038433128823558,-0.01920188789176236,-0.001841662673997213,-0.0371177207653417,-0.008886255924170583,0.02959094865100087,0.014918400160484069,-0.007042253521126751,-0.0014785608674223738
2025-10-10,-0.016316232127838504,-0.0424320739209092,0.02917945202177119,0.007500659643053353,-0.044724704166958285,-0.01113323315316439,-0.049862375083690846,-0.009840088878222075,0.0018783618801889723,-0.012552301255230103,0.00507185122569731,-0.018833249370277083,-0.015162631450232333,-0.015794669299111552
2025-10-13,-0.0044459644322845104,0.010016980259816455,-0.003916040090890638,0.033376140891845596,0.05197490844106545,0.0325694271857353,0.0038635171054970385,-0.03043482690574628,0.06800463082047514,-0.005447941888619856,0.001682085786375076,0.003277139177153998,0.000993295257015081,-0.0035105315947843163
2025-10-14,0.013225695637238077,-0.013279557795226826,-0.0012580882349852995,0.007326120075161535,-0.023527082255880516,0.03751293154603208,-0.028864629021306265,0.017296634445996162,0.003670418990419533,0.005477784540474762,-0.005037783375314908,0.0009332924628489003,-0.0012403870007442475,0.007045797684952282
2025-10-15,-0.01525682319037125,-0.007325388408636391,0.003936388074430752,0.009229880210824382,-0.0017066757965109591,-0.011885399906274796,-0.003963039452525408,-0.011964769060979763,0.015085318161481842,0.009079903147699797,-0.010970464135021119,-0.013053644600763081,0.0,-0.0029985007496251548
2025-10-16,0.031330693751076,-0.013900830048527935,-0.0004704952962136799,0.024731330743833713,-0.002815755957587207,-0.002785530819238158,-0.02586209145423557,0.007010874014878432,0.03818058224827747,0.011997600479904058,-0.005119453924914641,0.009919654403204747,0.004222553402881246,0.007518796992481258
2025-10-17,-0.016024036054081092,0.0013923047742669947,0.008630146571647845,-0.021097212477968474,-0.005344942333289748,0.009268726580005326,0.023825709362230274,-0.018987353614766667,-0.059577927835793965,0.001778304682868992,0.012006861063464935,-0.006548147574549135,0.008656937917387975,0.0024875621890547706
2025-10-20,0.0006785411365564098,-0.00034759223923253035,-0.0018667566811800818,0.03496503577998378,0.013484778969078404,0.021637879788157566,0.129321871909297,0.014193565614761816,0.025168480427872897,0.0017751479289940253,0.01610169491525415,-0.013182706669622846,0.012015693967631247,0.001985111662531125
2025-10-21,0.0028818443804035088,0.005215563885136554,0.004052283229364573,-0.057351710352510854,-0.013605505131580542,0.0184706322508843,0.02266703003800319,-0.030534382172842545,-0.07177368014823882,-0.008269344359125852,0.005838198498749003,-0.0009541293553707586,-0.0009692270414344284,-0.008915304606240682
2025-10-22,0.06457065584854638,0.011760641798077565,-0.010555673856046721,-0.010592765943036375,0.00628806052911135,0.017652082036093253,-0.0069084425982217645,-0.009186311794686208,0.00023177601770218992,0.007742703990470501,0.0016583747927032544,-0.02005730972216746,0.0038806694154742694,0.006996501749125361
2025-10-23,0.006510003175611345,0.05623933188935637,0.005177251453837073,0.02005244278866991,0.0243902063933088,-0.025424764290960633,-0.030724621776572203,0.012582753349891451,0.02151239838940544,0.011820330969267046,0.01821192052980125,-0.001949362311646996,0.009664170089393576,0.018362282878412017
2025-10-24,-0.0031550717778829895,-0.004693330817777452,0.002028987888827327,-0.001721027186098678,0.002262959284184962,-0.01743263197094891,-0.011961782016266742,-0.020928691669233834,-0.0021657428655393884,-0.011098130841121545,0.004878048780487809,-0.007812492724042275,-0.002871500358937573,-0.0009746588693957392
2025-10-27,-0.021680645671783516,-0.0030894085643736746,0.005607486409100471,-0.028287685208447266,0.009227433016246955,-0.03200991041311263,0.04176755919693931,-0.034068150954219,-0.03751780118501091,0.012994683992912037,-0.03883495145631066,0.012303149791073942,0.024478041756659463,0.02634146341463417
2025-10-28,-0.02911679068262696,-0.018920238483593477,0.007589924282747074,-0.008920750654199727,0.0,-0.005639610798794714,-0.028181256863539117,-0.006224076926034661,0.012091399038288708,0.007580174927113603,-0.02020202020202022,0.0,0.01030686343405951,0.005703422053231932
2025-10-29,0.006997667444185174,0.005486251171838097,0.014757863788397163,0.0044122838524138785,0.018091612471139884,0.0072184025640744665,0.009267533227317326,0.0034794844212289178,0.012647229101044433,0.004629629629629539,-0.005154639175257714,-0.02625177521585398,0.001854857407836752,0.0061436672967862815
2025-10-30,0.0023163467902052037,0.001488097772306407,-0.013482795952826532,0.00441802793181556,-0.02971241712750594,0.003327329798699541,0.1718009995783889,-0.00970876162150025,0.01481529562404571,-0.008640552995391682,-0.022452504317789335,0.021966980111106205,0.010182828049062786,-0.015030530765617667
2025-10-31,0.015351601188511088,0.0067690250863108314,0.006449603059443421,-0.004773472977074977,-0.002461655362990589,0.00012751988002235315,0.04246713322216378,0.010504241947445703,-0.008961797101403657,0.0029052876234747504,0.023851590106007015,0.002931185896614563,0.007789232531500545,0.01859799713876975
2025-11-03,0.06633067793854663,0.0011479123540454328,0.0021360907490508563,0.004545250835765735,-0.0036521275334946424,0.03724016466804603,0.03443252158861698,0.01524596733900152,-0.0022085884499257746,0.006373117033603659,0.022433132010353685,-0.0029226191565617787,0.018185951352580165,0.017790262172284743
2025-11-04,0.006250952889159889,-0.008026173135020742,-0.007308211856018598,-0.013149038075696118,-0.02397460168932819,-0.0034427490901198787,0.01804972922220549,-0.029351492334346085,-0.01582858779730234,-0.0063327576280943765,0.01940928270042197,-0.0034196237016261843,-0.010270149586961375,0.012419503219871286
2025-11-05,-0.030909090909090886,-0.01585209506935903,0.00046022101374054714,0.008257997836581543,0.007511104662075274,0.020604580144393925,-0.02555838422579182,-0.007735626461738865,0.015552681469871654,0.008690614136732222,-0.0033112582781457123,-0.025000011687185464,0.010376720054139366,0.008178100863243998
2025-11-06,-0.03298936835522204,-0.0028523183439195243,-0.010577991811998033,-0.00010053173867952125,-0.003526077843692854,-0.040739859416971114,0.029536862882383774,0.005669732505499958,-0.0014416197404351072,-0.014933946008041321,-0.021594684385382035,0.007038778345560548,-0.025005581603036342,-0.034700315457413256
2025-11-07,-0.027809215844785795,0.005384480787161472,-0.014254756284350134,0.004899620713705977,-0.0015164685027621028,0.027851260977866943,-0.009639618569661446,-0.00634243844784832,0.004665848824837893,-0.0034985422740524408,-0.009337860780984752,0.000998429841710946,0.009159606136936116,-0.014472455648926186
2025-11-10,0.014801263928155617,0.006359850512388965,0.010845624619512106,0.02810419190086022,0.03017409576933061,0.017042698418518798,0.0053301884551040235,0.007092157807799149,0.044984066565782355,0.005851375073142151,0.02142245072836335,0.009975100775553747,0.01293396868618113,0.015158692562766474
2025-11-11,-0.044739429695181854,0.015133873794235697,-0.006686308611452474,-0.0012160125097286922,-0.007568278545645679,0.019168203030816677,0.052328318555374675,0.003521140239892029,0.008788925373200085,0.005235602094240788,0.02348993288590595,0.020740744508342956,-0.0024641577060932063,0.00046663555762949116
2025-11-12,-0.03499742665980443,-0.04177587154019646,-0.009079552619860376,0.023765487069725033,0.008121202115103587,-0.04506746572133169,-0.007009871730283779,0.018947400544819137,0.05361730412635879,0.00752314814814814,0.004098360655737654,-0.004837947803610132,0.00651246350774759,0.0
2025-11-13,-0.024533333333333296,0.0034193356557179477,-0.006319079241749015,-0.004162306252134762,-0.00039293743216228805,-0.004830872585007917,0.024928285079825363,-0.005509702125222393,-0.004837610001928394,0.014359563469270586,0.01795918367346938,-0.015556621272324933,0.010263275323516341,-0.0004664179104477695
2025-11-14,-0.03644979041370511,0.023854175475168438,-0.006518280404864907,-0.02371678497303309,-0.007469308324166035,-0.004729958566900061,-0.01721909713355796,0.03601111307995408,-0.04680259822608024,-0.025481313703284214,-0.017642341619887758,0.0014815153899017108,-0.0170053003533569,-0.0158656089594027
2025-11-17,-0.004350293171931141,-0.0029955118109286083,-0.0020803498899574224,-0.004721608857772397,-0.009802948543042644,0.00687843942962818,-0.044897048705897835,-0.010695176938778084,0.0006918333130370158,0.010459035444509102,0.007346938775510292,0.029585722574269724,0.03999101325544818,0.032242769084874334
2025-11-18,-0.00037993920972645423,0.01385414510380012,0.0033675285827017287,-0.0017206203859069236,-0.007499980926513716,0.03179733871245305,0.0022929951627435052,-0.00675678244466027,-0.003456775053047867,0.004600345025876917,0.002431118314424552,-0.008620613269245903,-0.003240440699935232,0.00413412953605885
2025-11-19,-0.060623337134169564,-0.021402749684458433,-0.004315174350016937,0.004038091780114161,0.009168725594225657,-0.02612256156031334,0.04095181544492088,-0.0027210858756485656,0.00673934880963678,-0.01602747567258156,0.007275666936135794,-0.023671577797430787,-0.014954486345903795,-0.01784080512351327
2025-11-20,0.03338053813473607,-0.005047093606858621,-0.009951828884067537,-0.005198997333235034,-0.009684517179039731,0.0049443757725586845,-0.01670334295321696,0.0,-0.010691066308134656,-0.0075625363583479155,-0.018459069020866803,-0.007422049743956549,-0.012101210121012063,-0.018164881229622676
2025-11-21,-0.004698512137823019,-0.018261718422446616,-0.00535022421241782,0.0049796502334216175,0.009880081628140136,-0.01599015990159902,0.023692433423449843,0.008185531160170179,-0.0074432411298250845,-0.0023446658851113966,-0.0008176614881438837,0.0413758696811144,0.00222717149220486,0.0
2025-11-24,0.001180173092053538,0.013434356886799836,0.0014669951886934207,0.003728493966671742,-0.009284257776344229,0.018625030517578134,-0.006768589049236717,0.0027063574137822233,0.00846143326081239,-0.004112808460634554,-0.014729950900163713,-0.002872162168282011,-0.0015555555555555323,-0.009013282732447836
2025-11-25,-0.017878192534381165,-0.015125754373562672,0.016113308928956016,0.01155949414638835,0.007557417460658522,0.016566449374825876,-0.027478568008365678,0.006072884915059973,0.012705039511451854,-0.0005899705014749124,0.029900332225913706,-0.023523752900282524,0.001335410638771517,0.00957395883197698
2025-11-26,-0.0012002400480095599,0.012079391781252946,0.005446102049109003,0.006281406738781081,0.021002104874421335,-0.00651861933234732,0.030289400504429853,0.015425922083464272,0.03891314901495968,0.01948051948051943,-0.01935483870967747,-0.0034414795623938232,0.006001333629695571,0.0033191085822665833
2025-11-28,0.08231524133787294,-0.001705068818697919,0.0022303550840760966,0.012748393086785548,0.015868416293379983,0.0036452004860267895,0.06406314420222836,0.004623493608775897,0.06670947832162555,0.008685581933989495,-0.030427631578947345,-0.005920120203422918,0.005523641184268735,0.003780718336483968
2025-12-01,0.009622501850481191,0.013151160850507493,-0.001271626395667691,0.004978309027884764,0.0064602674334068855,-0.003631961259079941,0.014639195995511667,-0.029585786202270148,0.034936047761097155,-0.006314580941446657,-0.010178117048346036,0.009925596363561606,-0.00856954515491104,-0.0014124293785310327
2025-12-02,-0.01008064516129037,-0.011463255372118786,-0.0009549796521152176,-0.012431229084807538,-0.011113257188007375,-0.014459324925956918,-0.016460038846579317,0.014905102299660244,-0.00744629333506075,0.0121317157712304,0.0025706940874035134,-0.005896847026237384,-0.0028812056737588243,0.014144271570014189
2025-12-03,0.009627846695056563,0.005286517334884833,-0.0017524392153792645,0.0030334177459079292,0.028482914011963567,-0.0044383869982697055,0.032024737207562826,-0.0033377328830733743,-0.0010692836319405874,-0.014840182648401812,0.01965811965811959,-0.019772596519102792,-0.008001778172927354,0.0
2025-12-04,-0.0034843205574912606,0.012213696296650589,-0.006064492005116495,0.0029766867290701438,-0.003108514678328511,0.0203096277573529,0.01361367731287988,-0.0033489745286562345,-0.018542519736534868,0.014484356894553851,0.0159262363788768,0.017650044519229358,0.0033609679587720542,0.006043700604370095
2025-12-05,0.03846153846153855,0.0068711861017412,-0.0024084411387544913,0.0002611941942316509,0.0171028775137243,-0.013836659881361069,0.044637531725963076,-0.005376338917391199,0.0277059609048389,-0.0022844089091947906,-0.021452145214521434,-0.010406391905129375,-0.012728896828941516,-0.006469500924214389
2025-12-08,0.0008860535176324902,-0.019973380931542994,-0.004023820951264967,-0.006100241550233032,-0.0032515651812122792,-0.02510772235576919,-0.07127998725549245,0.0013513178264603631,-0.011006154302419136,-0.0011448196908986352,-0.030354131534570006,0.016024116834038038,-0.01040488577244969,-0.0027906976744186407
2025-12-09,0.03204674220963177,-0.010699746207314398,0.03199740640044291,0.004657049840088856,-0.023114935487208554,-0.004671065882987824,-0.0688111329823261,-0.010121431958103222,0.041364499514010555,0.010315186246418362,0.004347826086956497,-0.00492855480322818,-0.005942857142857139,0.00046641791044765846
2025-12-10,0.05815748841996915,0.0036051344973846433,0.004071439613928307,-0.002448544581386547,0.00667872294446159,0.016742707715775573,0.0045911475710962435,0.016359902513292557,0.0034902176144437913,-0.013613159387407814,-0.02857142857142858,-0.015849414876657697,0.003679006668199536,-0.009324009324009341
2025-12-11,0.010862516212710727,-0.014710924115973634,-0.0023393873901058626,0.021232508752677903,0.028717700732813434,0.01160185767386901,-0.07921650929656088,-0.004024109091644079,0.05879526229257248,0.0011500862564692849,-0.004456327985739805,-0.011072028757479035,0.0020618556701030855,0.006117647058823561
2025-12-12,-0.0014434643143544923,-0.0027777752022684066,-0.002188516288524456,0.0034068597961147695,-0.02644183711376369,-0.020347761133590492,-0.02788939541645774,0.01683501640255569,-0.04015394122326654,-0.008615738081562352,0.0,0.003562325505503283,-0.01531778692272523,0.0
2025-12-15,-0.06472855766141983,-0.010793853529036723,0.001723277338224749,0.001534870702160518,0.010409733380034814,-0.02391742121862861,-0.024556244642393033,-0.009933812477823878,0.025716227103858902,0.0191193511008112,0.006266786034019756,-0.011156152181278634,-0.004643603436266575,-0.02572497661365758
2025-12-16,0.030053237162974478,-0.027279113787143094,-0.013137318902553208,-0.0005108772871849077,-0.009646875222742879,-0.0216662990703671,-0.03140582335584485,-0.008695659939764733,-0.0038131215285359676,-0.007390562819784008,-0.013345195729537407,-0.026153857891376253,-0.00839748075577329,-0.021603456553048517
2025-12-17,-0.0033344448149382755,0.012122275436876606,0.005229823122579358,0.009989545824137469,0.014469441341139921,-0.07223832000606334,0.03551215974658661,-0.004048547043043249,0.056411462611495544,0.009163802978235935,0.03426510369702429,-0.012111613744521188,-0.004234297812279464,-0.006378802747791901
2025-12-18,-0.007360321177651397,0.003754074085186909,0.0012612015761079842,-0.001840138010350767,0.0005592957017088729,-0.018329019043263894,-0.028827080178316256,-0.018970235928425838,-0.024835011476861513,0.009080590238365494,0.03661726242371399,0.02078887979159072,-0.00566973777462787,0.002962962962963056
2025-12-19,-0.014998314796090373,0.009082783751985346,0.0037789589798402634,0.005046641858220902,0.013602898643957362,-0.013894972183906562,0.019447281308300646,0.023480674263569812,0.03488045349255153,-0.0016872890888638414,0.002523128679562614,0.02193211930341432,-0.0028510334996436626,0.003938946331856208
2025-12-22,0.007185628742514938,0.023826305643429135,-0.0021960688572303377,0.019076488553088078,-0.0003676542135855332,0.01966831741399422,-0.004769089749096178,0.011470990539447667,0.01587249592193496,0.007323943661971866,-0.000838926174496657,0.005620879512872712,0.0038122468429830914,0.011280039234919048
2025-12-23,0.012060472226940622,0.006378258184584151,0.006288343374324823,0.008594633081026481,0.007080428901760083,-0.001151558628057603,0.11172763878712577,0.014009342318442641,0.03797900697426848,0.0011185682326622093,-0.014273719563392073,-0.0030487533034541103,-0.0016615238547353917,0.0029097963142579175
2025-12-24,0.0013427324605572721,-0.0005139190381160397,0.0035931216975992886,-0.000490699368048908,0.004108845660450777,-0.005188120038089994,-0.03765877714634591,0.005921062744555616,0.007746295167779582,0.007821229050279266,0.035775127768313375,0.010703316793581719,0.011174512601046072,0.00918762088974856
2025-12-26,-0.002179014415018443,-0.027592062343726576,0.0038916564183293367,0.010824442919012078,0.04874058965293271,0.014776202212668066,0.0292315109543837,-0.007848259375962674,0.07679748232444616,-0.0022172949002217113,0.013157894736842035,-0.013111458894713102,-0.004232306607100833,-0.005270723526593191
2025-12-29,0.048546951117083736,0.023616498289537935,-0.0021708698137062887,-0.04504206036549452,-0.047862658990854956,0.005424679219084627,0.07352258576351711,0.00593277205901499,-0.08668249415745743,-0.01722222222222225,-0.008928571428571397,-0.028104202638593145,-0.008736717827626972,-0.011560693641618491
2025-12-30,-0.02867670618391538,-0.002238310330867188,-0.00046618150750910026,0.010404383478751278,0.04316546575148905,-0.005537361133751251,-0.15254959355912712,-0.027522940366608406,0.1076213559256134,-0.003957037874505409,-0.0016380016380016515,-0.0031546462590396063,-0.0030967127203430644,-0.004385964912280715
2025-12-31,0.00032986970146797745,-0.009145860000283057,-0.0007774106342515186,-0.010182833117224455,-0.017023107474725352,-0.004140525860901523,-0.0720039736431014,0.011455530629782329,-0.09357145568755909,-0.0005675368898978572,-0.007383100902379036,0.012130878728434213,-0.01505376344086018,-0.007342143906020504
2026-01-02,-0.031986809563066765,-0.0017415269472296213,-0.0040453480693309896,-0.0025892812695673673,0.001776154856378831,0.024516094030017976,-0.018448202983078144,-0.02731511266889919,0.0060170110667228105,-0.00624645088018172,-0.014876033057851235,-0.019802035306920596,-0.0009704027171275609,-0.0009861932938856066
2026-01-05,0.03508771929824572,0.017445917748152073,0.009998427875167915,0.028393288237711367,0.05044328524915209,0.005737526953778493,-0.02625760857073267,0.008904051874655927,0.07948298838354506,0.016000000000000014,0.02181208053691286,0.054758145448671636,0.01724137931034475,0.011846001974333609
2026-01-06,-0.020240250123416126,-0.020404640482441505,0.006341779165321748,0.010209897443217208,0.014515987143868259,0.04035063240216852,-0.04910590325890385,0.002036706556540313,0.057323633612769376,-0.0011248593925758943,0.011494252873563315,0.015120929171032138,-0.005013129625208834,-0.0039024390243902474
2026-01-07,-0.0065502183406113135,-0.01995447870356648,-0.003227775781631803,-0.00734023229471259,-0.03352465526985782,0.004279807616407005,0.05223886439305958,0.014905102299660244,-0.04215816086587609,0.006193693693693714,0.0024350649350648457,0.003972190969736333,0.010316698656430034,0.014691478942213454
2026-01-08,0.027387996618765786,0.03161272709422214,-0.006013868910175413,8.998958096251286e-05,-0.010759166781860618,-0.008256774544479706,-0.03347518505677605,-0.0006675083787103242,-0.03136058405740949,-0.0016787912702853625,-0.005668016194331993,-0.017309519584896016,-0.005461885537876965,0.0
2026-01-09,-0.12045417146618398,0.023545717622442286,-0.0007756038329719273,0.009124122433634918,0.018968103315796014,-0.03947901696272449,-0.0698562224728716,-0.005344016184305134,0.05578455855383391,-0.0005605381165919576,-0.01140065146579805,0.00452935286552969,0.0014326647564470996,-0.0014478764478764727
2026-01-12,0.018334892422825044,0.006427623054476861,0.007762769314887175,0.02538805980861092,0.02211594353492563,-0.004473664562619106,0.07573367507917883,-0.0033579710934852347,0.07258756819972834,-0.05440269209197979,-0.0329489291598023,0.0010020269880288701,-0.014783023366714332,-0.011599806669888801
2026-01-13,-0.040235164431379755,0.02773111808199835,-0.00046227710674007216,-0.0032794583357990126,-0.002506322972117614,0.011796130742949051,0.0029334088290549065,0.003369285055306648,0.014974568985650416,-0.004151838671411667,-0.005962521294718859,0.03503507402288464,-0.00943852855759919,-0.0014669926650366927
2026-01-14,-0.025650842266462526,0.01422729207155582,0.0016954472103614115,0.00808411221913885,0.006532669296965388,-0.01179736294240108,-0.08745248102814962,-0.014103427354260956,0.05812970246276006,0.005360333531864159,-0.015424164524421635,-0.008220506469305944,0.007085267529929107,0.003917727717923647
2026-01-15,-0.024361493123772116,-0.045630470979792226,-0.004308336490236542,-0.0021615546813174014,-0.010151418219607966,0.005898893549201256,0.002564146062562944,-0.00749322943220776,0.011081844394243534,-0.00414691943127965,0.02088772845953013,0.03364215145575522,0.02183406113537112,-0.0039024390243902474
2026-01-16,0.022150624244865025,0.004223686531514614,-0.0007726073724404481,-0.00604378041378939,-0.026815757111271044,-0.007819095958734756,-0.007992357800430061,0.026767354254735976,-0.04119678757613432,0.010707911957168248,0.029838022165388,0.0,0.004510921177587779,0.014691478942213454
2026-01-20,-0.0843183609141056,0.015141344997853023,-0.0049490768031965615,0.03731152448701147,-0.002677735011488269,-0.024767768351561137,0.2591041438963344,-0.01604276540816718,0.06941682608331146,-0.002354326074161306,-0.004966887417218513,0.008490490157991415,-0.0044906641455920715,-0.01496138996138996
2026-01-21,-0.04302925989672979,0.004640350987550779,-0.0006215929190107605,0.01516928009704066,-0.0075350681407182485,0.0028860028860029363,0.24776040928664456,0.0013586619379453158,-0.02118763316676886,-0.00471976401179941,-0.02329450915141429,0.009354573002344324,0.010921177587844166,-0.004899559039686419
2026-01-22,0.004721223021582732,-0.020785192077436232,-0.006531912343837654,0.015936090714126827,0.0022689609668471444,0.000575574696492831,0.034871810521834856,0.01492539148201888,0.04084154514394944,0.005334914048606976,-0.0076660988074956915,-0.009731190232395104,-0.0004697040864255486,0.015263417035942917
2026-01-23,-0.05996867308122622,0.028807261908526005,-0.0010957998380366485,0.013730523408316264,0.02934261238680569,0.009203283224355374,0.045589695856346646,-0.015374364660705853,0.05156502911103433,0.015330188679245182,0.02060085836909864,-0.002807738462080822,0.003524436090225569,0.027158098933074637
2026-01-26,0.03499166865032133,-0.007204824445844471,-0.013164082973041391,0.02079900243914934,0.012349929595729003,0.01524652663600179,0.28909953891881535,0.00407334836940465,0.14025264653237324,-0.005226480836236891,0.006728343145500526,0.02627880747655631,-0.00561929290564267,-0.013220018885741314
2026-01-27,0.019549218031278848,0.02902850553401648,0.013657306553597648,3.9314727950712225e-05,-0.02598603052044579,0.03087719298245606,0.022647029578067857,0.0027045275156318827,-0.08304656807855548,-0.004086398131932234,0.0025062656641603454,0.002286201881201988,0.005180127148575409,0.0014354066985646785
2026-01-28,-0.06383938642003162,0.013143127149321199,-0.0015666972575536509,0.043642630676681726,0.010980549362894498,-0.04424778761061943,0.072763882979471,-0.008091698326124774,0.07190846780132132,0.008206330597889888,0.0024999999999999467,0.004562061182557864,0.007261653783087407,0.024366937410415623
2026-01-29,0.006506024096385454,0.034962808360734954,-0.003922799337764293,0.0031688177867144063,0.04802715248787215,-0.015669515669515688,-0.47479893260066597,-0.0006798252111422931,0.008186670632756687,0.0017441860465117198,0.007481296758104827,0.009990885957358309,-0.0025581395348837077,0.010261194029850706
2026-01-30,-0.002872875269332109,-0.0032100136097579224,-0.0048834495199509,-0.11366200569716556,-0.04509757653524116,-0.03835021707670039,0.11128129418814248,-0.029251656944270454,-0.31346844308759625,-0.00580383052814859,0.012376237623762387,-0.008093538985083026,-0.007460946607600882,-0.006463527239150557
2026-02-02,0.010804321728691502,-0.04707866489688739,-0.007915149825757029,-0.019389444883695095,-0.016194674415304422,0.0030097817908201208,-0.2565457233599825,-0.000700786864824221,-0.019312824369858705,-0.00583771161704616,-0.019559902200488977,0.007706259311402119,-0.0037585153864223564,-0.019052044609665475
2026-02-03,0.0213776722090262,0.017219177749178805,-0.005744324336564022,0.06083292489183334,0.04498839324983006,-0.048462097213756605,0.02286071066561135,0.025946695625550742,0.08158587028737463,0.006459189665296572,0.013300083125519446,-0.0022491785015806842,0.005187455788729034,0.001894836570345726
2026-02-04,-0.04976744186046511,0.03053314876016011,-0.0011234102596926476,0.0034055318159975645,-0.03901027404155932,-0.026647783173718298,0.04651156762118824,-0.012987049389703853,0.01352329063737634,0.002333722287047868,0.007383100902379036,-0.002254334703390981,0.02486511846117767,-0.00378250591016549
2026-02-05,0.03010279001468419,-0.028400345278711825,-0.0077121359895410135,-0.011990895287168901,-0.004634470692767567,-0.0008099789565647608,0.012698455948949583,-0.011772792767291484,-0.09072656690847036,0.012805587892898762,0.015472312703582958,0.018526966575200587,0.01831082627603564,0.016136687233032854
2026-02-06,-0.0028510334996436626,0.004108047365652956,-0.011334147786045579,0.01847210572523683,0.011122664986156217,-0.03842414506497405,-0.024793425490594267,-0.011212389345045648,0.0026918068123917838,-0.01091954022988506,-0.03207698476343224,-0.003549326876893577,0.0026972353337828547,-0.010275572162540825
2026-02-09,-0.02263521563021209,0.01274589115681124,0.009007520876033404,0.020136472592168664,0.01389955687934874,0.011128033877549015,-0.08299238035943657,0.017009265105042415,0.0694598525921648,-0.0034863451481697005,-0.009113504556752305,-0.0035618845488449846,-0.00403496973772699,-0.0018876828692779846
2026-02-10,-0.07240370550950759,-0.006215064047320307,-0.0003246300530033164,-0.009325090294185823,-0.008242264390114884,-0.01884273397191083,-0.007329509822647906,-0.016027908696618964,-0.022506550504145295,0.0,0.0117056856187292,0.0035746169216261947,0.010578437992347478,-0.0009456264775413725
2026-02-11,-0.01130091984231274,0.010475268582484487,0.006494585564018607,0.013549761304446184,0.00898914079377544,0.0020393458906973194,0.014125171820194682,-0.01983000957794301,0.04407982474210925,-0.002915451895043719,0.008264462809917328,-0.008459422727240318,0.0013363028953230494,0.017037387600567833
2026-02-12,-0.03455608718766612,-0.02769607267367502,0.004839477801865444,-0.029162374693560533,-0.02992099123137404,0.01645185313549491,0.01836026882204922,-0.00650290112685159,-0.09800129424792059,0.00877192982456143,0.013114754098360715,0.005837411679139981,0.011788256227758032,0.028385295486272666
2026-02-13,-0.014041850220264274,0.0007956594038691644,-0.0028897142804650278,0.019964620262842958,0.003725543401023046,0.001334870364197549,0.00808207113040793,0.0021817987615411205,0.030511216713046352,0.001159420289855051,0.005663430420711935,-0.016071370943467445,-0.0037370850736425654,-0.006787330316742057
2026-02-17,-0.05501256632225637,-0.008904397583535784,-0.009499277842376253,-0.027698147681451624,-0.02753562737075732,-0.051491359166838,-0.06537160950110155,0.0058055098154059515,-0.05656959378821391,-0.01273885350318471,0.00482703137570395,-0.02404721708845836,0.0008826125330980705,-0.02004555808656039
2026-02-18,-0.04669030732860524,0.04588481511846543,0.00048762644788125087,0.021216920217128177,0.028492819550103743,0.010365360597990092,-0.006598476276328036,0.022366553195934058,0.055305242787226705,0.0017595307917888103,0.027221777421937654,-0.044630450097916774,-0.00044091710758376035,0.017201301720130235
2026-02-19,-0.07997520148791071,0.01902128880703846,0.00617385983469565,-0.0021257590807680637,-0.01096054683802683,-0.0005216272051883353,-0.004981689436789782,-0.007057189903408978,0.0007224935674448041,-0.0029274004683840227,0.028838659392049992,-0.010705563091104042,0.006616674018526725,0.022851919561243106
2026-02-20,0.037735849056603765,-0.0006021513675084078,0.017761964616511694,0.016760767696405443,0.01762649769932323,0.0031315028378480214,0.017022656528837166,0.0163468728428795,0.06082633328743148,0.004110393423370606,0.0,0.0,-0.0030674846625766694,0.02502234137622872
2026-02-23,-0.024675324675324628,-0.0012050283444823284,0.008408735590333283,0.028739231956620648,-0.009946851177818905,-0.02480053485683409,-0.0203478955158527,0.010489483673395972,0.051529546090740785,0.0,-0.002272727272727315,-0.017707851042920053,-0.0028571428571428914,-0.006974716652136004
2026-02-24,-0.0023302263648469212,-0.010254868499654402,0.0,-0.009395428898871239,0.02598304200809154,0.02525344569678256,-0.023450564724576184,0.006920441715549952,0.010794795367464083,0.0005847953216373547,0.0,-0.01251877859769468,0.004628609213136459,-0.0035118525021948788
2026-02-25,-0.013346680013346712,-0.0031997423931283686,0.009597180341009759,0.00981420915727682,0.009539078065965212,0.0001734181889636588,0.018524919362991277,0.002749138235647486,0.03981387686680571,0.006428988895382792,-0.047076689445709974,0.004563902419963073,0.007678806494076262,-0.003083700440528636
2026-02-26,0.005749070003381762,-0.0032100136097579224,-0.012622683211883645,-0.005742913127032345,-0.005435202138450612,-0.007977758898208509,-0.04782761654745338,-0.012337238059853872,-0.0433367615927337,0.006387921022067422,-0.019920318725099584,0.004038360719978318,-0.0004354452427607347,0.010605391073795767
2026-02-27,-0.059179556153328816,0.027756442018180172,0.003945707032697809,0.010431758910460776,0.009668721254565193,-0.004895083554141144,0.011319443208684055,-0.007633564041779062,0.06533481270984609,0.012694748990190519,0.025203252032520274,0.045248946882688434,0.008277063820518515,0.03410581547879321
2026-03-02,0.0475339528234453,0.06281717285497268,-0.016035221631450214,0.012216786606203955,-0.018319616141515782,0.013176387630280173,0.035327062510450036,-0.027272750917544775,-0.04745260851258415,-0.012535612535612528,-0.014274385408405976,0.021644965645707614,-0.0062648520198747,-0.028329809725158528
2026-03-03,-0.0020470829068577334,0.046749881296137996,-0.008787334010540104,-0.03532033912232768,-0.02052757954391571,-0.004855189411654748,0.031756709952525775,0.0014378474466620883,-0.06072448312932743,0.002308136180034559,0.012872083668543866,-0.003295654217445154,0.004999999999999893,-0.003916449086161844
2026-03-04,0.014700854700854693,0.0013412836211137424,0.0019342187316881976,0.002506224931178025,0.014116229997471974,0.013068478273123185,-0.0448591519168261,-0.014357556249667947,-0.003497139494463175,-0.005757052389176787,0.02065131056393965,-0.014170960603655525,-0.0010815487778498278,-0.009611183923110556
2026-03-05,-0.0016846361185983705,0.0850522121973023,0.013996121847175136,-0.010722313294558417,-0.0174210480237319,0.007911894380419726,0.029482332546097112,-0.0007282793547632727,-0.01144829230293809,0.022582513028372997,0.027237354085603016,0.03402007934460327,0.00801212646167171,0.028231142479047122
2026-03-06,0.0590617617279785,0.12208368261757263,0.002538471370947537,0.015951729627923683,0.000695321931401871,0.015699679534183053,0.06093908973009787,0.02769680080503467,0.026062966254028375,0.01245753114382775,0.003030303030302939,0.010194592869892327,0.018259935553168738,0.04890604890604888
2026-03-09,0.018801784576163216,0.04257420299476822,0.006330139809653801,-0.010609995262454652,0.00755600952315949,0.013944871677996185,-0.020715700222097455,0.034751755876696544,0.00257702328550935,-0.021252796420581643,0.00981873111782483,0.010550525579558379,-0.0037974683544304,-0.02167689161554187
2026-03-10,0.04973412574288405,-0.11944708342091537,0.026891066127797902,0.02714331637287626,0.01784327055792545,-0.003976842442522832,-0.03205125266043052,-0.014393422614853324,0.060108085513283616,-0.0028571428571428914,0.03141361256544495,-0.009078563627131109,0.00571791613723005,-0.022157190635451518
2026-03-11,-0.005661501787842638,0.045536287486201754,-0.0019908863206247185,-0.011912784794927855,-0.009908505251952748,-0.02844780615615372,0.06258282479913224,-0.009040341683333342,-0.045103978687745516,0.01833810888252141,0.031182015953589604,0.004580869529052567,0.011160244261949837,0.006412997007268162
2026-03-12,-0.0341624213365298,0.09719201555224743,-0.0004603157916178713,-0.009985698539191068,-0.0035924913993112817,0.015410958904109595,0.007478943160091456,0.009122815048485444,-0.004643557998285197,0.009003939223410251,0.02250351617440227,0.003647967286492637,0.010412328196584664,0.006372132540356734
2026-03-13,-0.0055848588271796284,0.031129171869220817,0.010899586907050063,-0.012373393624492413,-0.01888576391612118,-0.020741969296743212,-0.03154964331238841,-0.0006954262032162761,-0.04436042028260212,0.009481316229782433,0.0,0.00272600932841649,-0.0016488046166529546,0.044322498944702415
2026-03-16,0.03837753510140396,-0.0527808644797384,0.03553536858781814,-0.011578426521523966,0.01329953876674872,0.025486460275279343,-0.034493784288375795,-0.012526117370165735,-0.008045591180475098,0.0033149171270718814,-0.008940852819807388,0.03126418412318488,-0.04603633360858794,-0.034357316087307965
2026-03-17,0.006310096153846256,0.02898394742751509,0.008505560652509514,0.0014016820184221679,-0.011052608218068527,0.014441604678316455,0.0033079690562181074,0.018322779180435456,-0.00913249821867046,0.0,-0.012491325468424685,-0.0035149351011225516,0.001514823631248552,-0.012557555462536674
2026-03-18,-0.026575097043893714,0.0011433386487715858,-0.0010178813180337087,-0.02221557641596683,-0.030123134983010336,-0.007780088332757118,0.010550631365100038,0.02422148000620128,-0.028819311606618325,0.020374449339207068,0.02248770203794792,0.0008818543868849282,0.004105445116681095,0.024586689275116536
2026-03-19,0.021779141104294464,-0.0018687739383937974,-0.014992704877015761,-0.059142255016843004,-0.021786066842027774,0.0216883541383035,0.032952636302693517,0.03851349239718593,-0.08203214247226243,0.01403130059363189,0.010996563573883122,-0.0017621548098205597,0.005810200129115595,0.006206040546131497
2026-03-20,-0.022815971179825922,0.02267526855643509,-0.005319944142052169,-0.006586017710874081,-0.01665744091076682,0.011593689260105178,-0.02242573065206055,0.021470392073073885,-0.021748325965454396,-0.009047365620010628,-0.02651257647858596,-0.020741364365373882,-0.006204535729567806,-0.020970394736842146
2026-03-23,-0.02304147465437789,-0.10364119683721551,-0.001931321618379278,-0.036386269963426976,0.018156226752237048,-0.0088781275221953,-0.06591276067835983,-0.011464926986511248,-0.004483809206179967,-0.012889366272824887,-0.0516759776536313,-0.014420896220037394,0.0019375672766415164,-0.012599748005039935
2026-03-24,0.01729559748427678,0.04788382335436259,0.006549604635419204,-0.0010899600059736114,-0.003125236139374765,0.035342039425132254,0.017986871391609816,0.023195853483184647,0.0032585332501104958,0.006528835690968515,-0.018409425625920517,0.005029661581246847,-0.007305543618392751,0.0038281582305401685
2026-03-25,-0.031530139103554844,-0.02198157891540986,0.00828153705779111,0.03420998947142473,0.019640326291151533,-0.005505741596336655,0.0030580442693790566,-0.020780851469009765,0.044562142988201936,0.010270270270270165,-0.0022505626406601476,-0.0013648216524859702,0.014502164502164572,0.01313559322033897
2026-03-26,0.009894669645706955,0.046058499514673557,0.018040530235084562,-0.03830933495313904,-0.014921321003698695,-0.026732084922086563,0.015921467243491083,0.02057875825717881,-0.06481395278465363,-0.0005350454788657366,0.020300751879699153,-0.00045559127718663994,0.0017068487305311741,0.01212881639481389
2026-03-27,0.0003160556257901792,0.05461468934564939,0.0007202913085362361,0.026625528511027285,0.0037639188039926275,-0.019340100138130145,0.032010654821898354,-0.006931295366759294,0.02769281694131287,-0.010706638115631661,0.006632277081798144,0.010938913640663461,-0.012353567625133066,0.0
2026-03-30,-0.003159557661927326,0.03251704018081458,0.01050969430687454,0.0075690115761353205,0.0016462089832387505,-0.03032822023150472,-0.06720515113542325,-0.013324875323423302,0.01120137104211083,-0.0135281385281385,0.027818448023426035,0.020739363306740533,0.0004313133491482546,0.0033057851239668423
2026-03-31,0.045958795562599075,-0.014580093701841212,-0.0027069729989660507,0.026867012297006276,0.020361626484978634,0.019825734242215898,-0.0010391482139335828,-0.001929243254226165,0.06208414053821709,0.004388370817334009,0.0092592592592593,0.004858684333792773,0.009700366458288423,0.015238879736408473
2026-04-01,0.013636363636363669,-0.012428433033849329,0.010857173374720919,0.029176369482527553,0.00653243427093253,-0.0018435337666996565,-0.02253816081894966,-0.014819619144765594,0.015758391822972673,-0.0076460950300382136,-0.020465772759350687,-0.008351671826708484,-0.002134927412468013,-0.030425963488843855
2026-04-02,-0.029895366218236186,0.11406310283321663,0.002261108364677744,-0.02753390824861668,-0.010846349486870133,-0.008059079902155153,-0.006739997647107199,-0.018966642418348445,-0.041282722241938075,-0.004402861860209106,-0.004322766570605152,-0.00443264112752717,-0.004278990158322671,0.001255230125523088
2026-04-06,-0.0030816640986132127,0.007799916975443688,0.010575296381330368,0.0011393754030957215,0.0036850090820204073,0.008970866456459614,0.003928627353542602,-0.0019999821980793975,-0.0010173574886594983,0.003869541182974112,0.00940665701881338,-0.01335704582766195,0.0027932960893854997,-0.005014625992478039
2026-04-07,-0.06398763523956719,0.0048037831913605444,-0.005023030829482411,6.44848353685834e-05,-0.006984872386811114,-0.040093884176750305,0.02098889169630791,-0.026052126677761245,-0.01149181373908359,-0.011013215859030812,-0.021505376344086002,0.005866474233320762,-0.007285193914720378,0.00461990760184805
2026-04-08,0.05548216644649928,-0.1641433712886997,0.005048389043286194,0.019840651995058467,0.03877719496245979,0.02778742229937836,-0.050871050267942586,-0.024005513257969957,0.047308812893301466,-0.0038975501113586164,-0.02564102564102566,-0.008075383480598775,0.003237642995898904,-0.02968227424749159
2026-04-09,-0.010638297872340385,0.03664864898063014,0.022185070572167342,0.008990461166964892,-0.0019966805609978877,-0.0011901907854656724,-0.019823752302349784,-0.021784924519657745,0.013998210909798914,-0.007266629401900482,0.0,-0.013568572416444158,0.002796901893287407,-0.009909521757862971
2026-04-10,0.026565464895635715,-0.013282957139829188,-0.0005460130270398267,-0.0063228353853806984,0.021311750120080353,0.021790921452100598,-0.008239727999234225,-0.012212649092111616,0.000616136843992976,-0.006756756756756799,-0.0007518796992481702,-0.010087084765776133,0.009010941857970467,-0.006092254134029584
2026-04-13,0.009858287122612497,0.025991530953323627,0.01789125289202187,-0.0040950041789837854,0.017971168186445396,0.0024991668935232525,-0.00793047901515842,-0.005090886896306768,-0.01049466615100314,-0.00170068027210879,0.018811136192625977,-0.01250581083165525,-0.011482032745056325,0.019702276707530553
2026-04-14,0.08511287370347764,-0.07872429256771629,-0.002549341802203675,0.017417362381318302,0.01581326430790786,0.005983007334058099,-0.010658589780020544,0.014619868772186129,0.05121613391156288,0.006246450880181609,0.017725258493352936,0.01172607896709743,-0.003656700365670007,0.01674538428510086
2026-04-15,-0.022490863086870982,0.00010957642817954749,0.0103578734247054,-0.005181347150259086,0.0002471179845415783,0.005286655000108498,0.004232365556321671,-0.026657052053921104,0.0012595694169588167,0.018623024830699775,0.0036284470246734646,0.011126554219458518,0.007772020725388629,0.002956081081081141
2026-04-16,-0.03163646821972965,0.03724396419959519,0.00785509696573361,-0.0030416870117186967,-0.0009057707112199997,-0.025636771710661477,0.014176314474301233,0.011102858326353049,-0.011133267121244517,-0.006094182825484795,0.000723065798987621,-0.006419045991590044,-0.0027849185946872135,0.008000000000000007
2026-04-17,-0.05375705375705375,-0.11447886458755663,0.02245712874729766,0.015087599111024863,0.006099019420354956,-0.024118819766042576,0.01020020765023677,-0.02562221315556734,0.039844236354957596,0.0005574136008918984,-0.041907514450867045,0.02445780732715863,0.003007518796992459,-0.012113617376775299
2026-04-20,0.035153797865662195,0.06869412332795921,0.0025839398488296528,-0.010499011646637357,-0.011059247262121819,0.010024281149081382,0.005609523689792395,0.012021024971291316,-0.021862568036422614,0.007242339832869149,-0.026395173453997,-0.0058559037679069,-0.0012850717498393838,0.009725158562367886
2026-04-21,-0.023650697392359032,0.02812182374625838,0.00850520199854743,-0.022510754611198003,-0.00571564720337292,-0.010951444467305338,0.002975134155896786,-0.0029695590987430798,-0.04427703775534653,0.0038716814159291957,0.0038729666924863793,-0.004077940817053927,0.007505897490885705,0.01340033500837512
2026-04-22,0.03695652173913033,0.009009029152271086,-0.024661388352841485,0.007257810821773569,0.019745022627418285,0.046366760887489145,0.009269505636384956,0.01042437724997547,0.019395042186772793,0.001101928374655614,-0.023919753086419804,0.01000915492652199,-0.008514261387824629,-0.009504132231405005
2026-04-23,0.008984725965857976,0.03108863401582318,0.0061574899702401265,-0.0057897310816165115,-0.007271221396587535,0.04613099367920803,-0.03967663712419178,0.0022108096772435193,-0.031170984224539455,0.0027517886626307053,0.013438735177865535,-0.007657660831153823,-0.004079003864319475,0.019190654985398403
2026-04-24,-0.005936479667557171,-0.0151277722621318,0.0026041268267580353,0.0036555454027040746,-0.008558973858681207,-0.020704972922945264,-0.034812577373165454,0.024264699591897587,0.012164671589756981,-0.001097694840834218,0.0070202808112325155,-0.01951885119261232,0.0034490191851692664,-0.004093327875562824
2026-04-27,-0.03911615407584357,0.020868656661653384,0.004285738065645361,-0.009931580857529543,-0.0009130638024508198,-0.01839890869609162,0.010701526115150184,-0.007178778124834029,-0.018066910495378785,0.012637362637362592,0.030983733539891478,-0.005555594310838297,0.011600429645542532,0.02178380600082197
2026-04-28,0.027035425730267182,0.03694093034276702,0.00012924488037358017,-0.01794496815164226,-0.017198386043330016,0.007563261252240272,0.0035294365140399186,0.02024582317540302,-0.023972328580207147,0.009766684753119925,0.005259203606311047,-0.015363125267166433,-0.0036101083032491488,0.04424778761061954
2026-04-29,0.00907715582450841,0.06954865332750537,-0.006206306571854614,-0.010083808055646348,-0.006086778312693886,-0.0037532438622466247,0.03438845588240769,0.04039692858736488,-0.022348221378228894,0.002686727565824887,-0.0007473841554559435,-0.003782502371109442,0.00788576300085242,-0.010400616332819745
2026-04-30,0.04767616191904045,-0.01693485783221116,0.03903200593516454,0.01529085563088639,0.008080315324946907,-0.014250634245751459,0.04533429625493701,-0.006812014944881817,0.02745597019921342,-0.0037513397642015,-0.016454749439042682,0.02467966138088795,-0.00021146119687032172,-0.028804982483456643
2026-05-01,0.007727532913566204,-0.029789637979528383,0.02491858062309582,0.003293758291533111,0.001012494404646791,0.003655719926315637,0.004698233332951274,0.02537722136455489,0.03286914800283203,0.007530930607853703,0.0159695817490495,0.007410831231186021,0.004864636209813922,0.0012024048096193063
2026-05-04,0.08264697529111054,0.043947377086969386,-0.015516147425072346,-0.02384498686199743,-0.023095091069303297,0.0006622920762624496,0.031295011691515606,0.022742485413088653,-0.037905991221138136,0.01174586225306995,0.022455089820359264,0.04551723085600745,0.01662807829930535,0.008006405124099336
2026-05-05,0.05010493179433362,-0.03899644425186555,0.023330816712558544,0.008031818716119021,0.02553921683180005,0.01207807329267685,-0.02755493315215629,0.005232172917308375,0.0004927073774445567,-0.017414248021108136,0.0,0.029903267898860886,-0.009730848861283614,-0.02065131056393965
2026-05-06,0.015238571071696239,-0.07030404857746886,-0.009095319043500028,0.027679025212324904,0.03255932141649609,-0.020925269801427726,-0.02080347400142979,-0.03643457840676578,0.050651026067340954,-0.027389903329752996,-0.0358711566617862,0.008966656011466956,-0.014007944804515948,-0.01703163017031628
2026-05-07,0.0718503937007875,-0.002839758805860182,0.01578755268610066,0.0038232133785665035,-0.0014666055075955864,-0.028051508003462566,0.014285726761830375,-0.018230955443190977,0.03762481288062669,0.0,-0.011389521640091105,-0.012695693936318087,-0.0016963528413910245,-0.0070132013201320564
2026-05-08,-0.05578512396694213,0.006433927075829571,0.020843413938959054,0.0043831862020387025,0.019828643675917634,-0.004638294597345105,-0.00433372469913107,0.010316342429423031,0.00870754790400552,0.007730535615682044,0.016897081413210335,0.013287589668073085,0.014655904842820755,0.009555463232239214
2026-05-11,0.12618526622902992,0.02777197208898463,0.03587859277340688,-0.0003600769143322635,0.026324173110276128,0.03072141360534042,0.05549514618855422,0.014976192873592087,0.06331244704049799,0.009863013698630185,0.01963746223564944,0.0063452423752849985,0.004605400879212906,0.02427983539094658
2026-05-12,-0.027849740932642475,0.04190884697808839,-0.01652041704113172,-0.008710046401565918,0.011148406210697237,-0.01272611598416884,-0.023024106083974982,0.006706933768821255,-0.0041528145803230165,0.014107433532284386,0.022962962962963074,0.01218995363675801,0.01146072098353823,0.06870229007633588
2026-05-13,-0.04308238951809906,-0.01135255097518939,0.005676527635563922,0.004297096211008045,0.02320737357142799,0.004918630485322595,0.007386615316519851,0.024650225177687668,0.0441442893939763,-0.0016051364365970988,0.014482259232440287,0.02574754323911055,0.001442109600329644,0.0
2026-05-14,-0.027848688790902743,0.001484869638324282,-0.03306065197444974,-0.004172275122156011,-0.010247884899679871,-0.00607590816191983,0.010474850045623318,-0.02535762941617703,-0.04473042371257829,-0.032154340836012874,-0.013561741613133504,0.0048582562015468955,-0.03353219502160054,-0.02706766917293235
2026-05-15,-0.044640725710193396,0.0420085013039424,-0.03967121436980148,-0.02614315436089598,-0.04811571819334659,-0.033452218356812224,0.02280579942061145,-0.012675088944923196,-0.09128273055260094,0.009413067552602516,0.05282199710564406,0.01289281622718752,0.002128565346956046,-0.017387944358578045
2026-05-18,-0.05272363818090953,0.030734258674256942,0.03833266734268981,-0.000724308536144358,0.003279165935056172,-0.029515086845883998,0.021621584613624956,-0.004729773486243372,-0.0011405381263553949,0.04662643993417448,0.02542955326460472,0.019490842602005953,0.030586236193712812,0.04522217852929611
2026-05-19,0.030598786599841832,-0.008190750865521235,-0.0163679231438284,-0.01014831308347064,-0.017059929354809378,-0.021904482415489368,0.029761955915426075,0.019008872732320325,-0.029128166466576455,-0.0036687631027253476,0.020107238605898026,0.012095254913841558,-0.002885408079142615,0.004138449962377777
2026-05-20,-0.004607115433836739,-0.08824343326587436,-0.008866796316020942,0.0055477888918964435,0.02035688612417008,-0.006848070128865125,-0.035324383627886924,-0.018654275974409273,0.013671285549053724,-0.019989479221462436,-0.047306176084099816,-0.003469550914994235,-0.008061182306738357,-0.010116148370176048
2026-05-21,-0.03137053227050657,-0.019438261964021653,-0.04436268608921068,0.0018758414508805998,-0.005325521608140038,0.019008596107171538,0.004660432491627287,0.01154107817902461,0.0074224935128368585,-0.007514761137949577,-0.0055172413793103114,0.006189549131565997,-0.004584288393415292,-0.019682059046177147
2026-05-22,0.007698433766923252,0.0025947068392238037,-0.007181394766360816,-0.0041411087484714,0.013584791203699487,-0.003840482137561052,-0.036779266651915,-0.013422806334599358,-0.0068181709262304935,0.0021633315305571443,0.015256588072122046,-0.0015379052354995704,0.0018840276324052496,-0.0019305019305019266
2026-05-26,0.09826132771338258,-0.02805382119336841,-0.0006457688393918248,-0.004556535646151327,0.0029959087642548177,0.006058358213721693,-0.004471968061260823,-0.01088434350259404,0.005428729602680926,-0.012412304371289817,0.006147540983606481,0.0011552055232471048,-0.008775595486836596,-0.01663442940038684
2026-05-27,-0.006956104581434364,-0.05549045817809506,-0.015639124227976198,-0.011754489265765167,-0.008803683722559241,-0.015145963125855366,0.050449172685898214,-0.027510290204931787,-0.022357660375011634,-0.010928961748633892,0.024439918533604832,-0.014999976524939895,-0.000632377740303558,-0.020456333595594067
2026-05-28,-0.009903381642512032,0.002480843707104441,0.008009361234583512,0.011646948777403132,0.014433002789251637,0.01630533183977967,0.08059214705658135,-0.014851487485722736,0.014021603953429329,0.007182320441988965,-0.01656726308813783,0.00976181155961986,0.007804260704492805,0.002409638554216942
2026-05-29,-0.042937301780922144,-0.01732284464673539,-0.008076008132058443,0.013602159884686937,-0.005706688185472042,-0.031540542922459,0.0015220322349167592,0.009332384177523245,-0.0003833608288743573,-0.01974766867800326,-0.03301886792452835,-0.025135402572988186,-0.0064880703223105796,-0.02163461538461542
2026-06-01,-0.007137394850879386,0.054945089494299326,0.006434640235732703,-0.018704046636881966,0.025866850898241367,-0.018825300772211895,-0.03373862076662082,0.027738220342035325,-0.008053765762566112,-0.00615556799104644,-0.03205574912891984,-0.008329991753232457,-0.0050558247314093085,-0.002866502866502918
2026-06-02,0.05468549422336322,0.017361093864397548,0.005219226631843377,0.003105984478260826,0.019236622028355965,-0.005372194411723319,-0.0037747234599389,-0.004844269601950835,0.004052864529455746,-0.007882882882882858,-0.03527717782577389,0.012799987792968759,-0.01312724962947276,-0.00944558521560579
2026-06-03,-0.008763388510223957,0.024104036426452202,-0.004023851958850022,-0.011672696354244283,-0.02534024352219988,-0.023533973056464763,0.01484052116026957,-0.009735767886549618,-0.02436561932975878,-0.020431328036322416,-0.025373134328358193,-0.010268571564595375,-0.009654580562111104,-0.026119402985074647
2026-06-04,-0.026277013752455836,-0.031035157589273332,-0.023980240932947705,0.008812767970283408,0.0046289477018301994,-0.023508542329302662,0.03795892331237449,0.0021067898263844587,0.004123814747214238,-0.016222479721900385,-0.024502297090352232,-0.010774084444095,-0.021230502599653422,-0.009365687526607047
2026-06-05,-0.05119798234552331,-0.02687016310618695,-0.015222318052335426,-0.030988809393572514,-0.038012584370184954,-0.00262995716178982,-0.032074303122354375,-0.009110028750573096,-0.06554708764233308,-0.01648998822143699,-0.01883830455259028,0.0,-0.007082779991146482,-0.003008165019338205
2026-06-08,0.018341307814992103,0.00839410347410463,-0.004881364208156769,-0.00027672760265518015,0.010537236767017566,-0.0024341018398199576,-0.02539486368571342,-0.001414459496326459,-0.007513420299923745,0.0029940119760478723,-0.0008000000000000229,0.006050811334836315,-0.005127061970575109,0.005603448275862011
2026-06-09,0.0,-0.033954063525695966,-0.029022990477342914,-0.017504994131142815,-0.004265807156949242,-0.006100040818347696,-0.0022243308919484006,-0.002832858511134684,-0.0486810541932845,0.0017910447761193549,0.0048038430744594685,-0.006415390697109946,-0.001792516244678466,0.0034290612944707366
2026-06-10,-0.01931610545549467,0.020748320797886022,-0.0022453502289192517,-0.0356337569688967,-0.008488647454472531,0.016366612520024137,0.014331158080244544,-0.01136362558800319,-0.0076044294884635155,-0.0011918951132300348,0.015139442231075773,-0.00524620922166863,0.008305274971941667,0.003844510892780928
2026-06-11,-0.012509981368112877,-0.025769185008116646,0.019549921511663237,-0.004357174829210941,0.0016002163432060623,0.022343008003738785,-0.030769246892211943,-0.00933908862991395,-0.011052813707612463,-0.017303102625298328,-0.009419152276295084,-0.009736299181836383,-0.007123775601068583,-0.001276595744680864
2026-06-12,0.018598382749326126,-0.03226544134756104,0.00620781612495569,0.030486749060769203,0.02740057689755515,0.012797855081098763,0.010689988180246024,-0.0065264795385682195,0.062205571613755284,0.0024286581663630624,-0.030110935023771823,-0.013519046528836398,-0.0013452914798206539,-0.0038346825734980605
2026-06-15,0.02725588780100563,-0.04865689664300343,0.006717820775549832,0.026809015421115134,0.008086470030260084,0.022356142018265412,0.0086539069929088,-0.0014598178370652803,0.03252333065187529,0.0066626287098727754,-0.02941176470588236,-0.019102952073508983,0.005163897620116709,0.008982035928143617
2026-06-16,0.06697578567748574,-0.05820429657265869,0.021517115953808785,0.0006700328890365537,0.0010026636678703849,0.05438291359237435,0.029234193026616673,0.010233873284013706,-0.002383464339120289,-0.004211793020457266,0.025252525252525304,0.002540197451759596,0.009604645968282366,0.010597710894446832
2026-06-17,0.0004828585224530002,0.009730412019390844,0.025196631593422447,0.006465169048318842,-0.0011557551248237985,0.0021641338269273724,-0.029021333346484712,0.002170816737191661,0.011402123730680946,0.017522658610271913,0.006568144499178974,0.007601364140879641,0.001769911504424737,0.02810402684563762
2026-06-18,-0.00024131274131278246,-0.00247431226905781,-0.01105329593309623,-0.030925189315546997,-0.0165085780291776,-0.009897426451649816,0.02798094106884008,-0.018772579185607596,-0.06281829163980401,-0.008313539192399078,0.022022838499184294,0.023051099035677813,-0.008171378091872739,-0.011423908608731104
2026-06-22,0.09220371711320308,-0.023237582438049742,-0.011045416615085069,-0.009990339797088299,-0.002823695916345348,0.006906557085896381,0.006186198787111019,-0.017660027109893894,-0.010987802525858847,-0.014371257485029987,-0.03032721468475663,0.02212211875882475,-0.006234691605433107,-0.013619479983491556
2026-06-23,0.0044198895027625085,-0.02151831885750377,-0.016620130504137576,-0.012434539614603501,-0.03390235974562783,0.03953072998928242,-0.032585289243950766,0.005243422683446575,-0.0535199222704571,-0.004252733900364514,-0.0057613168724279795,0.033667339755581116,0.001120322652923944,-0.017991631799163188
2026-06-24,0.07854785478547854,-0.03920233277520613,-0.025283974712414836,-0.033802236571496835,-0.03224229944070056,0.01250208519994489,0.023514420081101717,0.0,-0.06397939842064648,-0.006711409395973145,-0.0637417218543046,0.002326462342475466,-0.007385854968666061,-0.001704303365999138
2026-06-25,0.05242758057935526,0.02246235304683375,0.01817180267076446,0.010074418133964924,0.02145382141304597,-0.00943234476124477,0.037876429891576135,0.009687042749765729,0.005098901740131945,0.01904176904176902,-0.03183023872679047,0.0038684866535403373,0.016910935738444266,0.008962868117797784
2026-06-26,-0.028106222136072834,-0.03740259844963745,-0.02370569247408061,0.011958801928265705,0.01169592296956945,-0.007098295982056357,-0.03350283898551076,0.031734269036799434,0.014893389448898287,-0.004822182037371947,0.010958904109588996,0.00963391108477496,-0.0011086474501108556,-0.021573604060913687
2026-06-29,-0.0237335460710012,0.02195574995467875,0.004744576060779604,-0.01382791159412089,-0.007164397753077201,0.015170030003541779,-0.015475070610567077,0.022174565791660328,-0.017596295549275,-0.02604482132041186,-0.061427280939476026,0.00877860822667098,-0.015538290788013276,-0.015131863380890564
2026-06-30,0.021859039836567895,-0.017667844522968212,0.003055572509765625,0.00014913196637333925,0.01558019998460991,0.06904845648257396,0.02955048766380597,0.0034989636716822314,0.022380781610660705,0.02674129353233834,0.017324350336862304,-0.029890310495858663,0.0072153325817361225,0.019754170324846276
2026-07-01,0.000799680127948843,-0.01323738372583183,0.01467734063524051,0.011285427822333993,-0.011142550321430966,0.042095035578670004,-0.016793913024613638,0.04532772744866187,0.010222403317594164,0.019987886129618326,0.027436140018921584,0.0035101464403397564,0.008506827848667964,0.01937150236762797
2026-07-02,-0.011386336396324359,0.001603975027917759,-0.009688852296668493,0.010913685311181531,-0.0014697190682694261,-0.026672815979279285,-0.007453394166104688,-0.009339519131826846,0.00928688492013352,0.009501187648456089,0.05248618784530379,-0.004663775127076275,0.004883462819089912,-0.0025337837837837718
2026-07-06,0.13194584764598916,-0.0020381334207676405,0.019016084597233363,0.010309504785220192,0.010385138121736581,0.15301764373354176,0.015331597264184094,0.02491581656932329,0.021057608953627627,0.03705882352941181,0.012248468941382429,-0.00039048139959019235,0.04462116191738463,0.026248941574936513
2026-07-07,0.01160299892895389,0.027571105842568944,0.040432800764775845,-0.002358617780177652,-0.0010520827665200239,-0.08888584975541503,0.006163396009379873,-0.0052562366821607975,-0.01597219706608377,0.003970504821327214,0.01642178046672438,0.03242187153664422,0.012264749418481768,0.005363036303630331
2026-07-08,0.05152638080112926,0.04372507232977707,-0.00948795598868779,-0.017948014823829794,-0.018958129967037496,-0.02216527734689233,-0.016232836144810414,-0.0019815512526549783,-0.045411995570440955,-0.017514124293785294,0.016156462585034115,-0.005675354400238142,-0.0014622937121370194,-0.01600328272466145
2026-07-09,0.05873468702802476,-0.01958643740155175,-0.0006560218208094826,0.01466511010946947,0.026509215766900462,0.10084814867241709,-0.0622664433113046,0.0006618285313737537,0.03806472786342319,-0.016101207590569322,-0.011715481171548081,0.022450537944152638,-0.01276150627615058,0.01959966638865729
2026-07-10,-0.06181645268663816,-0.009295201885755944,0.04936967339861864,-0.006415532700693172,0.002976645337507078,-0.03908113665770163,-0.023904390669569953,-0.01587300085546861,-0.009423966671152417,0.02396259497369968,0.020321761219305623,-0.0066989318777005424,0.014197923288832293,0.03394683026584877
2026-07-13,-0.03767528298699108,0.09424443890779477,-0.0011260803297364896,-0.026095878538004547,-8.024419325403098e-05,-0.004664740826576197,-0.014625844216654693,-0.008736566763514642,-0.03636575274403209,-0.0005707762557077833,-0.0008298755186721962,-0.013113539695254417,0.004596740493104878,-0.007911392405063333
2026-07-14,-0.006320224719101097,0.015357012511074464,-0.002881164370011624,0.01603705220321494,0.015562349616128124,-0.012302231296250743,0.002416282120359936,0.008813567080740103,0.01974529809793979,-0.00913763563677894,-0.028239202657807327,-0.0015186376346096875,0.00436772046589029,0.006778309409888328
2026-07-15,0.013604240282685476,0.003277062619503779,0.012060290237125626,-0.004210705780465451,-0.00576618918668903,-0.008155397095037986,0.006887045669554226,-0.0020161110712678676,-0.028278751223410392,0.03170028818443793,0.21282051282051273,0.059315643290694275,-0.004141644232760422,0.07326732673267333
2026-07-16,-0.09081401429318459,-0.008165848471595516,-0.03562556112418036,-0.01444112323040303,0.0003972443380748647,-0.03931835531201111,-0.0225718140155714,-0.02760948084540371,-0.021222234067310164,-0.013407821229050265,-0.02607470049330518,0.006460886619970241,-0.00603035974215016,-0.004059040590405849
2026-07-17,0.060774539877300526,0.04483851871264899,-0.007980470164737574,0.006799441201228662,-0.01207119021235692,0.022253422613478735,0.01854442706589743,0.02700833480996545,0.002504551014872014,0.007361268403170973,-0.00940665701881327,-0.0007132830638603149,0.00794979079497904,0.011856243052982496
2026-07-20,-0.002349539128863154,0.00897085116169083,0.0038926048131016078,-0.0005980766997166764,0.012700964445349072,0.018115334048770526,-0.017519793205668432,-0.0006743242706191976,0.013633605116396996,0.010680157391793177,-0.0007304601899196239,-0.0007137921997474317,0.017849730178497225,-0.012815818381545219
2026-07-21,0.015760869565217384,0.020185032289030014,0.02055055294619157,0.015160972517727744,0.03365619577954826,-0.00732650040122762,0.0017482918266857883,0.004048611393538293,0.03579101110299776,0.007230255839822064,-0.025584795321637377,0.015000002724783856,-0.005301794453507314,0.005934718100890191
2026-07-22,-0.049759229534510396,0.022612155059912098,0.011524869207962363,0.01861899802737299,-0.009215165310745732,-0.04609133227265716,0.020942388335015272,-0.009408625150942318,0.02012410879632176,0.02043070127001667,0.01650412603150797,0.006685451567472134,0.011070110701107083,0.04092920353982299
2026-07-23,-0.0050675675675675436,0.06172982261108917,-0.0003756905929578336,-0.02418669537473339,-0.022632209029555428,-0.02289594233300407,-0.003076944645888924,-0.003392143250424917,-0.03700495899831324,0.0043290043290042934,-0.01845018450184499,-0.01223349786798289,0.0036496350364962904,-0.013460857244066649
2026-07-24,0.014148273910582931,-0.031239882921610285,-0.01615723127883717,0.005189541712353307,0.0023791187519677237,0.01422105359819903,-0.015432043752590885,0.005445941434008006,0.014844767799989889,0.0005387931034481763,-0.012781954887218006,-0.010969549307560222,0.00848484848484854,-0.02621184919210051
2026-07-27,-0.0513392857142857,-0.07501956255061493,0.010057202488105155,0.0016963079403320425,0.003006337482545751,0.03425749017903845,-0.03622434332540514,-0.012863949097425054,-0.0031369018252613845,-0.026925148088314477,-0.041127189642041095,-0.02361358960273241,-0.03165064102564108,-0.026548672566371723
2026-07-28,0.019803921568627425,-0.04055197251386189,-0.0016384832293707685,-0.00937537149880352,-0.002681842208654861,0.04575568221246851,-0.037947242715373086,-0.0020575948647580944,-0.02011216796567661,0.014941892639734444,-0.003177124702144596,0.001099259006613229,0.002896152254861395,0.0037878787878788955
2026-07-29,-0.006152662949432841,0.06459746377986919,0.002146170570763717,0.030671666459501257,0.015501431378856623,-0.03771357696863331,0.022163792850971253,-0.003436439180715789,0.030438415204247393,0.0272628135223556,0.03665338645418337,-0.008784764780346288,-0.016914191419141966,-0.0037735849056603765
